NUM_OPER,FECHA_CORTE,DIASMORA,TARGET,particion,P_xgboost,P_lightgbm,P_ensemble,P_principal,score_if,flag_if,dist_cluster_riesgo,flag_kmeans,dist_nucleo_dbscan,flag_dbscan,votos_anomalia,MONTOCREDITO_log_est,MONTOCUOTA_log_est,SALDOCAPITAL_POR_VENCER_log_est,NUMERORENEGOCIACION_log_est,PLAZO_est,TASAINTERES_est,DIAS_MADURACION_est,DIAS_RESTANTES_est,PRODUCTO_COD_PROD_2_e,TIPOTASACOD_V_e,PERIOD_PAGO_OTROS_e,n_cortes,pendiente_mensual,en_mora,score_anomalia
46,2019-12-31,180,1,train,0.8377466,0.9994089974313883,0.9185778088048056,0.8377466,0.06443129703988093,1,2.5780492117506735,1,0.35392341387786036,0,2,0.5947035473879057,0.3000528948776357,-2.7716137493894437,0.0,0.31743249537065577,1.001157115582075,3.5700517506297538,-1.6034144268358592,1.0,1.0,0.0,17.0,0.09565059414936528,1,2.9281267685342387
51,2019-12-31,143,1,test,0.8377466,0.9997698248732008,0.9187582225257117,0.8377466,0.02218981226810679,1,2.345415327804396,1,1.3575015391084517,1,3,0.14995554505204067,0.11415853727138739,-2.7716137493894437,0.0,-0.08387232128203839,1.001157115582075,3.546523034036925,-1.9765716361934706,1.0,1.0,0.0,4.0,5.906285669987463e-17,1,3.944538766270515
54,2019-12-31,21,0,train,0.16819246,0.0034748431040305333,0.08583365211851689,0.16819246,-0.01140318591627898,0,7.804055292114358,0,1.156396234349553,1,1,0.9102649367018151,0.42827437464034335,0.1523096110320122,0.0,0.701289276516711,1.001157115582075,3.5229943174440956,-1.2092933293120895,1.0,1.0,0.0,32.0,-0.0008571658815651483,0,1.8800226372382571
136,2019-12-31,79,1,train,0.8377466,0.999767976152594,0.9187572981654084,0.8377466,0.028259462667088564,1,1.8376312372136536,1,0.9348711574594646,1,3,0.14995554505204067,0.0836608779616202,-2.7716137493894437,0.0,-0.07951031240537867,1.001157115582075,3.1818279268480745,-1.7774146986149701,1.0,1.0,0.0,6.0,0.02215782365154174,1,3.9456706281833616
178,2019-12-31,0,0,val,0.16819246,0.005025923061874548,0.08660919209743889,0.16819246,-0.16426180991399236,0,10.59382996145233,0,0.10766751003006371,0,0,0.7319956218526678,0.3888340680120867,-0.0030308517952724553,0.0,0.2847174287957079,1.001157115582075,3.032812721760157,-1.3476549912087321,1.0,1.0,0.0,8.0,-0.0004148015070483909,0,0.6525183927560837
189,2019-12-31,11,0,test,0.16819246,0.002298979702841229,0.08524572041792224,0.16819246,-0.08781658506946471,0,8.669943541721045,0,0.4003293246335495,0,0,0.5947035473879057,0.21984940990175397,0.180752797538479,0.0,0.7078322898317007,1.001157115582075,3.0171269106982708,-0.9325700055188046,1.0,1.0,0.0,10.0,-0.05803323090063059,0,0.8307866440294284
223,2019-12-31,977,1,train,0.8377466,0.9995833194031489,0.9186649697906858,0.8377466,0.13333388069778584,1,7.347864697139425,1,0.0,0,2,0.34993921892454616,0.3664925152817031,-2.7716137493894437,0.0,-0.10350136122700712,1.001157115582075,2.96222657198167,-1.6830772018672595,1.0,1.0,0.0,33.0,1.1174600471716701e-17,1,2.703735144312394
227,2019-12-31,0,0,train,0.17194256,0.0018218191085221727,0.08688219048668754,0.17194256,-0.06654385045063677,0,10.090660344849136,0,0.0,0,0,1.5241252397161609,0.892853759741873,0.4817326448443638,0.0,0.7121942987083604,1.001157115582075,2.9426193081543124,-0.8885458403698729,1.0,1.0,0.0,11.0,-0.09511486547338646,0,0.6041312959818902
231,2019-12-31,2,0,train,0.17194256,0.0019832684553041874,0.08696291516007855,0.17194256,-0.11723952214917632,0,9.805923471875138,0,0.0,0,0,1.585082211540115,0.9369645870732075,0.5014823907989542,0.0,0.6838412410100722,1.001157115582075,2.938697855388841,-0.9137025061692625,1.0,1.0,0.0,8.0,-0.00029153877229825696,0,0.5950764006791172
261,2019-12-31,0,0,train,0.24152173,0.035329000483478805,0.13842536575124945,0.24152173,-0.16381770127555328,0,10.37471757358625,0,0.0,0,0,0.5947035473879057,0.3894696818509573,-0.38177460741145847,0.0,-0.07951031240537867,-0.6692886183776768,2.8524258945484675,-1.6013180380192433,1.0,1.0,0.0,3.0,0.0016262345487563095,0,0.49490662139219016
269,2019-12-31,0,0,train,0.21274257,0.04433803864126562,0.12854030285182177,0.21274257,-0.010136133912414746,0,10.049878607111207,0,0.0,0,0,-0.09479964367748854,-0.10812215675989767,-0.6046303609134367,0.0,-0.08605332572036825,0.9285290401925196,2.8367400834865815,-1.5992216492026277,1.0,1.0,0.0,8.0,0.0463924974203363,0,0.6222410865874364
282,2019-12-31,0,0,train,0.32087103,0.08398813232248212,0.20242957882317497,0.32087103,-0.15724153758273973,0,10.433969189786463,0,0.0,0,0,0.03439001631167122,-0.014700733821403704,-0.5629324335601582,0.0,-0.09477734347368769,0.9285290401925196,2.8249757251901673,-1.6013180380192433,1.0,1.0,0.0,4.0,-0.0046753666258792055,0,0.4966044142614601
283,2019-12-31,0,0,train,0.22193344,0.05917735014534345,0.14055539475965673,0.22193344,-0.10268142930161106,0,10.11201577771253,0,0.0,0,0,0.9102649367018151,0.32526247756544785,0.44990711249459914,0.0,1.4973558965071099,-0.6692886183776768,2.8249757251901673,-0.07095420188971276,1.0,1.0,0.0,14.0,-0.0494283561194396,0,0.5826259196378042
317,2019-12-31,4,0,train,0.40880695,0.1513171605868365,0.2800620552203668,0.40880695,-0.04361362913172717,0,9.628304003875819,0,0.0,0,0,0.47913395649660273,0.017668170668379102,0.32368556588039465,0.0,1.510441923137089,-0.6692886183776768,2.7583110281771512,-0.022737259107549465,1.0,1.0,0.0,22.0,2.9535672978379697e-17,0,0.6262026032823996
334,2019-12-31,0,0,train,0.26581216,0.040407896231993305,0.15311002740829402,0.26581216,-0.21152422562563655,0,11.88080634272906,0,0.0,0,0,0.9102649367018151,0.32964611119040743,0.46331395069034625,0.0,1.508260918698759,-0.6692886183776768,2.730860858818851,-0.010158926207854692,1.0,1.0,0.0,4.0,0.0034872363298993066,0,0.18307866440294285
363,2019-12-31,381,1,val,0.8377466,0.9998534357218707,0.9188000279500467,0.8377466,0.14596224050096918,1,3.866583807267882,1,2.361972922716878,1,3,-1.1705150672121296,-0.5214992923370687,-2.7716137493894437,0.0,-0.8843009501490968,0.9285290401925196,2.6877248783986643,-2.2868371810526082,1.0,1.0,0.0,18.0,1.1174600471716701e-17,1,3.9592529711375213
368,2019-12-31,0,0,val,0.16810887,0.00741714155968691,0.08776300358919634,0.16810887,-0.16217985066724577,0,10.23021587147855,0,0.09147225955487019,0,0,0.9102649367018151,0.45258511169191024,0.3337676496642878,0.0,0.6903842543250618,-0.6692886183776768,2.672039067336778,-0.7648589001895411,1.0,1.0,0.0,4.0,0.00011789164545022876,0,0.692133559705716
378,2019-12-31,0,0,train,0.16810887,0.006774581692620139,0.08744172365566294,0.16810887,-0.1632689981233369,0,10.27627344698119,0,0.0,0,0,0.9102649367018151,0.45258511169191024,0.3337676496642878,0.0,0.6969272676400513,-0.6692886183776768,2.664196161805835,-0.754376956106462,1.0,1.0,0.0,8.0,3.85735602478562e-18,0,0.5045274476513866
414,2019-12-31,0,0,val,0.30329433,0.04227924563021591,0.17278678823277915,0.30329433,-0.15723215917510114,0,11.235619880511669,0,0.056375355719224654,0,0,0.03439001631167122,-0.01008784019702458,-0.41911228640858494,0.0,-0.10132035678867726,0.9285290401925196,2.640667445213006,-1.5090769300881484,1.0,1.0,0.0,3.0,-0.0057583174693669305,0,0.6049801924165252
423,2019-12-31,580,1,val,0.8377466,0.9998540397622317,0.9188003299702272,0.8377466,0.15353683433078613,1,6.117159746975752,1,1.2468884983305524,1,3,-0.6102990102508059,-0.11334159482632365,-2.7716137493894437,0.0,-0.882119945710767,0.9285290401925196,2.6328245396820633,-2.2553913488033714,1.0,1.0,0.0,20.0,1.1174600471716701e-17,1,3.944538766270515
462,2019-12-31,306,1,test,0.8377466,0.9998515211062542,0.9187990706422384,0.8377466,0.11268218498603766,1,2.74800849014153,1,0.762175492706311,1,3,-0.8550267838907901,-0.47627005234030695,-2.7716137493894437,0.0,-0.509168186756361,0.9285290401925196,2.5896885592618766,-1.8738485841792967,1.0,1.0,0.0,20.0,1.1174600471716701e-17,1,3.9496321448783247
526,2019-12-31,1,0,train,0.3235386,0.07437380147123686,0.19895620143485243,0.3235386,-0.16768633695917862,0,10.031148797751406,0,8.429369702178807e-08,0,0,0.5947035473879057,0.11908167213709975,0.3864978078458537,0.0,1.508260918698759,0.9285290401925196,2.5112595039524463,0.10723884752262985,1.0,1.0,0.0,6.0,0.005383265798196125,0,0.6491228070175438
531,2019-12-31,0,0,train,0.20091496,0.03627261922486521,0.11859379165236104,0.20091496,-0.16118270399872392,0,10.287510516254391,0,8.429369702178807e-08,0,0,0.14995554505204067,0.07925834195416176,-0.27964574375116674,0.0,-0.10568236566533698,0.9285290401925196,2.5112595039524463,-1.4440888767730586,1.0,1.0,0.0,25.0,-1.6649031783467385e-18,0,0.6174306734578381
533,2019-12-31,0,0,test,0.16864206,0.009137674047867165,0.08888986650820559,0.16864206,-0.17792489656838273,0,11.873744939607468,0,6.879844821961401e-05,0,0,0.14995554505204067,-0.08730788781357586,0.10914039262940704,0.0,0.7165563075850201,0.9285290401925196,2.507338051186975,-0.6516539040922881,1.0,1.0,0.0,6.0,-0.00016556863154935255,0,0.48443689869835876
538,2019-12-31,398,1,train,0.8377466,0.9990808219448319,0.9184137210615273,0.8377466,0.13735290222552898,1,4.536396905029748,1,0.5849814035534213,1,3,-0.09479964367748854,-0.025139206402786825,-2.7716137493894437,0.0,-0.09259633903535783,0.9285290401925196,2.503416598421503,-1.4273177662401324,1.0,1.0,0.0,25.0,1.1174600471716701e-17,1,3.9326542161856253
543,2019-12-31,0,0,train,0.16864206,0.0072037791983220875,0.08792291908343304,0.16864206,-0.15939621182396257,0,10.139854685373765,0,8.429369702178807e-08,0,0,0.14995554505204067,-0.006453549333138868,0.02481416537013114,0.0,0.3217945042473155,0.9285290401925196,2.4994951456560317,-1.0269075022665155,1.0,1.0,0.0,6.0,-8.439651529500242e-05,0,0.6417657045840407
612,2019-12-31,0,0,train,0.18269268,0.02314579706532715,0.1029192369239676,0.18269268,-0.16233216737203687,0,11.238574888528936,0,0.0,0,0,0.14995554505204067,0.08453847084349815,-0.2004244609190262,0.0,-0.10132035678867726,0.9285290401925196,2.4406733541739594,-1.4021611004407428,1.0,1.0,0.0,3.0,-0.001447031721931046,0,0.42303338992642897
613,2019-12-31,0,0,train,0.21121049,0.0381242050291306,0.12466734715110095,0.21121049,-0.1562367647453905,0,11.868330583407765,0,2.1073424255447017e-08,0,0,-0.09479964367748854,-0.0923237269675432,-0.27999735832525785,0.0,-0.1100443745419967,0.9285290401925196,2.4406733541739594,-1.410546655707206,1.0,1.0,0.0,5.0,0.000843989857954413,0,0.5005659309564233
636,2019-12-31,33,1,train,0.5569096,0.4262209176234574,0.49156526919266436,0.5569096,-0.07738863721259409,0,7.937846728586606,0,0.0,0,0,0.9102649367018151,0.3570114610466063,0.5123909023192492,0.0,1.508260918698759,0.9285290401925196,2.401458826519244,0.16593773438787213,1.0,1.0,0.0,4.0,0.016180948768274556,1,0.6301641199773628
662,2019-12-31,0,0,train,0.16864206,0.008761238903863074,0.08870164893620354,0.16864206,-0.18637143197324413,0,10.468064085011694,0,0.0,0,0,0.14995554505204067,-0.001368830215965356,0.05571916338591857,0.0,0.3217945042473155,0.9285290401925196,2.3740086571609433,-0.95982306013481,1.0,1.0,0.0,5.0,-3.605520639934359e-05,0,0.44680249009620826
675,2019-12-31,0,0,train,0.49349257,0.3460178982457885,0.419755235872734,0.49349257,-0.15502645121468273,0,10.1130491153231,0,0.0,0,0,0.9102649367018151,0.3520911623003084,0.5007424692304042,0.0,1.508260918698759,0.9285290401925196,2.362244298864529,0.18690162255403006,1.0,1.0,0.0,20.0,-0.012945623908711762,0,0.546406338426712
705,2019-12-31,174,1,train,0.8377466,0.9989622691682368,0.9183544446732297,0.8377466,0.04157042840665082,1,2.511792108209244,1,0.4126760510860929,0,2,0.14995554505204067,0.12180655391475324,-2.7716137493894437,0.0,-0.10350136122700712,0.9285290401925196,2.315186865678871,-1.337173047125653,1.0,1.0,0.0,11.0,1.1174600471716701e-17,1,2.926428975664969
715,2019-12-31,138,1,train,0.8377466,0.9995132529549837,0.9186299365666032,0.8377466,0.11260487430272803,1,2.7080900279860844,1,0.5493552911294013,1,3,1.6706017496094516,0.9156972302798105,-2.7716137493894437,0.0,1.49517489206878,-0.6692886183776768,2.3073439601479278,0.20367273308695644,1.0,1.0,0.0,13.0,1.1174600471716701e-17,1,3.942840973401245
730,2019-12-31,584,1,val,0.8377466,0.9979077431216422,0.9178271816499324,0.8377466,0.14380256673064262,1,6.140878160018853,1,0.7143994293897776,1,3,-0.09479964367748854,-0.16177425100065018,-2.7716137493894437,0.0,0.7121942987083604,0.9285290401925196,2.2877366963205703,-0.5384489079950351,1.0,1.0,0.0,25.0,1.1174600471716701e-17,1,3.9309564233163554
735,2019-12-31,0,0,train,0.1724001,0.0096950046419233,0.09104755333061665,0.1724001,-0.16950259578714455,0,10.206727618541565,0,8.429369702178807e-08,0,0,0.5947035473879057,0.2442836516853023,0.29634696177652514,0.0,0.6838412410100722,0.9285290401925196,2.2877366963205703,-0.5657019626110404,1.0,1.0,0.0,5.0,-1.1619296654649977e-18,0,0.6129032258064516
739,2019-12-31,46,1,train,0.8377466,0.9986251952061271,0.9181859076921749,0.8377466,-0.017778340619447497,0,6.395866034267438,0,1.8421528307092916,1,1,0.6654960381144984,0.3059688939926784,-2.7716137493894437,0.0,0.6860222454484021,0.9285290401925196,2.283815243555099,-0.5615091849778089,1.0,1.0,0.0,10.0,0.09504950259401629,1,1.8930390492359934
744,2019-12-31,62,1,train,0.8377466,0.9996412607813734,0.918693940479798,0.8377466,0.0453748300631136,1,2.8149557673873105,1,0.6270021979085084,1,3,0.9102649367018151,0.36608849207648536,-2.7716137493894437,0.0,1.510441923137089,0.9285290401925196,2.2759723380241557,0.23511856533619335,1.0,1.0,0.0,15.0,0.02800561359947527,1,3.9275608375778153
761,2019-12-31,1,0,train,0.17210318,0.004911702750704013,0.0885074421160327,0.17210318,-0.13887207791500966,0,9.96065139834363,0,0.0,0,0,1.3365948724039711,0.9515871344001364,0.30330332703337193,0.0,-0.08823433015869811,-0.6692886183776768,2.2642079797277415,-1.2952452707933373,1.0,1.0,0.0,13.0,1.2820539779718718e-17,0,0.5775325410299944
764,2019-12-31,255,1,test,0.8377466,0.9990019767985522,0.9183742984883874,0.8377466,0.0931195719280451,1,2.857077123822046,1,0.46815224331981703,0,2,0.03439001631167122,0.053488565161692016,-2.7716137493894437,0.0,-0.11222537898032657,0.9285290401925196,2.2602865269622696,-1.3162091589594953,1.0,1.0,0.0,13.0,1.1174600471716701e-17,1,2.932088285229202
774,2019-12-31,101,1,train,0.8377466,0.9997609369407755,0.918753778559499,0.8377466,0.06455228209520081,1,1.6090051475058382,1,0.0,0,2,-0.8550267838907901,-0.49324986252523667,-2.7716137493894437,0.0,-0.5113491911946909,0.9285290401925196,2.256365074196798,-1.69775192358357,1.0,1.0,0.0,25.0,0.09098693515577819,1,2.7337294850028298
777,2019-12-31,1,0,test,0.22075157,0.09167287766344503,0.1562122231692431,0.22075157,-0.16298807665059184,0,10.035755909624875,0,0.06614833855345706,0,0,1.0148127125095976,0.4224330624895374,0.5462439306123722,0.0,1.4973558965071099,-0.6692886183776768,2.252443621431327,0.23511856533619335,1.0,1.0,0.0,3.0,0.002495034382894026,0,0.7238256932654217
792,2019-12-31,605,1,train,0.8377466,0.9998515211062542,0.9187990706422384,0.8377466,0.15866904627575862,1,6.162380040909789,1,1.431383816363491,1,3,-1.1705150672121296,-0.4918350974409448,-2.7716137493894437,0.0,-0.8908439634640865,0.9285290401925196,2.2367578103694408,-2.0520416335916396,1.0,1.0,0.0,21.0,1.1174600471716701e-17,1,3.9496321448783247
800,2019-12-31,0,0,test,0.16864206,0.006211278644006773,0.08742666880627539,0.16864206,-0.15929778716129372,0,10.182398764315465,0,0.11027688762327353,0,0,0.14995554505204067,-0.016628096570014777,-0.06267637116399274,0.0,0.28689843323403774,0.9285290401925196,2.2328363576039694,-0.9178952838024941,1.0,1.0,0.0,16.0,3.6421533812323355e-18,0,0.7108092812676853
834,2019-12-31,0,0,val,0.20091496,0.018193478168549347,0.10955422112420311,0.20091496,-0.16220150567608305,0,10.238985483618118,0,0.061967230698713995,0,0,0.14995554505204067,0.09507595759753726,-0.08094734397359739,0.0,-0.10568236566533698,0.9285290401925196,2.193621829949254,-1.2742813826271793,1.0,1.0,0.0,5.0,0.000760403585971862,0,0.6847764572722128
846,2019-12-31,0,0,val,0.21121049,0.038211465884355235,0.12471097757871326,0.21121049,-0.15694052330238822,0,11.38294333408398,0,0.010960900874568004,0,0,-0.09479964367748854,-0.0818165909108649,-0.16015528605532645,0.0,-0.11222537898032657,0.9285290401925196,2.1818574716528394,-1.2742813826271793,1.0,1.0,0.0,3.0,0.0002924349344824162,0,0.5772495755517827
849,2019-12-31,0,0,train,0.17462453,0.014495335408071758,0.09455993393461908,0.17462453,-0.15817808967056218,0,10.195198547145578,0,8.429369702178807e-08,0,0,0.14995554505204067,-0.19323873111610035,0.2661489070139496,0.0,1.4886318787537904,0.9285290401925196,2.177936018887368,0.2665643975854303,1.0,1.0,0.0,8.0,-0.0016266618456150053,0,0.6338426711941142
860,2019-12-31,0,0,test,0.16857491,0.002461787923090208,0.08551835112964737,0.16857491,-0.16779488536229203,0,10.225501675730149,0,0.2478439269505054,0,0,-0.09479964367748854,-0.30493088536067664,-0.2508892189663685,0.0,0.6882032498867319,0.9285290401925196,2.1661716605909533,-0.4965211316627192,1.0,1.0,0.0,20.0,1.4934318484962878e-17,0,0.699490662139219
876,2019-12-31,0,0,val,0.16864206,0.005490077139351854,0.08706606805394793,0.16864206,-0.18839240964332699,0,10.438916210827323,0,0.02723707431236047,0,0,0.14995554505204067,-0.07254741907738589,0.1715350116863245,0.0,0.7100132942700305,0.9285290401925196,2.1504858495290673,-0.4671716882300981,1.0,1.0,0.0,4.0,-0.0012185259891112517,0,0.6123372948500283
883,2019-12-31,0,0,train,0.21426854,0.007843706474017165,0.11105612092480613,0.21426854,-0.17743845037478606,0,10.36541617316764,0,0.0,0,0,0.14995554505204067,0.10030628575113837,-0.03352633668916442,0.0,-0.07732930796704882,0.9285290401925196,2.1426429439981245,-1.2197752733951686,1.0,1.0,0.0,1.0,,0,0.47962648556876064
887,2019-12-31,1,0,train,0.16864206,0.005490077139351854,0.08706606805394793,0.16864206,-0.16715154463356235,0,9.954445986417005,0,0.0,0,0,0.14995554505204067,-0.06782021905208657,0.18975366424894266,0.0,0.7034702809550409,0.9285290401925196,2.138721491232653,-0.4671716882300981,1.0,1.0,0.0,25.0,-0.0009663539273392912,0,0.543010752688172
927,2019-12-31,0,0,train,0.19286261,0.026260912877711245,0.10956176393349597,0.19286261,-0.15888349863633905,0,10.120703769642374,0,0.0,0,0,0.09369392241592259,-0.031868275631495316,0.09227019165724812,0.0,0.2934414465490273,0.9285290401925196,2.0877426052815236,-0.8340397311378622,1.0,1.0,0.0,25.0,1.1320283420921763e-17,0,0.5384833050367855
941,2019-12-31,0,0,train,0.24290538,0.0862409011589437,0.16457313975030924,0.24290538,-0.153626642751512,0,10.190248006639685,0,8.429369702178807e-08,0,0,0.9102649367018151,0.3611273348253897,0.5236695230150928,0.0,1.479907861000471,0.9285290401925196,2.060292435923223,0.321070506817441,1.0,1.0,0.0,5.0,0.0038858858275323672,0,0.6428975664968873
956,2019-12-31,35,1,val,0.24202909,0.11856394298797467,0.18029651437166144,0.24202909,-0.047051763978575356,0,7.919077153614644,0,0.08636306922191957,0,0,1.355031219647758,0.6820550615552531,0.6866746076366346,0.0,1.5017179053837695,-0.6692886183776768,2.0367637193303936,0.3546127278832937,1.0,1.0,0.0,9.0,-0.0037942379713077497,1,0.821165817770232
957,2019-12-31,4,0,val,0.1724001,0.01544345583578735,0.09392177892754867,0.1724001,-0.1138815366335022,0,9.6115037426437,0,0.16215025786236437,0,0,0.9102649367018151,0.4871763896285297,0.4532983272274149,0.0,0.7056512853933707,0.9285290401925196,2.032842266564922,-0.4084728013648558,1.0,1.0,0.0,4.0,-8.97067275591988e-19,0,0.7934352009054896
958,2019-12-31,0,0,test,0.20091496,0.02300306196541657,0.11195901302263672,0.20091496,-0.18155957444708337,0,10.630657554166245,0,0.0745480236645135,0,0,0.14995554505204067,0.10030628575113837,-0.03379172345764698,0.0,-0.11222537898032657,0.9285290401925196,2.032842266564922,-1.194618607595779,1.0,1.0,0.0,4.0,0.00020011681367736812,0,0.6236559139784946
961,2019-12-31,30,0,train,0.21426854,0.024994229296129086,0.1196313823358621,0.21426854,-0.08963831296010555,0,7.897388233250695,0,0.0,0,0,0.14995554505204067,0.11167225925995189,0.04572433084366399,0.0,-0.07951031240537867,0.9285290401925196,2.032842266564922,-1.1631727753465422,1.0,1.0,0.0,6.0,-0.00043648782257832105,0,0.6279003961516695
964,2019-12-31,0,0,train,0.20091496,0.022029311784268688,0.11147213793206279,0.20091496,-0.18131593876131008,0,10.870378495434252,0,4.2146848510894035e-08,0,0,0.34993921892454616,0.24504576903675843,0.03124593877136527,0.0,-0.10786337010366684,0.9285290401925196,2.0289208137994508,-1.1883294411459318,1.0,1.0,0.0,6.0,0.00020500672299720094,0,0.5268817204301075
968,2019-12-31,0,0,train,0.56497794,0.2878315970634421,0.4264047704803447,0.56497794,-0.17891615770338082,0,10.32755393209203,0,8.429369702178807e-08,0,0,0.9102649367018151,0.3656265000361675,0.5346010920437231,0.0,1.5148039320137487,0.9285290401925196,2.0289208137994508,0.3713838384162201,1.0,1.0,0.0,4.0,0.015465860667917402,0,0.590265987549519
972,2019-12-31,0,0,train,0.21426854,0.020611081482355322,0.11743980842897521,0.21426854,-0.17712149964803847,0,11.147236431601131,0,0.0,0,0,0.14995554505204067,0.10568933094450501,0.008304145591505012,0.0,-0.07951031240537867,0.9285290401925196,2.0289208137994508,-1.1610763865299263,1.0,1.0,0.0,3.0,0.0011920258076757594,0,0.4117147707979627
973,2019-12-31,26,0,test,0.1724001,0.01544345583578735,0.09392177892754867,0.1724001,0.03347405275949267,1,7.795107470108395,0,0.2687741811805947,0,1,0.9102649367018151,0.4922838202005959,0.46982474868204954,0.0,0.7143753031466902,0.9285290401925196,2.0132350027375647,-0.3896053020153137,1.0,1.0,0.0,16.0,0.05702970155648864,0,1.8788907753254103
1007,2019-12-31,0,0,train,0.18269268,0.010988162111762545,0.09684041944718529,0.18269268,-0.16483193092892956,0,10.24879083266333,0,8.429369702178807e-08,0,0,0.14995554505204067,0.10552916900852476,0.008304145591505012,0.0,-0.08823433015869811,0.9285290401925196,1.9818633806137926,-1.144305275997,1.0,1.0,0.0,3.0,-0.0017741088050235527,0,0.6123372948500282
1012,2019-12-31,0,0,val,0.16810887,0.006549550505886961,0.08732920806229635,0.16810887,-0.15786291821728848,0,10.211436646467165,0,0.09754564637254401,0,0,1.1550365774457623,0.6574696750468604,0.5325768585531642,0.0,0.6947462632017215,-0.6692886183776768,1.977941927848321,-0.3896053020153137,1.0,1.0,0.0,3.0,-0.02462805999615842,0,0.7034521788341822
1018,2019-12-31,87,1,val,0.8377466,0.998910958096701,0.9183287891374619,0.8377466,0.0605476061436262,1,1.2759820853115829,1,0.45147628846761473,0,2,0.14995554505204067,0.12337436858803606,-2.7716137493894437,0.0,-0.1100443745419967,0.9285290401925196,1.962256116786435,-1.154787220080079,1.0,1.0,0.0,19.0,0.09351553874361122,1,2.9468024900962084
1026,2019-12-31,420,1,train,0.8377466,0.9986497623952272,0.918198191286725,0.8377466,0.1354017885401978,1,4.893743212302227,1,0.0,0,2,0.14995554505204067,0.0013744270613439634,-2.7716137493894437,0.0,0.6838412410100722,0.9285290401925196,1.954413211255492,-0.38750891319869785,1.0,1.0,0.0,23.0,1.1174600471716701e-17,1,2.714487832484437
1053,2019-12-31,564,1,val,0.8377466,0.9990353671086413,0.918390993643432,0.8377466,0.14284521980543452,1,6.166191533465685,1,0.3758383205454245,0,2,-0.09479964367748854,0.023134706981232555,-2.7716137493894437,0.0,-0.1100443745419967,0.9285290401925196,1.9230415891317199,-1.133823331913921,1.0,1.0,0.0,19.0,1.1174600471716701e-17,1,2.9162422184493493
1085,2019-12-31,0,0,test,0.21596128,0.019704078586755006,0.1178326780358244,0.21596128,-0.17785331216669792,0,10.576049533078189,0,0.056564412617536496,0,0,-0.09479964367748854,-0.06622861971259755,-0.03350715978435613,0.0,-0.08169131684370853,0.9285290401925196,1.8955914197734194,-1.091895555581605,1.0,1.0,0.0,4.0,-0.00013414639772087912,0,0.6287492925863044
1087,2019-12-31,0,0,train,0.20541635,0.008823668639004951,0.10712001009789145,0.20541635,-0.15560887081404695,0,10.200557660238443,0,0.0,0,0,-0.6102990102508059,-0.43842754631591907,-0.2004142356465007,0.0,-0.08169131684370853,0.9285290401925196,1.8955914197734194,-1.091895555581605,1.0,1.0,0.0,4.0,0.0012942590594228337,0,0.5277306168647425
1092,2019-12-31,56,1,train,0.8377466,0.9990645148862305,0.9184055675322266,0.8377466,-0.02611184984521997,0,4.935035527988222,1,1.9364382784216585,1,2,-0.028304092197068656,-0.006484278801489248,-2.7716137493894437,0.0,-0.09041533459702797,0.9285290401925196,1.8799056087115333,-1.091895555581605,1.0,1.0,0.0,3.0,0.019469732064433146,1,2.899830220713073
1111,2019-12-31,0,0,train,0.2722274,0.0211013931700815,0.14666439983592577,0.2722274,0.03995163899773668,1,10.014458598846753,0,0.5837687666230981,1,2,0.14995554505204067,-0.16465537598111504,-1.2989907175984496,0.0,0.701289276516711,0.9285290401925196,1.8720627031805903,-0.3267136375168398,1.0,1.0,0.0,6.0,-0.0807884590965391,0,2.869835880022637
1115,2019-12-31,0,0,train,0.20083807,0.012896890045584117,0.10686748206684037,0.20083807,-0.14707472166454272,0,10.172751836416895,0,0.0,0,0,-0.6102990102508059,-0.32558348425560274,-0.4609460957705572,0.0,-0.4917201512497221,0.9285290401925196,1.868141250415119,-1.471341931389064,1.0,1.0,0.0,13.0,0.004062134878973735,0,0.5435766836445954
1127,2019-12-31,0,0,train,0.1724001,0.01544345583578735,0.09392177892754867,0.1724001,-0.16695030602710248,0,10.2263254173507,0,8.429369702178807e-08,0,0,0.9102649367018151,0.4920210113707594,0.46982474868204954,0.0,0.6925652587633916,0.9285290401925196,1.8642197976496473,-0.3309064151500714,1.0,1.0,0.0,3.0,-3.806829125014911e-05,0,0.6129032258064516
1137,2019-12-31,0,0,test,0.16864206,0.004567000517973121,0.08660452974325857,0.16864206,-0.1762350383582053,0,11.388748627033834,0,0.0011389207974856674,0,0,0.14995554505204067,-0.05805567210907323,0.22360717276485376,0.0,0.6882032498867319,0.9285290401925196,1.8485339865877612,-0.3267136375168398,1.0,1.0,0.0,3.0,-7.062943332524902e-05,0,0.5314091680814941
1138,2019-12-31,0,0,val,0.21426854,0.035803060086353956,0.12503579773097453,0.21426854,-0.015953960028179393,0,10.030718146148642,0,0.36807192878378414,0,0,0.5947035473879057,0.4325698702931272,0.18973831953176098,0.0,-0.07951031240537867,0.9285290401925196,1.8485339865877612,-1.0646425009655998,1.0,1.0,0.0,23.0,-0.159951634917852,0,0.8302207130730052
1141,2019-12-31,0,0,val,0.24659467,0.06571750724804838,0.15615608734137038,0.24659467,-0.1786881733846608,0,11.246372530244654,0,0.03658508029058105,0,0,0.7946933146278521,0.5774291439134672,0.25430479474933615,0.0,-0.1100443745419967,0.9285290401925196,1.8446125338222898,-1.091895555581605,1.0,1.0,0.0,1.0,,0,0.5681946802490097
1156,2019-12-31,0,0,train,0.20083807,0.012294400641940359,0.1065662373650185,0.20083807,-0.0826535401974432,0,10.103690482191476,0,8.429369702178807e-08,0,0,-0.7258523542531364,-0.5216753730410767,-0.23781170466169724,0.0,-0.10786337010366684,0.9285290401925196,1.8171623644639892,-1.0751244450486788,1.0,1.0,0.0,18.0,-0.08946363457614813,0,0.7051499717034521
1160,2019-12-31,202,1,train,0.8377466,0.9989705314701318,0.9183585758241772,0.8377466,0.06801791632622867,1,2.625025796490719,1,0.3199728291638673,0,2,0.14995554505204067,0.14622408474913431,-2.7716137493894437,0.0,-0.11222537898032657,0.9285290401925196,1.8132409116985178,-1.0772208338652944,1.0,1.0,0.0,11.0,1.1174600471716701e-17,1,2.9275608375778153
1169,2019-12-31,0,0,train,0.22108944,0.0032203309221145284,0.11215488426303251,0.22108944,-0.16313836117112024,0,11.238961160629696,0,0.0,0,0,-0.6102990102508059,-0.4332629410925314,-0.1665740474416128,0.0,-0.07732930796704882,0.9285290401925196,1.7975551006366317,-1.0352930575329786,1.0,1.0,0.0,2.0,5.503122716598265e-18,0,0.42133559705715906
1184,2019-12-31,0,0,train,0.1724001,0.005413180238513222,0.08890664112891161,0.1724001,-0.0702792326190308,0,10.117805632733406,0,0.0,0,0,0.14995554505204067,-0.0533157213711815,0.23939641166026882,0.0,0.7165563075850201,0.9285290401925196,1.7818692895747457,-0.2638219730183659,1.0,1.0,0.0,18.0,6.6135767687549656e-18,0,0.5945104697226938
1194,2019-12-31,0,0,test,0.16864206,0.007161446342144297,0.08790175265534415,0.16864206,-0.18221635413264337,0,11.150781818836128,0,0.011596045589337103,0,0,0.34993921892454616,0.16338795593091132,0.22268529132831533,0.0,0.2847174287957079,0.9285290401925196,1.777947836809274,-0.6768105698916776,1.0,1.0,0.0,4.0,-0.00020969359483983204,0,0.5602716468590833
1197,2019-12-31,4,0,train,0.20083807,0.013217493210410759,0.1070277836492537,0.20083807,0.029378167681151424,1,9.431793742255632,0,2.0020093270999992,1,2,-0.6102990102508059,-0.32009642814908906,-0.381761830892162,0.0,-0.4982631645647117,0.9285290401925196,1.777947836809274,-1.429414155056748,1.0,1.0,0.0,18.0,-0.16377648328022798,0,2.9066213921901527
1202,2019-12-31,0,0,train,0.42919406,0.2166319431116351,0.32291300302993103,0.42919406,-0.09320196063471747,0,10.108308783887967,0,0.0,0,0,0.9102649367018151,0.3745111717282628,0.5555041609884166,0.0,1.5060799142604293,0.9285290401925196,1.7661834785128596,0.5034563338630151,1.0,1.0,0.0,6.0,0.014486599443689364,0,0.5877192982456141
1205,2019-12-31,421,1,train,0.8377466,0.9991614985117799,0.9184540593450012,0.8377466,0.13254004976046296,1,4.991763348491867,1,3.371747880871523e-07,0,2,0.5947035473879057,0.2062285448240865,-2.7716137493894437,0.0,1.5038989098220994,0.9285290401925196,1.762262025747388,0.5034563338630151,1.0,1.0,0.0,15.0,1.1174600471716701e-17,1,2.8324844368986986
1220,2019-12-31,4,0,train,0.24290538,0.05487903944392806,0.14889220889280144,0.24290538,-0.14173954828296326,0,9.619738392839292,0,8.429369702178807e-08,0,0,0.9102649367018151,0.3744350019305544,0.5555041609884166,0.0,1.479907861000471,0.9285290401925196,1.754419120216445,0.484588834513473,1.0,1.0,0.0,6.0,0.003530347132232917,0,0.6932654216185625
1221,2019-12-31,0,0,train,0.24645115,0.06434062018823225,0.15539588726973336,0.24645115,-0.18147332854904347,0,11.155019898140296,0,0.0,0,0,0.5947035473879057,0.14614798352257027,0.4533019812124629,0.0,1.4995369009454396,0.9285290401925196,1.754419120216445,0.5034563338630151,1.0,1.0,0.0,4.0,0.0032007686631454293,0,0.4020939445387663
1223,2019-12-31,2,0,train,0.21121049,0.03312084071069855,0.12216566499188491,0.21121049,-0.14798811816915924,0,9.697565288858558,0,0.0,0,0,-0.09479964367748854,-0.061176530932455404,0.00033964836761228736,0.0,-0.10786337010366684,0.9285290401925196,1.754419120216445,-1.041582223982826,1.0,1.0,0.0,4.0,-0.0005989149212951972,0,0.5758347481607244
1224,2019-12-31,0,0,train,0.16864206,0.008033316221363395,0.0883376875949537,0.16864206,-0.12919572737523405,0,10.064907660774125,0,0.0,0,0,0.14995554505204067,-0.0012772358333392778,0.02806207562209847,0.0,0.2999844598640169,0.9285290401925196,1.7504976674509736,-0.6474611264590565,1.0,1.0,0.0,23.0,3.6421533812323355e-18,0,0.5792303338992643
1227,2019-12-31,0,0,train,0.20083807,0.01967862768984052,0.11025835088896857,0.20083807,-0.15675641877806545,0,11.235078002801544,0,0.0,0,0,-0.6102990102508059,-0.32567525639229594,-0.46378338672962627,0.0,-0.5113491911946909,0.9285290401925196,1.7426547619200305,-1.4231249886069008,1.0,1.0,0.0,7.0,0.0012048748570829915,0,0.4343520090548953
1286,2019-12-31,0,0,val,0.19598904,0.009191391057263765,0.10259021678889342,0.19598904,-0.20677252162676907,0,11.389384132367674,0,0.0012700547054559364,0,0,0.14995554505204067,-0.06097906166792249,0.23939641166026882,0.0,0.7121942987083604,-0.6692886183776768,1.6720686121415433,-0.20931586378635525,1.0,1.0,0.0,6.0,0.0015135796229103012,0,0.4385964912280702
1290,2019-12-31,0,0,train,0.18763977,0.014468480415649224,0.10105412665382375,0.18763977,0.027316680145588967,1,10.044649455774932,0,0.0,0,1,0.5947035473879057,0.43840783126896926,0.2545023530743526,0.0,-0.07951031240537867,-0.6692886183776768,1.660304253845129,-0.9640158377680416,1.0,1.0,0.0,18.0,-0.0934696452958697,0,1.6460101867572157
1291,2019-12-31,164,1,train,0.8377466,0.9985980150714348,0.9181723176248286,0.8377466,0.03804969954334225,1,2.4165746490420994,1,2.384185791015625e-07,0,2,0.5947035473879057,0.28753529164506536,-2.7716137493894437,0.0,0.6838412410100722,-0.6692886183776768,1.660304253845129,-0.2302797519525132,1.0,1.0,0.0,9.0,0.0904915884538848,1,2.8361629881154498
1295,2019-12-31,27,0,train,0.16810887,0.007663310560220465,0.0878860880894631,0.16810887,-0.04321111716178516,0,7.887686047142365,0,0.0,0,0,0.9102649367018151,0.4982720001568946,0.515238418042142,0.0,0.7143753031466902,-0.6692886183776768,1.660304253845129,-0.20093030851989208,1.0,1.0,0.0,11.0,3.85735602478562e-18,0,0.6443123938879457
1298,2019-12-31,56,1,train,0.8377466,0.9982889083704408,0.9180177642743317,0.8377466,0.0011889529177638858,1,2.8672956755843004,1,0.0,0,2,0.9102649367018151,0.6764715862457346,-2.7716137493894437,0.0,-0.08169131684370853,-0.6692886183776768,1.6563828010796573,-0.9640158377680416,1.0,1.0,0.0,6.0,0.019973924526795556,1,2.6867572156196946
1306,2019-12-31,177,1,train,0.8377466,0.999443962865186,0.9185952915217044,0.8377466,0.0935625592561582,1,2.3389000109418836,1,0.8774141349049203,1,3,-0.8550267838907901,-0.46482012430418507,-2.7716137493894437,0.0,-0.478634124619743,-0.6692886183776768,1.652461348314186,-1.3434622135755006,1.0,1.0,0.0,19.0,0.09320444081515519,1,3.9592529711375213
1317,2019-12-31,0,0,train,0.19598904,0.010083602488888014,0.10303632250470554,0.19598904,-0.20736652716797443,0,10.709589747513002,0,0.0,0,0,0.14995554505204067,-0.06111070240127887,0.23878059795957035,0.0,0.6991082720783812,-0.6692886183776768,1.6446184427832429,-0.20721947496973947,1.0,1.0,0.0,4.0,0.001374580760292826,0,0.3494623655913978
1319,2019-12-31,0,0,val,0.2078704,0.010593378382206807,0.10923188618683857,0.2078704,-0.19477751345643407,0,11.145460568891249,0,0.013382202934016672,0,0,-0.6102990102508059,-0.4325278680781517,-0.1356786013669361,0.0,-0.09695834791201755,-0.6692886183776768,1.6446184427832429,-0.9724013930345048,1.0,1.0,0.0,1.0,,0,0.5291454442558008
1346,2019-12-31,1,0,train,0.29262108,0.1430746086222933,0.2178478423646592,0.29262108,-0.07639050872505454,0,9.95147328694239,0,0.2906088817487837,0,0,1.915378874851755,1.0960888245175695,0.8910391947075523,0.0,1.479907861000471,-0.6692886183776768,1.6210897261904138,0.5558660542784101,1.0,1.0,0.0,5.0,0.005353464655679983,0,0.8126768534238823
1363,2019-12-31,56,1,test,0.8377466,0.9994979726677043,0.9186222964229636,0.8377466,0.011407323277541681,1,3.238659246317315,1,0.524483414900866,1,3,-0.6102990102508059,-0.14719288486310525,-2.7716137493894437,0.0,-0.9017489856557357,-0.6692886183776768,1.6171682734249422,-1.7312941446494228,1.0,1.0,0.0,6.0,0.018821710387618193,1,3.904923599320883
1372,2019-12-31,0,0,val,0.17210318,0.018806508600278774,0.09545484504082008,0.17210318,-0.2016206303574336,0,10.57892224231827,0,0.0516461795857763,0,0,0.14995554505204067,0.11653176137422099,0.11048126222829698,0.0,-0.10350136122700712,-0.6692886183776768,1.5975610095975847,-0.9535338936849627,1.0,1.0,0.0,4.0,0.0002739389871692694,0,0.55800792303339
1387,2019-12-31,480,1,test,0.8377466,0.9987558556575711,0.9182512379178969,0.8377466,0.15396536300213104,1,5.434744333168255,1,0.7377987906748019,1,3,-0.4103336142467955,-0.3118910134407737,-2.7716137493894437,0.0,0.2847174287957079,-0.6692886183776768,1.5936395568321131,-0.5782802955107352,1.0,1.0,0.0,18.0,1.1174600471716701e-17,1,3.9400113186191286
1388,2019-12-31,0,0,train,0.19598904,0.011991501347610282,0.10399027193406668,0.19598904,-0.19444113026145354,0,10.36341997420438,0,0.0,0,0,0.14995554505204067,-0.056483457771956694,0.2545137199951822,0.0,0.6838412410100722,-0.6692886183776768,1.5936395568321131,-0.19464114207004468,1.0,1.0,0.0,2.0,0.0016355020435230435,0,0.4400113186191285
1408,2019-12-31,0,0,train,0.2044821,0.01913570635626384,0.11180889990483556,0.2044821,-0.19461238777549916,0,11.255060901337238,0,0.0,0,0,1.355031219647758,0.8158401987322738,0.6447836860726346,0.0,0.6838412410100722,-0.6692886183776768,1.562267934708341,-0.17787003153711833,1.0,1.0,0.0,7.0,0.0018256944514104124,0,0.35342388228636107
1434,2019-12-31,117,1,test,0.8377466,0.9986967108032604,0.9182216654907416,0.8377466,0.045466129300297364,1,1.4699966080335105,1,0.8024790817405023,1,3,-0.24126048503595285,-0.14258561565759081,-2.7716137493894437,0.0,-0.08169131684370853,-0.6692886183776768,1.5348177653500406,-0.899027784452952,1.0,1.0,0.0,8.0,0.041990804213723185,1,3.953593661573288
1443,2019-12-31,0,0,train,0.24892248,0.037076678076860124,0.1429995801048859,0.24892248,-0.16353659973409018,0,10.171599545596866,0,0.0,0,0,-0.24126048503595285,-0.1614755104566202,0.012251336465305027,0.0,-0.07951031240537867,-0.6692886183776768,1.5191319542881545,-0.8885458403698729,1.0,1.0,0.0,7.0,-0.015535204325394835,0,0.5226372382569328
1444,2019-12-31,574,1,train,0.8377466,0.9995047063165472,0.9186256632473849,0.8377466,0.14939111556619733,1,6.507908902265409,1,0.0,0,2,1.2793504650033731,0.7147079830901382,-2.7716137493894437,0.0,1.5017179053837695,-0.6692886183776768,1.5191319542881545,0.6313360516765787,1.0,1.0,0.0,18.0,1.1174600471716701e-17,1,2.7099603848330505
1451,2019-12-31,0,0,train,0.16810887,0.004823093158187022,0.08646597938844638,0.16810887,-0.10239557573145297,0,10.093979112106938,0,8.429369702178807e-08,0,0,0.5947035473879057,0.26959936435272774,0.4130426083492194,0.0,0.701289276516711,-0.6692886183776768,1.5112890487572115,-0.13384586638818663,1.0,1.0,0.0,9.0,0.057397521819397654,0,0.6960950764006791
1454,2019-12-31,0,0,train,0.20186298,0.018909750622006487,0.11038636328850797,0.20186298,-0.18832732785608425,0,10.335762187976453,0,8.429369702178807e-08,0,0,0.9102649367018151,0.3721465122602962,0.5752454492657396,0.0,1.4864508743154605,-0.6692886183776768,1.50736759599174,0.6229504964101155,1.0,1.0,0.0,2.0,0.001913979649543477,0,0.5698924731182795
1463,2019-12-31,0,0,train,0.20325142,0.011496183043127469,0.10737380224734804,0.20325142,-0.11128808554864583,0,10.113950552113321,0,0.0,0,0,-0.6102990102508059,-0.42787071069330396,-0.10725617546219703,0.0,-0.10786337010366684,-0.6692886183776768,1.4877603321643824,-0.899027784452952,1.0,1.0,0.0,19.0,0.05848493405751532,0,0.578664402942841
1470,2019-12-31,178,1,val,0.8377466,0.9980603904076197,0.9179035052929212,0.8377466,0.0261375343733542,1,2.4977936382132833,1,0.9153475309742392,1,3,0.9102649367018151,0.3978532453292898,-2.7716137493894437,0.0,1.479907861000471,-0.6692886183776768,1.475995973867968,0.6334324404931945,1.0,1.0,0.0,6.0,0.04013428403369427,1,3.9388794567062817
1481,2019-12-31,0,0,train,0.16810887,0.005947192354299143,0.08702802898650244,0.16810887,-0.21135959100392926,0,11.881300046727782,0,0.0,0,0,0.9102649367018151,0.49346538738562085,0.4935111222331471,0.0,0.6947462632017215,-0.6692886183776768,1.460310162806082,-0.11288197822202867,1.0,1.0,0.0,2.0,0.00016812431184866337,0,0.18449349179400112
1497,2019-12-31,0,0,train,0.16810887,0.010450983690571332,0.08927992465463853,0.16810887,-0.06783414717150205,0,10.104550569263374,0,0.0,0,0,0.4377369338297394,0.15603075030137092,0.36221171103658106,0.0,0.6882032498867319,-0.6692886183776768,1.4485458045096673,-0.11288197822202867,1.0,1.0,0.0,8.0,0.0573975218194161,0,0.5990379173740804
1517,2019-12-31,0,0,val,0.2350182,0.020824109320787796,0.12792115152127953,0.2350182,-0.15706886237660167,0,10.566742809387016,0,0.19295770821358152,0,0,-0.24126048503595285,0.10089725200900977,-0.75401795875286,0.0,-0.897386976779076,-0.6692886183776768,1.4171741823858952,-1.6201855373687855,1.0,1.0,0.0,3.0,0.0034965413600908874,0,0.6774193548387096
1531,2019-12-31,55,1,train,0.8377466,0.9990583541924581,0.9184024871853405,0.8377466,-0.0019940856625207948,0,3.0023810544785277,1,1.6858739404357614e-07,0,1,-0.6102990102508059,-0.4130868433926341,-2.7716137493894437,0.0,-0.08387232128203839,-0.6692886183776768,1.4054098240894808,-0.8319433423212464,1.0,1.0,0.0,5.0,0.03612761940885467,1,1.8007923033389925
1550,2019-12-31,0,0,val,0.17210318,0.028410626012128692,0.10025690374674504,0.17210318,-0.20709082668197892,0,11.874326972485008,0,0.016065650388749665,0,0,0.14995554505204067,0.12115238535173754,0.12366600524342686,0.0,-0.09041533459702797,-0.6692886183776768,1.3975669185585378,-0.8340397311378622,1.0,1.0,0.0,3.0,0.0004993585261656232,0,0.41992076966610076
1557,2019-12-31,16,0,train,0.20652889,0.013602827649469936,0.11006585740107087,0.20652889,0.024743900176833034,1,8.405506648975813,0,0.6145067571586545,1,2,-1.0014680443009973,-0.4359991705625002,-0.6102164386544775,0.0,-0.8755769323957774,-0.6692886183776768,1.3818811074966517,-1.5803541498530855,1.0,1.0,0.0,9.0,0.0030304789543295547,0,2.8845500848896433
1566,2019-12-31,0,0,train,0.16810887,0.006648992956869348,0.08737892928778755,0.16810887,-0.20963386894645752,0,11.248432733231304,0,0.0,0,0,0.5947035473879057,0.3532067515474762,0.38121193367925227,0.0,0.3152514909323259,-0.6692886183776768,1.37795965473118,-0.43362946716424533,1.0,1.0,0.0,3.0,3.068272332499828e-05,0,0.2787209960384833
1571,2019-12-31,0,0,train,0.18531553,0.01053604779927973,0.09792579113587262,0.18531553,-0.19554202262227088,0,11.146242321600779,0,0.0,0,0,-0.6102990102508059,-0.42308503992583124,-0.0809400387958621,0.0,-0.10568236566533698,-0.6692886183776768,1.37795965473118,-0.8382325087710939,1.0,1.0,0.0,5.0,0.0010177334384805054,0,0.3698358800226373
1588,2019-12-31,51,1,train,0.8377466,0.9984959791963541,0.9181212996872884,0.8377466,0.007699048540284137,1,2.6632309054232874,1,0.0,0,2,0.9102649367018151,0.6864809470055327,-2.7716137493894437,0.0,-0.10350136122700712,-0.6692886183776768,1.3544309381383512,-0.8235577870547833,1.0,1.0,0.0,6.0,0.03792495527557182,1,2.694680249009621
1596,2019-12-31,0,0,test,0.17252803,0.007270865710995095,0.08989944709957713,0.17252803,-0.2045073823080042,0,10.921201508707814,0,0.005992014157189197,0,0,0.9102649367018151,0.6764976467624345,0.41145577122730675,0.0,-0.10786337010366684,-0.6692886183776768,1.3505094853728796,-0.8256541758713991,1.0,1.0,0.0,1.0,,0,0.4946236559139785
1598,2019-12-31,0,0,train,0.19598904,0.012729053323963664,0.10435904792224336,0.19598904,-0.19746529990052097,0,10.398555077177187,0,0.0,0,0,0.14995554505204067,0.03138198061820441,0.2371692473309867,0.0,0.2999844598640169,-0.6692886183776768,1.3505094853728796,-0.43362946716424533,1.0,1.0,0.0,2.0,0.0014124790375885923,0,0.4292586304470854
1599,2019-12-31,0,0,train,0.16810887,0.005061748984532698,0.08658530730161923,0.16810887,0.051350733935769055,1,10.053260031670575,0,1.1920928955078125e-07,0,1,0.9102649367018151,0.4143781650393033,0.026591640502500787,0.0,0.6882032498867319,-0.6692886183776768,1.3465880326074082,-0.05837586899001799,1.0,1.0,0.0,8.0,-0.15306005818492802,0,1.769100169779287
1612,2019-12-31,0,0,test,0.17210318,0.01191594302720501,0.0920095622542832,0.17210318,-0.2056774944338458,0,11.388226691810239,0,0.005168229429410034,0,0,0.14995554505204067,0.12603258727380048,0.16523503923818214,0.0,-0.10132035678867726,-0.6692886183776768,1.3387451270764652,-0.8130758429717043,1.0,1.0,0.0,4.0,0.00051977658593957,0,0.453593661573288
1619,2019-12-31,0,0,train,0.22285046,0.014845693590375826,0.11884807521210762,0.22285046,-0.13260566757814785,0,10.214812401706624,0,8.429369702178807e-08,0,0,-0.6102990102508059,-0.1603562308672761,-0.6275047923542464,0.0,-0.9039299900940656,-0.6692886183776768,1.3230593160145792,-1.5761613722198538,1.0,1.0,0.0,5.0,0.0021277881183657615,0,0.6553480475382004
1624,2019-12-31,0,0,test,0.19598904,0.012729053323963664,0.10435904792224336,0.19598904,-0.2079203834944185,0,10.87383990837185,0,0.023618243983181367,0,0,0.14995554505204067,0.03135267758631171,0.2371692473309867,0.0,0.3152514909323259,-0.6692886183776768,1.3191378632491075,-0.4021836349150084,1.0,1.0,0.0,3.0,0.0003398255117839627,0,0.4923599320882852
1638,2019-12-31,1,0,train,0.24892248,0.29100162345603947,0.2699620527944756,0.24892248,-0.0667813016520506,0,9.905799791258444,0,0.47045158574712354,0,0,-0.24126048503595285,-0.15223282208391117,0.06307152148130407,0.0,-0.09477734347368769,-0.6692886183776768,1.29953059942175,-0.785822788355699,1.0,1.0,0.0,10.0,-0.01501281559465512,0,0.8290888511601584
1642,2019-12-31,3,0,train,0.16810887,0.005702872344771829,0.08690586898173878,0.16810887,-0.14848266638270685,0,9.914384878619424,0,0.0,0,0,0.6654960381144984,0.32958567222705326,0.46331237182681223,0.0,0.6991082720783812,-0.6692886183776768,1.2956091466562785,-0.020640870290933668,1.0,1.0,0.0,5.0,-0.00024513614748766614,0,0.5707413695529145
1649,2019-12-31,0,0,train,0.18531553,0.009039813729951107,0.09717767410120831,0.18531553,-0.201537150695756,0,11.871287010872425,0,0.0,0,0,-0.6102990102508059,-0.4231369037244482,-0.08743297797611259,0.0,-0.10786337010366684,-0.6692886183776768,1.291687693890807,-0.7942083436221622,1.0,1.0,0.0,3.0,0.00010670660886661486,0,0.3030560271646859
1658,2019-12-31,0,0,test,0.17210318,0.013576028668818184,0.09283960507508979,0.17210318,-0.19723495942392594,0,10.814901641108582,0,0.11944599308240561,0,0,1.1550365774457623,0.8585552447219588,0.5152442157699709,0.0,-0.09041533459702797,-0.6692886183776768,1.2877662411253354,-0.77534084427262,1.0,1.0,0.0,3.0,0.0005218864191237803,0,0.5721561969439729
1674,2019-12-31,306,1,test,0.8377466,0.9988797792306308,0.9183131997044267,0.8377466,0.08281334917295058,1,3.06392440020559,1,0.27863135377405784,0,2,-0.09479964367748854,0.003137307802525382,-2.7716137493894437,0.0,-0.04679524583043078,-0.6692886183776768,1.2720804300634494,-0.7250275126738409,1.0,1.0,0.0,13.0,1.1174600471716701e-17,1,2.915676287492926
1681,2019-12-31,0,0,train,0.2257854,0.03028787651853314,0.128036640481137,0.2257854,-0.19312387478724458,0,10.479009717631467,0,0.0,0,0,0.9102649367018151,0.3803733685871631,0.5939473276124514,0.0,1.4995369009454396,-0.6692886183776768,1.268158977297978,0.7634085471233738,1.0,1.0,0.0,2.0,-9.785950847846138e-18,0,0.4258630447085456
1693,2019-12-31,87,1,test,0.8377466,0.9994170490233664,0.9185818346007946,0.8377466,0.08051980410711146,1,1.9847213007801814,1,1.2437819514600557,1,3,1.915378874851755,1.1207772382723975,-2.7716137493894437,0.0,1.4886318787537904,-0.6692886183776768,1.2642375245325064,0.7550229918569106,1.0,1.0,0.0,10.0,0.13260540281014258,1,3.960950764006791
1704,2019-12-31,240,1,train,0.8377466,0.9986651779654678,0.9182058990718452,0.8377466,0.09458805831581718,1,3.01230970234647,1,2.384185791015625e-07,0,2,0.5947035473879057,0.4908702014657525,-2.7716137493894437,0.0,-0.11222537898032657,-0.6692886183776768,1.2485517134706203,-0.77534084427262,1.0,1.0,0.0,11.0,1.1174600471716701e-17,1,2.838426711941143
1726,2019-12-31,0,0,val,0.17252803,0.004632773178677899,0.08858040083341853,0.17252803,-0.20409318203376342,0,11.87278953451472,0,0.010396891496601453,0,0,0.14995554505204067,0.2417679743818353,0.01617877788262474,0.0,-0.5069871823180312,-0.6692886183776768,1.236787355174206,-1.1484980536302316,1.0,1.0,0.0,1.0,,0,0.4374646293152235
1733,2019-12-31,0,0,train,0.18531553,0.010125281544712579,0.09772040800858904,0.18531553,-0.18325263610137543,0,10.410761052470303,0,0.0,0,0,-0.6102990102508059,-0.41848264268071134,-0.05643943480168536,0.0,-0.11222537898032657,-0.6692886183776768,1.2328659024087343,-0.7669552890061568,1.0,1.0,0.0,2.0,-5.246500529734257e-18,0,0.4654782116581777
1744,2019-12-31,0,0,train,0.16810887,0.007919123492010856,0.0880139945553583,0.16810887,-0.20782162571827772,0,10.713737390005114,0,0.0,0,0,0.5947035473879057,0.2783707931168585,0.440382522098042,0.0,0.6838412410100722,-0.6692886183776768,1.2211015441123199,0.004515795508455875,1.0,1.0,0.0,2.0,-2.95474656972054e-18,0,0.34210526315789475
1751,2019-12-31,0,0,test,0.17252803,0.008546397639794137,0.09053721306397666,0.17252803,-0.1971956634642551,0,10.526763512459603,0,0.06019635928939885,0,0,0.14995554505204067,0.13070201578052276,0.1897417295261858,0.0,-0.10786337010366684,-0.6692886183776768,1.2171800913468482,-0.754376956106462,1.0,1.0,0.0,3.0,-0.0008548543818528856,0,0.5880022637238257
1762,2019-12-31,0,0,train,0.16810887,0.007919123492010856,0.0880139945553583,0.16810887,-0.20782162571827772,0,10.713737390005114,0,0.0,0,0,0.5947035473879057,0.2783707931168585,0.440382522098042,0.0,0.6838412410100722,-0.6692886183776768,1.2093371858159052,0.010804961958303261,1.0,1.0,0.0,3.0,-2.7097060007273776e-05,0,0.34210526315789475
1773,2019-12-31,0,0,train,0.2841135,0.0369609074810747,0.16053720201152583,0.2841135,-0.19096809631453182,0,10.92855601980203,0,4.2146848510894035e-08,0,0,1.355031219647758,0.7025060616233157,0.7379929165980791,0.0,1.479907861000471,-0.6692886183776768,1.2054157330504338,0.7780832688396844,1.0,1.0,0.0,6.0,0.0070769656066949245,0,0.4963214487832485
1783,2019-12-31,0,0,val,0.18531553,0.003527847784875985,0.09442169112867076,0.18531553,-0.008769859406201008,0,10.123542574338538,0,0.47338354559812934,0,0,-1.3704439175282717,-0.6987765464546639,-0.6723055192863509,0.0,-0.8733959279574476,-0.6692886183776768,1.2014942802849622,-1.4818238754721431,1.0,1.0,0.0,13.0,0.0559226644890751,0,0.8217317487266552
1787,2019-12-31,0,0,train,0.22039784,0.020621342670627034,0.12050959379062434,0.22039784,-0.17901651239330024,0,10.204928107724374,0,0.0,0,0,0.5947035473879057,0.15608085929753454,0.5007389167302257,0.0,1.508260918698759,-0.6692886183776768,1.1936513747540192,0.8116254899055371,1.0,1.0,0.0,15.0,9.798725300991145e-18,0,0.49207696661007355
1789,2019-12-31,279,1,test,0.8377466,0.9989973277083081,0.9183719739432654,0.8377466,0.0883078820668819,1,2.7425247851779613,1,0.44788266499168966,0,2,-0.24126048503595285,-0.10616930324986636,-2.7716137493894437,0.0,-0.09477734347368769,-0.6692886183776768,1.1936513747540192,-0.7292202903070725,1.0,1.0,0.0,15.0,1.1174600471716701e-17,1,2.933786078098472
1811,2019-12-31,0,0,train,0.23046745,0.013761569040774711,0.12211451131987543,0.23046745,-0.13238413357180995,0,10.203634057850682,0,0.0,0,0,-0.6102990102508059,-0.41385543620390586,-0.03447208237301307,0.0,-0.07951031240537867,-0.6692886183776768,1.1779655636921331,-0.7061600133242988,1.0,1.0,0.0,13.0,1.145397216025438e-17,0,0.5498019241652519
1826,2019-12-31,4,0,train,0.18531553,0.007165886452882209,0.09624071046267386,0.18531553,-0.06793532625316268,0,9.540113983300632,0,0.0,0,0,-1.1705150672121296,-0.554511010893255,-0.5629324335601582,0.0,-0.9082919989707253,-0.6692886183776768,1.1622797526302473,-1.4944022083718378,1.0,1.0,0.0,9.0,3.198513126248931e-18,0,0.6262026032823996
1836,2019-12-31,0,0,val,0.18531553,0.0070705850514234175,0.09619305976194446,0.18531553,-0.1983937665321247,0,11.87014321883712,0,0.00026047948601559266,0,0,-0.6102990102508059,-0.30278777381806965,-0.17344484078598102,0.0,-0.5069871823180312,-0.6692886183776768,1.1583582998647757,-1.1065702772979156,1.0,1.0,0.0,1.0,,0,0.45444255800792305
1850,2019-12-31,0,0,train,0.27160388,0.1675303192595666,0.21956710078617064,0.27160388,-0.2095848823509145,0,11.8831274170374,0,0.0,0,0,0.9102649367018151,0.38446453368875927,0.6029416039105134,0.0,1.49517489206878,-0.6692886183776768,1.1544368470993043,0.8200110451720003,1.0,1.0,0.0,3.0,0.006454697022075548,0,0.18421052631578946
1861,2019-12-31,0,0,train,0.17252803,0.007911056935505062,0.09021954271183212,0.17252803,-0.19674354697460067,0,10.465668953822092,0,0.0,0,0,0.9102649367018151,0.6858244261330262,0.45889298587959015,0.0,-0.10568236566533698,-0.6692886183776768,1.1387510360374182,-0.7103527909575303,1.0,1.0,0.0,1.0,,0,0.4207696661007358
1865,2019-12-31,145,1,train,0.8377466,0.9988335086564402,0.9182900644173314,0.8377466,0.05462300251006358,1,2.249433075803824,1,0.0,0,2,0.14995554505204067,0.06278208008804231,-2.7716137493894437,0.0,0.29780345542568704,-0.6692886183776768,1.1348295832719466,-0.3204244710669924,1.0,1.0,0.0,15.0,0.14668744632167763,1,2.7263723825693265
1873,2019-12-31,0,0,train,0.20843917,0.013438715145761221,0.11093894323000036,0.20843917,-0.18469002622325292,0,11.867518993056738,0,0.0,0,0,-0.6102990102508059,-0.1505370195813987,-0.38242255317343576,0.0,-0.9082919989707253,-0.6692886183776768,1.1269866777410036,-1.4755347090222957,1.0,1.0,0.0,4.0,0.0024961638286926636,0,0.36417657045840407
1889,2019-12-31,477,1,val,0.8377466,0.998995812349526,0.9183712162638743,0.8377466,0.15445140081529551,1,5.442202584944955,1,0.7562699429258486,1,3,-0.6102990102508059,-0.3428846607978028,-2.7716137493894437,0.0,-0.11222537898032657,-0.6692886183776768,1.1073794139136461,-0.6998708468744513,1.0,1.0,0.0,15.0,1.1174600471716701e-17,1,3.941143180531975
1929,2019-12-31,0,0,train,0.16810887,0.004570020385949177,0.08633944300232746,0.16810887,-0.09213272759887364,0,10.081319625673755,0,0.0,0,0,0.5947035473879057,0.2870466224240501,0.46576808216360704,0.0,0.7165563075850201,-0.6692886183776768,1.0720863390244024,0.11562440278909303,1.0,1.0,0.0,7.0,0.033472518622901924,0,0.5939445387662706
1942,2019-12-31,87,1,train,0.8377466,0.9986882939283929,0.9182174570533077,0.8377466,-0.005243702321104271,0,1.1606355134625679,1,0.0,0,1,0.14995554505204067,0.15362180147724697,-2.7716137493894437,0.0,-0.08605332572036825,-0.6692886183776768,1.0564005279625164,-0.6474611264590565,1.0,1.0,0.0,3.0,0.11694165920073513,1,1.7065647990945103
1946,2019-12-31,0,0,train,0.17252803,0.008568620879696738,0.09054832468392796,0.17252803,-0.2056774944338458,0,11.38790202209159,0,0.0,0,0,0.14995554505204067,0.2564570878095915,0.14409491370002164,0.0,-0.48081512905807283,-0.6692886183776768,1.0564005279625164,-1.0269075022665155,1.0,1.0,0.0,1.0,,0,0.3039049235993209
1969,2019-12-31,0,0,train,0.2244153,0.0814364161975804,0.15292585923709587,0.2244153,-0.20496291439923342,0,11.873580434176349,0,0.0,0,0,-0.24126048503595285,-0.1474496278141429,0.08483065313235523,0.0,-0.11222537898032657,-0.6692886183776768,1.0407147169006303,-0.6642322369919829,1.0,1.0,0.0,2.0,0.0036828707564944517,0,0.27306168647425016
1977,2019-12-31,0,0,train,0.1786209,0.02564522901368436,0.10213306684887556,0.1786209,-0.21133701230225277,0,11.875954009490616,0,0.0,0,0,0.14995554505204067,0.13995949654048415,0.2332470358558038,0.0,-0.08387232128203839,-0.6692886183776768,1.036793264135159,-0.6348827935593617,1.0,1.0,0.0,2.0,-8.737047513330128e-06,0,0.21873231465761175
1996,2019-12-31,0,0,train,0.17252803,0.0035516711218940115,0.08803984980502659,0.17252803,-0.19027886681226824,0,10.541422394409787,0,0.0,0,0,0.14995554505204067,0.4042623437930265,-0.05644625318721047,0.0,-0.8908439634640865,-0.6692886183776768,1.0093430947768582,-1.3958719339908954,1.0,1.0,0.0,2.0,5.1261484622901294e-05,0,0.43208828522920206
1998,2019-12-31,0,0,test,0.1786209,0.011925023313396038,0.0952729639987314,0.1786209,-0.1964678013828633,0,10.415618800560047,0,0.009659146588204218,0,0,0.14995554505204067,0.13995949654048415,0.2342013799226887,0.0,-0.0991393523503474,-0.6692886183776768,1.0132645475423299,-0.6369791823759775,1.0,1.0,0.0,4.0,0.0010451504023248053,0,0.5846066779852858
1999,2019-12-31,0,0,train,0.1786209,0.045552268078431976,0.11208658638124938,0.1786209,-0.2159651853691137,0,11.877172181757613,0,0.0,0,0,0.34993921892454616,0.2847053515810101,0.2989725261031463,0.0,-0.09477734347368769,-0.6692886183776768,1.0015001892459152,-0.6264972382928985,1.0,1.0,0.0,5.0,0.0007890767191990407,0,0.18138087153367288
2007,2019-12-31,0,0,val,0.19598904,0.016230751646166008,0.10610989708334453,0.19598904,-0.21037707987842919,0,11.2462578552195,0,0.003204076930729008,0,0,0.14995554505204067,0.04492114728137758,0.28681710910747166,0.0,0.29126044211069746,-0.6692886183776768,0.9936572837149723,-0.2512436401186712,1.0,1.0,0.0,3.0,0.0019421586766847979,0,0.42501414827391065
2012,2019-12-31,0,0,train,0.21539026,0.012413121579294568,0.11390169328362006,0.21539026,-0.18528965845249062,0,10.421023247439294,0,0.0,0,0,-0.6102990102508059,-0.4092549715820964,-0.011989809534854998,0.0,-0.10132035678867726,-0.6692886183776768,0.9897358309495008,-0.6264972382928985,1.0,1.0,0.0,3.0,0.0038827508687952175,0,0.45642331635540473
2018,2019-12-31,0,0,train,0.20843917,0.017598765116234844,0.11301896821523717,0.20843917,-0.19814972748233073,0,10.630832904279888,0,5.960464477539063e-08,0,0,-0.4103336142467955,-0.14869784425008487,-0.037085535649277794,0.0,-0.5069871823180312,-0.6692886183776768,0.9858143781840293,-1.0143291693668206,1.0,1.0,0.0,2.0,-2.7576379882376803e-17,0,0.5014148273910584
2027,2019-12-31,1,0,test,0.2074799,0.015311059935426004,0.11139547704832518,0.2074799,-0.12128184228683225,0,9.841775248462849,0,0.2079408728460829,0,0,0.5947035473879057,0.16403313877531414,0.5180717516793468,0.0,1.5126229275754188,-0.6692886183776768,0.9701285671221432,0.9353124300858691,1.0,1.0,0.0,7.0,0.0027749731352441024,0,0.7866440294284098
2028,2019-12-31,0,0,train,0.17252803,0.0033891775909282227,0.0879586030395437,0.17252803,-0.2001063955585538,0,11.872212031161498,0,0.0,0,0,0.4377369338297394,0.6075038801993383,-0.049449972789374866,0.0,-0.9082919989707253,-0.6692886183776768,0.9701285671221432,-1.3916791563576638,1.0,1.0,0.0,1.0,,0,0.3064516129032258
2030,2019-12-31,1,0,train,0.2476834,0.17044402151720808,0.20906371369668386,0.2476834,-0.11804643450575963,0,9.804456587252966,0,0.3668103882964446,0,0,0.9102649367018151,0.39243539345390294,0.6202746079974727,0.0,1.510441923137089,-0.6692886183776768,0.9662071143566717,0.9353124300858691,1.0,1.0,0.0,4.0,-0.05760854184660922,0,0.8007923033389925
2051,2019-12-31,0,0,test,0.19460756,0.03469934301331337,0.11465344943977741,0.19460756,-0.1718159597483948,0,10.177045179713545,0,0.09403998174955273,0,0,0.14995554505204067,0.1445735937726271,0.2545051948386542,0.0,-0.07951031240537867,-0.6692886183776768,0.9583642088257287,-0.5887622395938142,1.0,1.0,0.0,8.0,4.930501831628903e-19,0,0.692133559705716
2065,2019-12-31,0,0,train,0.31352082,0.18812030938264895,0.2508205641656973,0.31352082,-0.11813139652459392,0,10.128313661165526,0,0.0,0,0,-0.24126048503595285,-0.1382223935915123,0.127824516187856,0.0,-0.08169131684370853,-0.6692886183776768,0.9426783977638427,-0.5824730731439668,1.0,1.0,0.0,14.0,-5.795670551427676e-18,0,0.5707413695529145
2070,2019-12-31,0,0,test,0.18793188,0.01950925413575319,0.10372056724531724,0.18793188,-0.20642742646261364,0,11.394441435854922,0,0.002240866585555062,0,0,0.5947035473879057,0.16012924829179134,0.5089057110499259,0.0,1.4908128831921201,-0.6692886183776768,0.9426783977638427,0.9290232636360216,1.0,1.0,0.0,6.0,0.002208621467113217,0,0.4397283531409168
2071,2019-12-31,0,0,train,0.23046745,0.05954492024454178,0.14500618692175896,0.23046745,-0.19593519571302553,0,10.705781724178854,0,0.0,0,0,-0.6102990102508059,-0.40468094149396183,0.008309828006564008,0.0,-0.09259633903535783,-0.6692886183776768,0.9387569449983711,-0.59085862841043,1.0,1.0,0.0,3.0,0.003884093215067671,0,0.40152801358234297
2077,2019-12-31,87,1,train,0.8377466,0.9988623130262685,0.9183044666022455,0.8377466,0.011153345199006792,1,1.0651000526051404,1,0.0,0,2,0.14995554505204067,0.15943099686522902,-2.7716137493894437,0.0,-0.08605332572036825,-0.6692886183776768,0.9348354922328996,-0.5824730731439668,1.0,1.0,0.0,6.0,0.04443803614263441,1,2.7190152801358236
2080,2019-12-31,26,0,test,0.19598904,0.021543386015817595,0.10876621426817033,0.19598904,-0.06994002911321584,0,7.852819232941176,0,0.13795330911420003,0,0,0.14995554505204067,0.05397291656865963,0.31643738585115805,0.0,0.31307048649399605,-0.6692886183776768,0.9348354922328996,-0.19883391970327627,1.0,1.0,0.0,4.0,0.0019221364222852804,0,0.8245614035087719
2092,2019-12-31,0,0,test,0.16810887,0.010207533140531222,0.08915819937961848,0.16810887,-0.13635338005326364,0,10.13748958214118,0,0.15794553975596048,0,0,0.9102649367018151,0.5198352690109865,0.5800101805072164,0.0,0.6969272676400513,-0.6692886183776768,0.9191496811710136,0.1785160672875669,1.0,1.0,0.0,7.0,0.0002852108861716751,0,0.7470288624787775
2094,2019-12-31,0,0,train,0.20843917,0.01307385891531417,0.11075651511477684,0.20843917,-0.17278564308979727,0,10.423046752846366,0,0.0,0,0,-0.6102990102508059,-0.14558096537619675,-0.3028916861770646,0.0,-0.9082919989707253,-0.6692886183776768,0.9191496811710136,-1.3644261017416586,1.0,1.0,0.0,4.0,0.00018104860902500564,0,0.4762308998302207
2107,2019-12-31,0,0,val,0.21539026,0.015933264710664242,0.1156617648493049,0.21539026,-0.1893744145046523,0,10.387906430413674,0,0.053604449708302526,0,0,-0.4103336142467955,-0.2603753888781519,0.0730584257262466,0.0,-0.09695834791201755,-0.6692886183776768,0.9152282284055421,-0.5824730731439668,1.0,1.0,0.0,3.0,0.002670965083171457,0,0.6259196378041879
2108,2019-12-31,296,1,train,0.8377466,0.9992890764113154,0.918517848294769,0.8377466,0.11828531432599487,1,2.871386860957682,1,0.0,0,2,-0.6102990102508059,-0.24165813538395217,-2.7716137493894437,0.0,-0.48517713793473255,-0.6692886183776768,0.9113067756400706,-0.9535338936849627,1.0,1.0,0.0,11.0,1.1174600471716701e-17,1,2.7229767968307867
2120,2019-12-31,0,0,train,0.1786209,0.015037240310039028,0.0968290724970529,0.1786209,-0.2147887981677688,0,11.876276619296192,0,0.0,0,0,0.14995554505204067,0.1445735937726271,0.2545051948386542,0.0,-0.10132035678867726,-0.6692886183776768,0.907385322874599,-0.5824730731439668,1.0,1.0,0.0,3.0,0.0007867551118622031,0,0.19269949066213923
2124,2019-12-31,539,1,train,0.8377466,0.9992825601844015,0.9185145901813121,0.8377466,0.15493776758626454,1,6.154719768340801,1,3.371747880871523e-07,0,2,0.7319956218526678,0.33542698978332935,-2.7716137493894437,0.0,1.5017179053837695,-0.6692886183776768,0.907385322874599,0.9583727070686427,1.0,1.0,0.0,17.0,1.1174600471716701e-17,1,2.8364459535936617
2133,2019-12-31,0,0,train,0.20843917,0.024074759962560494,0.1162569656384,0.20843917,-0.19971180565750835,0,10.680546287925075,0,0.0,0,0,-0.4103336142467955,-0.14389925952483815,-0.006369965350888326,0.0,-0.5026251734413715,-0.6692886183776768,0.8995424173436561,-0.9640158377680416,1.0,1.0,0.0,2.0,0.0033480513554348464,0,0.38907753254103
2142,2019-12-31,0,0,val,0.1786209,0.013433633139211866,0.09602726891163932,0.1786209,-0.21135959100392926,0,11.881418846971167,0,0.0,0,0,0.9102649367018151,0.6922632060522871,0.5007360747045067,0.0,-0.10350136122700712,-0.6692886183776768,0.8838566062817701,-0.5719911290608879,1.0,1.0,0.0,1.0,,0,0.18279569892473116
2151,2019-12-31,0,0,val,0.19272204,0.017838905177608538,0.10528047130609323,0.19272204,-0.19798046896912286,0,10.60438146476234,0,0.025001901306157336,0,0,0.9102649367018151,0.3761850659416979,0.5799462278430986,0.0,1.4864508743154605,-0.6692886183776768,0.8799351535162986,0.9583727070686427,1.0,1.0,0.0,3.0,0.0017084310110295458,0,0.5664968873797397
2158,2019-12-31,0,0,train,0.16810887,0.014747165872361682,0.09142801574553372,0.16810887,-0.2117319068300318,0,10.973331686482933,0,0.0,0,0,0.34993921892454616,0.11426416427605941,0.3974484644974506,0.0,0.6838412410100722,-0.6692886183776768,0.8720922479853556,0.19109440018726168,1.0,1.0,0.0,5.0,-4.975269767556802e-18,0,0.2883418222976797
2167,2019-12-31,66,1,val,0.8377466,0.9966566504569491,0.9172016353175858,0.8377466,0.02896380230714224,1,2.242593795486862,1,0.728132094309774,1,3,0.14995554505204067,0.42593942086813097,-2.7716137493894437,0.0,-0.8777579368341073,-0.6692886183776768,0.860327889688941,-1.3036308260598004,1.0,1.0,0.0,12.0,0.03800156201637007,1,3.9377475947934353
2190,2019-12-31,33,1,train,0.28290612,0.2454419775091276,0.26417404628210595,0.28290612,-0.07217287533844219,0,7.934019584163068,0,0.0,0,0,-0.4103336142467955,-0.2506693606600544,0.10506984060783556,0.0,-0.08169131684370853,-0.6692886183776768,0.852484984157998,-0.5342561303618035,1.0,1.0,0.0,3.0,3.7405042563125074e-17,1,0.6329937747594794
2194,2019-12-31,0,0,val,0.1786209,0.01276057601349253,0.09569074034877965,0.1786209,0.05162919782836484,1,10.037501881332426,0,0.2350558443134551,0,1,0.14995554505204067,0.1445735937726271,0.2524332104243698,0.0,-0.10132035678867726,-0.6692886183776768,0.8485635313925265,-0.5510272408947299,1.0,1.0,0.0,12.0,-0.09416081649905209,0,1.8517260894170913
2204,2019-12-31,0,0,val,0.2399438,0.05799923337005453,0.14897151786338725,0.2399438,-0.19866545944249003,0,11.885437472056987,0,0.005992791671836901,0,0,1.1550365774457623,0.5698077282167309,0.6995468663129654,0.0,1.479907861000471,-0.6692886183776768,0.836799173096112,0.9751438176015691,1.0,1.0,0.0,2.0,0.0068903267383606795,0,0.38653084323712505
2209,2019-12-31,0,0,train,0.2598555,0.041239289103585285,0.15054739895395328,0.2598555,-0.2044219028528349,0,10.686569803420472,0,0.0,0,0,-0.09479964367748854,-0.12310116525945437,0.2371722311709735,0.0,0.3217945042473155,-0.6692886183776768,0.836799173096112,-0.13803864402141822,1.0,1.0,0.0,5.0,0.005769916028383943,0,0.3630447085455574
2211,2019-12-31,2,0,test,0.24566941,0.03827118340501155,0.14197029651884718,0.24566941,-0.13725939799718917,0,9.760805776341684,0,0.30531172047740324,0,0,1.1980589811891444,0.6048992350397319,0.7170621808855483,0.0,1.5038989098220994,-0.6692886183776768,0.836799173096112,0.9982040945843429,1.0,1.0,0.0,3.0,0.007438624625677805,0,0.7866440294284098
2214,2019-12-31,196,1,val,0.8377466,0.9988075321953601,0.9182770761867913,0.8377466,0.07187856846203489,1,2.50559263296213,1,0.310795888804457,0,2,0.14995554505204067,0.08071938058494112,-2.7716137493894437,0.0,0.28689843323403774,-0.6692886183776768,0.836799173096112,-0.17158086508727094,1.0,1.0,0.0,8.0,1.1174600471716701e-17,1,2.930390492359932
2223,2019-12-31,0,0,train,0.24193658,0.06971078462201624,0.15582368198433652,0.24193658,-0.19442125767750768,0,10.412707110083117,0,0.0,0,0,0.5947035473879057,0.16818945397819282,0.526431052192045,0.0,1.510441923137089,-0.6692886183776768,0.8250348147996974,1.0107824274840376,1.0,1.0,0.0,2.0,0.004785082302990262,0,0.4349179400113186
2228,2019-12-31,0,0,val,0.2453974,0.03525837655563262,0.14032789019594147,0.2453974,-0.20079606186685667,0,11.397223201422094,0,0.0,0,0,0.9102649367018151,0.3965948435126492,0.6286339871794551,0.0,1.508260918698759,-0.6692886183776768,0.8211133620342259,1.0107824274840376,1.0,1.0,0.0,2.0,0.0068011676723276765,0,0.31663837011884555
2241,2019-12-31,206,1,train,0.8377466,0.9986565118602455,0.9182015660192341,0.8377466,0.06702856540931512,1,2.6334850002280334,1,0.0,0,2,0.14995554505204067,0.18094268006633007,-2.7716137493894437,0.0,-0.08387232128203839,-0.6692886183776768,0.8093490037378114,-0.5132922421956456,1.0,1.0,0.0,10.0,1.1174600471716701e-17,1,2.7224108658743633
2242,2019-12-31,5,0,test,0.19598904,0.021412464487724044,0.10870075350412356,0.19598904,-0.13539941719335058,0,9.529661663957892,0,0.19376144734948633,0,0,0.14995554505204067,0.053659546370795876,0.30246260948266795,0.0,0.2890794376723676,-0.6692886183776768,0.8093490037378114,-0.15480975455434456,1.0,1.0,0.0,3.0,2.726318020253983e-17,0,0.7900396151669495
2247,2019-12-31,0,0,val,0.22039784,0.03782140429024616,0.1291096246004339,0.22039784,-0.19134793241337306,0,10.355961047924225,0,0.08363840854553703,0,0,0.5947035473879057,0.16818945397819282,0.526431052192045,0.0,1.4995369009454396,-0.6692886183776768,0.8054275509723399,1.0107824274840376,1.0,1.0,0.0,3.0,0.003870935446053503,0,0.6304470854555744
2252,2019-12-31,5,0,train,0.21024199,0.020424797425474723,0.11533339286337595,0.21024199,-0.13582688753701894,0,9.643238673729316,0,0.0,0,0,0.9102649367018151,0.3965207578881939,0.6286339871794551,0.0,1.479907861000471,-0.6692886183776768,0.8054275509723399,0.9919149281344954,1.0,1.0,0.0,2.0,0.0045294442347188595,0,0.587719298245614
2267,2019-12-31,0,0,train,0.1786209,0.024111828726802405,0.10136636670543459,0.1786209,-0.20519690208350955,0,10.668554216552463,0,0.0,0,0,0.34993921892454616,0.2938608427649141,0.33722639553771416,0.0,-0.08823433015869811,-0.6692886183776768,0.7936631926759253,-0.509099464562414,1.0,1.0,0.0,3.0,0.000901736907268597,0,0.3624787775891341
2269,2019-12-31,0,0,train,0.2314492,0.012422195284432428,0.121935698493752,0.2314492,-0.19901711100617964,0,11.047758109261489,0,4.2146848510894035e-08,0,0,0.9102649367018151,0.3965948435126492,0.6286339871794551,0.0,1.5148039320137487,-0.6692886183776768,0.7936631926759253,1.0317463156501956,1.0,1.0,0.0,4.0,0.003529891531957624,0,0.45953593661573294
2270,2019-12-31,0,0,val,0.19598904,0.023986841788438438,0.10998794215448075,0.19598904,-0.20862054218342946,0,10.918221176623375,0,0.005991336084619098,0,0,0.14995554505204067,0.053802002662948246,0.31643738585115805,0.0,0.31307048649399605,-0.6692886183776768,0.7936631926759253,-0.12336392230510765,1.0,1.0,0.0,1.0,,0,0.466893039049236
2275,2019-12-31,0,0,val,0.16810887,0.006760890684929821,0.08743487815181779,0.16810887,-0.20685259549210538,0,10.740770838903615,0,0.011357295619440797,0,0,0.5947035473879057,0.2956499385242344,0.4894601527914043,0.0,0.701289276516711,-0.6692886183776768,0.7897417399104538,0.25188967586911976,1.0,1.0,0.0,2.0,5.5793258878945664e-05,0,0.5019807583474817
2284,2019-12-31,0,0,train,0.19996704,0.012092406992038117,0.10602972430185478,0.19996704,-0.18921101014151287,0,10.422584454630385,0,0.0,0,0,-0.4103336142467955,-0.2558227709097611,0.09142574492732614,0.0,-0.10568236566533698,-0.6692886183776768,0.7818988343795108,-0.519581408645493,1.0,1.0,0.0,1.0,,0,0.4479343520090549
2300,2019-12-31,72,1,train,0.8377466,0.9987683017893937,0.9182574609838081,0.8377466,0.02344060730254538,1,1.9506343841720577,1,0.7991158614186051,1,3,-0.09479964367748854,-0.10941506834867439,-2.7716137493894437,0.0,0.3217945042473155,-0.6692886183776768,0.7701344760830963,-0.10240003413894969,1.0,1.0,0.0,11.0,1.1174600471716701e-17,1,3.9388794567062817
2313,2019-12-31,0,0,test,0.16810887,0.010842912293506535,0.08947588895610614,0.16810887,-0.20956873350365157,0,10.738939495439853,0,0.028821220803977757,0,0,0.34993921892454616,0.11853032193551584,0.4101892463010666,0.0,0.7078322898317007,-0.6692886183776768,0.7544486650212102,0.2770463416685093,1.0,1.0,0.0,2.0,-1.8738210201239836e-05,0,0.4900962082625919
2314,2019-12-31,0,0,train,0.19598904,0.023986841788438438,0.10998794215448075,0.19598904,-0.2089894558185464,0,11.152477531446928,0,0.0,0,0,0.14995554505204067,0.053802002662948246,0.31643738585115805,0.0,0.3108894820556662,-0.6692886183776768,0.7505272122557387,-0.10240003413894969,1.0,1.0,0.0,3.0,0.001800543014904103,0,0.29485002829654783
2320,2019-12-31,0,0,train,0.26853776,0.20912389091921474,0.23883082535004926,0.26853776,-0.20079606186685667,0,11.397223201422094,0,0.0,0,0,0.9102649367018151,0.3965948435126492,0.6286339871794551,0.0,1.510441923137089,-0.6692886183776768,0.7505272122557387,1.0506138149997377,1.0,1.0,0.0,3.0,0.006473759950901849,0,0.31663837011884555
2324,2019-12-31,81,1,train,0.8377466,0.9989562438146907,0.9183514319964567,0.8377466,-0.0031311617830985794,0,1.6199376203868041,1,0.4462457107736274,0,1,-0.6102990102508059,-0.38550456403370004,-2.7716137493894437,0.0,-0.11222537898032657,-0.6692886183776768,0.7466057594902672,-0.5070030757457982,1.0,1.0,0.0,3.0,0.07613239202597455,1,1.9117147707979627
2364,2019-12-31,40,1,train,0.8377466,0.9987463084626735,0.9182464643204481,0.8377466,0.018101988381910683,1,3.6983544588721418,1,0.0,0,2,0.14995554505204067,0.15883200776949394,-2.7716137493894437,0.0,-0.11222537898032657,-0.6692886183776768,0.7073912318355522,-0.48603918757964026,1.0,1.0,0.0,10.0,0.019006245476850248,1,2.691850594227504
2381,2019-12-31,0,0,train,0.16810887,0.004717586144580931,0.08641322588164334,0.16810887,-0.19656685345021974,0,10.420867526808184,0,0.0,0,0,0.5947035473879057,0.29548172435216935,0.489139136256198,0.0,0.7034702809550409,-0.6692886183776768,0.6956268735391377,0.30429939628451463,1.0,1.0,0.0,3.0,8.377270686188823e-05,0,0.42869269949066213
2402,2019-12-31,0,0,test,0.18793188,0.027106605100646823,0.10751924272776406,0.18793188,-0.19156476286126262,0,10.410820316481868,0,0.026452971402553548,0,0,0.5947035473879057,0.1722014327436713,0.534598185423604,0.0,1.49299388763045,-0.6692886183776768,0.6838625152427231,1.0694813143492798,1.0,1.0,0.0,2.0,0.0007203585571716165,0,0.6095076400679117
2410,2019-12-31,0,0,train,0.19598904,0.021763462027591367,0.10887625227405721,0.19598904,-0.2089894558185464,0,11.152708628102605,0,0.0,0,0,0.14995554505204067,0.058205550161335745,0.33037017159894105,0.0,0.30216546430234675,-0.6692886183776768,0.6720981569463086,-0.06885781307309696,1.0,1.0,0.0,2.0,-2.913383123367348e-17,0,0.29428409734012456
2418,2019-12-31,0,0,val,0.1786209,0.01417043957015125,0.096395672127109,0.1786209,-0.21022022645675653,0,10.972631640946611,0,0.002464658051469667,0,0,0.34993921892454616,0.2984413038481283,0.35662990195992733,0.0,-0.10132035678867726,-0.6692886183776768,0.6681767041808371,-0.4545933553304033,1.0,1.0,0.0,2.0,0.001246036453680002,0,0.4459535936615733
2422,2019-12-31,0,0,train,0.1786209,0.010872074599707597,0.09474648964188719,0.1786209,-0.21051904409714245,0,11.249350039820744,0,0.0,0,0,0.5947035473879057,0.4756388958685655,0.43550352439980294,0.0,-0.10350136122700712,-0.6692886183776768,0.6642552514153656,-0.4545933553304033,1.0,1.0,0.0,4.0,0.0014962986888501166,0,0.27306168647425016
2430,2019-12-31,0,0,train,0.1786209,0.02244382188368461,0.10053236328387569,0.1786209,-0.1649844231409684,0,10.148201539702747,0,0.0,0,0,0.14995554505204067,0.10672959878899668,0.04433946804132979,0.0,-0.09695834791201755,-0.6692886183776768,0.6564123458844225,-0.44411141124732434,1.0,1.0,0.0,7.0,-2.022002424510792e-05,0,0.5215053763440861
2434,2019-12-31,106,1,train,0.8377466,0.9990594027737609,0.9184030114759918,0.8377466,0.047895415717843726,1,1.415535122791965,1,0.0,0,2,-0.054420638493959936,0.025234079979278953,-2.7716137493894437,0.0,-0.09041533459702797,-0.6692886183776768,0.644647987588008,-0.43153307834762955,1.0,1.0,0.0,10.0,0.013524726458952006,1,2.7314657611771365
2454,2019-12-31,46,1,train,0.8377466,0.9991717428103647,0.9184591814942937,0.8377466,0.0024707509153973906,1,3.794532533406552,1,0.0,0,2,0.9102649367018151,0.408853175282493,-2.7716137493894437,0.0,1.49299388763045,-0.6692886183776768,0.6328836292915935,1.0967343689652853,1.0,1.0,0.0,2.0,0.05602077146370303,1,2.681097906055461
2461,2019-12-31,48,1,train,0.8377466,0.9983363590382415,0.9180414896082321,0.8377466,0.008775456744918975,1,3.7858635241419485,1,0.0,0,2,1.355031219647758,0.7307281239263468,-2.7716137493894437,0.0,1.479907861000471,-0.6692886183776768,0.6171978182297074,1.0925415913320538,1.0,1.0,0.0,2.0,0.1099692930775581,1,2.6850594227504243
2474,2019-12-31,0,0,train,0.18531553,0.007998875730747396,0.09665720510160646,0.18531553,-0.04331466526184513,0,10.090134422426312,0,0.0,0,0,-1.1705150672121296,-0.5351727727017012,-0.3170207852225641,0.0,-0.9082919989707253,-0.6692886183776768,0.6093549126987644,-1.1988113852290108,1.0,1.0,0.0,5.0,-0.06506213098796015,0,0.6097906055461234
2476,2019-12-31,0,0,test,0.2892726,0.03758528734896924,0.16342894686090126,0.2892726,-0.21086082341903245,0,11.883702167579683,0,4.7403495671113926e-07,0,0,0.9102649367018151,0.4005852625714957,0.6366371720291798,0.0,1.479907861000471,-0.6692886183776768,0.6093549126987644,1.0967343689652853,1.0,1.0,0.0,4.0,0.008635080777673923,0,0.29598189020939447
2477,2019-12-31,0,0,train,0.16810887,0.006429394171846058,0.08726912989527591,0.16810887,-0.029147023480660117,0,10.053704571067057,0,0.0,0,0,0.5947035473879057,0.2999065213508285,0.5007389167302257,0.0,0.6838412410100722,-0.6692886183776768,0.6093549126987644,0.33155245090051993,1.0,1.0,0.0,7.0,-0.0765407366410597,0,0.6160158460667798
2491,2019-12-31,0,0,train,0.17252803,0.007784706967139721,0.09015636772764946,0.17252803,-0.21748940659680255,0,11.8768211253911,0,0.0,0,0,0.14995554505204067,0.15369719157843115,0.2900515685278494,0.0,-0.11222537898032657,-0.6692886183776768,0.5975905544023499,-0.427340300714398,1.0,1.0,0.0,3.0,0.00042610962812168204,0,0.18024900962082624
2506,2019-12-31,0,0,train,0.23046745,0.021961342221799785,0.12621439791038797,0.23046745,-0.19800030072169694,0,10.967550291699835,0,0.0,0,0,-0.6102990102508059,-0.39106464460118484,0.06305812684232914,0.0,-0.08169131684370853,-0.6692886183776768,0.5819047433404638,-0.3896053020153137,1.0,1.0,0.0,2.0,0.00017194449901581128,0,0.37096774193548393
2531,2019-12-31,0,0,train,0.17252803,0.00848480197487964,0.09050641523151941,0.17252803,-0.19771976059236013,0,10.459978292922745,0,0.0,0,0,0.14995554505204067,0.15369719157843115,0.2919319138984883,0.0,-0.10568236566533698,-0.6692886183776768,0.5701403850440493,-0.40637641254824003,1.0,1.0,0.0,3.0,0.0007948185225111826,0,0.4162422184493492
2543,2019-12-31,33,1,val,0.3081194,0.18182059334329997,0.24496998988892751,0.3081194,-0.05765344859535404,0,7.922663832268423,0,0.16599494608678939,0,0,0.9102649367018151,0.4085978089692854,0.6525930792803318,0.0,1.479907861000471,-0.6692886183776768,0.5583760267476348,1.1239874235812906,1.0,1.0,0.0,7.0,0.030417931931339955,1,0.8307866440294284
2544,2019-12-31,0,0,train,0.22884254,0.027986029873810946,0.12841428572462138,0.22884254,-0.20125430464491811,0,10.603297068885757,0,0.0,0,0,0.5947035473879057,0.17616886358349101,0.5425817884451535,0.0,1.508260918698759,-0.6692886183776768,0.5583760267476348,1.151240478197296,1.0,1.0,0.0,2.0,0.004882098390505207,0,0.3856819468024901
2590,2019-12-31,1004,1,train,0.8377466,0.9998774051645046,0.9188120126713637,0.8377466,0.15262735113312276,1,6.979046977766222,1,3.371747880871523e-07,0,2,-3.3690941102020613,-0.6819440462479639,-2.7716137493894437,0.0,-1.704358618961124,-0.23352016604035192,3.7700458416688005,-3.653682689486107,1.0,0.0,0.0,16.0,1.1174600471716701e-17,1,2.8302207130730053
2591,2019-12-31,841,1,train,0.8377466,0.9998591938926443,0.9188029070354335,0.8377466,0.17987481153982665,1,6.857108559910483,1,0.9859931622101202,1,3,-3.7864363283556663,-0.7283566507141801,-2.7716137493894437,0.0,-2.23652370191361,12.549021102521225,2.1740145661218966,-3.3119713123777323,1.0,0.0,0.0,16.0,1.1174600471716701e-17,1,3.942275042444822
2595,2019-12-31,181,1,train,0.8377466,0.9998243980191305,0.9187855090986765,0.8377466,0.12125874230745082,1,2.5178345377627736,1,1.3543827185872406,1,3,-1.1705150672121296,-0.42204847292892467,-2.7716137493894437,0.0,-0.9039299900940656,1.9598477107241934,1.6210897261904138,-1.7354869222826543,1.0,0.0,0.0,16.0,0.09472610482152537,1,3.9666100735710246
2600,2019-12-31,79,1,val,0.8377466,0.9995961406945642,0.9186713804363934,0.8377466,0.053214002013934336,1,1.8289479718247572,1,1.3043816229318783,1,3,-1.1705150672121296,-0.43515625160851124,-2.7716137493894437,0.0,-0.9104730034090551,1.5821817186985083,1.2132586385813768,-1.523751651804459,1.0,0.0,0.0,5.0,0.059728311174938,1,3.960950764006791
2603,2019-12-31,208,1,train,0.8377466,0.9996652746862286,0.9187059474322257,0.8377466,0.11231840591560083,1,2.656856534852476,1,1.4993780832751331,1,3,-2.2704799078650058,-1.2267063227326052,-2.7716137493894437,0.0,-0.9039299900940656,1.5821817186985083,1.1309081305064752,-1.4734383202056798,1.0,0.0,0.0,12.0,1.1174600471716701e-17,1,3.9620826259196376
2606,2019-12-31,549,1,train,0.8377466,0.9998592745708549,0.9188029473745387,0.8377466,0.17086850379500385,1,5.885136503140635,1,1.2705519396093425,1,3,-2.934564978981016,-0.9244633325011588,-2.7716137493894437,0.0,-1.9115540406024607,1.5821817186985083,1.0132645475423299,-2.3790782889837034,1.0,0.0,0.0,16.0,1.1174600471716701e-17,1,3.9496321448783247
2607,2019-12-31,0,0,train,0.18399571,0.006275363514650044,0.09513553616892705,0.18399571,-0.027667584633671027,0,10.191555240523963,0,0.8100794621355087,1,1,-0.6102990102508059,-0.03514275640913128,-0.25434156965922605,0.0,-0.9104730034090551,1.5821817186985083,0.9858143781840293,-1.4021611004407428,1.0,0.0,0.0,6.0,-4.5765618808879016e-05,0,1.8155065082059991
2610,2019-12-31,376,1,train,0.8377466,0.9997820656638219,0.9187643429210223,0.8377466,0.13928241799324292,1,3.9320496592317777,1,1.6182654582750753,1,3,-1.3704439175282717,-0.3817536491034561,-2.7716137493894437,0.0,-1.3074158111850895,1.5821817186985083,0.8289562675651689,-1.6998483124001857,1.0,0.0,0.0,12.0,1.1174600471716701e-17,1,3.9524617996604414
2618,2019-12-31,0,0,test,0.22130041,0.03180521140399111,0.12655280982406206,0.22130041,-0.20862759384136353,0,11.391053883524503,0,0.0004172597715508197,0,0,0.14995554505204067,0.06258487173504759,0.3432866461228041,0.0,0.282536424357378,-0.6692886183776768,0.5191614990929198,-0.005966148574623102,1.0,1.0,0.0,1.0,,0,0.411431805319751
2620,2019-12-31,0,0,train,0.3081194,0.18182059334329997,0.24496998988892751,0.3081194,0.02047690856313278,1,10.051330675086842,0,0.0,0,1,0.9102649367018151,0.40457411386572323,0.6447848702827774,0.0,1.479907861000471,-0.6692886183776768,0.5191614990929198,1.1449513117474486,1.0,1.0,0.0,7.0,0.03373056735321714,0,1.6403508771929824
2621,2019-12-31,0,0,val,0.18531553,0.004894392516823619,0.09510496349464456,0.18531553,-0.1639158791601062,0,11.868248674025775,0,0.0005631252183865105,0,0,-1.6151168794859678,-0.855045392909296,-0.46358494862967875,0.0,-0.8908439634640865,-0.6692886183776768,0.5191614990929198,-1.133823331913921,1.0,1.0,0.0,5.0,0.001631119072135684,0,0.5291454442558008
2622,2019-12-31,21,0,train,0.17252803,0.008717392577674834,0.09062271053291701,0.17252803,0.0383553414762523,1,7.754792320874177,0,0.6803994414829109,1,2,0.14995554505204067,0.1625931662109278,0.325789064367337,0.0,-0.10568236566533698,-0.6692886183776768,0.5191614990929198,-0.3791233579322347,1.0,1.0,0.0,6.0,0.015936854023211558,0,2.9015280135823427
2633,2019-12-31,0,0,test,0.1786209,0.04577763809831651,0.11219927139119164,0.1786209,-0.14414255365724626,0,10.145980080504199,0,0.1355447164350215,0,0,0.14995554505204067,0.1582325676135586,0.30926363930780504,0.0,-0.09259633903535783,-0.6692886183776768,0.5034756880310337,-0.3581594697660767,1.0,1.0,0.0,6.0,0.014824260730117297,0,0.7374080362195813
2637,2019-12-31,0,0,val,0.16810887,0.01978440136423089,0.09394663349146831,0.16810887,-0.20918754578606258,0,10.770352728140809,0,0.012594360734951163,0,0,0.4377369338297394,0.1905492412300802,0.4608359923806157,0.0,0.6838412410100722,-0.6692886183776768,0.5034756880310337,0.38815494894914643,1.0,1.0,0.0,3.0,0.00023402595842192766,0,0.47877758913412566
2638,2019-12-31,0,0,train,0.1786209,0.014920589198946291,0.09677074694150653,0.1786209,-0.14857320455388684,0,10.187957096869713,0,0.0,0,0,0.14995554505204067,0.1582325676135586,0.30926363930780504,0.0,-0.10132035678867726,-0.6692886183776768,0.5034756880310337,-0.3665450250325399,1.0,1.0,0.0,4.0,-3.1453371048042374e-05,0,0.5390492359932089
2642,2019-12-31,0,0,train,0.29390013,0.12755020543125672,0.2107251688052585,0.29390013,-0.20179172111056493,0,10.872743861833996,0,4.2146848510894035e-08,0,0,-0.24126048503595285,-0.12459686307958709,0.18257548099209484,0.0,-0.10568236566533698,-0.6692886183776768,0.49955423526556214,-0.3686414138491557,1.0,1.0,0.0,2.0,0.011725966225965695,0,0.4601018675721562
2649,2019-12-31,0,0,test,0.16810887,0.012756275610190751,0.09043257061444825,0.16810887,-0.2095241345003317,0,10.848919791999762,0,0.024905422156116307,0,0,0.34993921892454616,0.12702063892722784,0.43162323322408014,0.0,0.7143753031466902,-0.6692886183776768,0.49955423526556214,0.41960078119838334,1.0,1.0,0.0,2.0,-0.020940452814157587,0,0.4804753820033956
2663,2019-12-31,5,0,train,0.16810887,0.0053365724024410826,0.08672271901057342,0.16810887,-0.10846645277150418,0,9.512741940925793,0,0.0,0,0,0.5947035473879057,0.30828992889314577,0.5222759863669306,0.0,0.7100132942700305,-0.6692886183776768,0.4917113297346191,0.41960078119838334,1.0,1.0,0.0,10.0,0.0018602056162701785,0,0.6120543293718167
2670,2019-12-31,0,0,train,0.21629716,0.092730148810458,0.15451365668491115,0.21629716,-0.14662509421717734,0,10.163290437436627,0,0.0,0,0,1.1550365774457623,0.5857964475196583,0.731866573260238,0.0,1.510441923137089,-0.6692886183776768,0.47994697143820464,1.1952646433462277,1.0,1.0,0.0,3.0,0.005714075639844586,0,0.5486700622524052
2680,2019-12-31,0,0,train,0.16810887,0.008722012971877106,0.08841543929529143,0.16810887,-0.16624393304036222,0,10.214764450826099,0,0.0,0,0,0.9102649367018151,0.5326294559961335,0.6138705084510844,0.0,0.7056512853933707,-0.6692886183776768,0.47602551867273313,0.42379355883161496,1.0,1.0,0.0,3.0,-0.0006364658472692251,0,0.5062252405206565
2687,2019-12-31,4,0,train,0.2244153,0.025381873316701213,0.12489858779665627,0.2244153,-0.11217263743399314,0,9.565952041981225,0,0.0,0,0,-0.4103336142467955,-0.12516739276736208,0.09598784790259016,0.0,-0.493901155688052,-0.6692886183776768,0.47602551867273313,-0.7292202903070725,1.0,1.0,0.0,3.0,0.005708707230405468,0,0.6063950198075835
2697,2019-12-31,0,0,train,0.2273492,0.11618101142712497,0.1717651091161771,0.2273492,-0.20331060856994349,0,10.741886774146622,0,0.0,0,0,0.5947035473879057,0.1801409268839891,0.5503899288057986,0.0,1.510441923137089,-0.6692886183776768,0.4642611603763186,1.2036501986126908,1.0,1.0,0.0,3.0,0.005127340715995386,0,0.3607809847198642
2708,2019-12-31,0,0,train,0.17252803,0.009317101576165153,0.09092256503216217,0.17252803,-0.11460435714103762,0,10.103915170782173,0,8.429369702178807e-08,0,0,0.14995554505204067,0.28006637296741393,0.2774364226731867,0.0,-0.48081512905807283,-0.6692886183776768,0.45249680207990406,-0.704063624507683,1.0,1.0,0.0,3.0,0.022372099097617067,0,0.6893039049235993
2709,2019-12-31,35,1,train,0.31837878,0.40095879483618735,0.35966878557403087,0.31837878,-0.0637320224215645,0,7.8081761721311205,0,0.0,0,0,0.9102649367018151,0.41272832062913895,0.660233369720382,0.0,1.4842698698771306,-0.6692886183776768,0.45249680207990406,1.1847826992631487,1.0,1.0,0.0,7.0,0.0254006820065405,1,0.6420486700622524
2725,2019-12-31,3,0,test,0.3433773,0.18151367563094722,0.26244548389358335,0.3433773,-0.10927283439488022,0,9.63948928343385,0,0.14623012239494984,0,0,0.34993921892454616,0.003046219997013923,0.47111757755695327,0.0,1.479907861000471,-0.6692886183776768,0.436810991018018,1.1889754768963803,1.0,1.0,0.0,3.0,0.07321088016029556,0,0.7911714770797963
2737,2019-12-31,0,0,train,0.17252803,0.003827821531275959,0.08817792500971756,0.17252803,-0.19788173173473467,0,10.49033451477706,0,0.0,0,0,0.18768929663777825,0.45613329334184943,0.20114967702343303,0.0,-0.8799389412724371,-0.6692886183776768,0.4328895382525465,-1.0772208338652944,1.0,1.0,0.0,2.0,0.00010252296924590808,0,0.41058290888511606
2740,2019-12-31,169,1,train,0.8377466,0.9997453042199207,0.9187459621990717,0.8377466,0.06238328924563985,1,2.312807405199748,1,1.2834154289115127,1,3,-2.3749330398970696,-0.8625763249741133,-2.7716137493894437,0.0,-1.676005561262836,-0.6692886183776768,0.4250466327216035,-1.8382099742968283,1.0,1.0,0.0,11.0,0.09080341032577734,1,3.9581211092246744
2742,2019-12-31,0,0,val,0.19598904,0.0239052865943203,0.10994716455742168,0.19598904,-0.21930674083210194,0,11.877817187841773,0,0.00034567918388574224,0,0,0.14995554505204067,0.06691220961712276,0.3540345415564399,0.0,0.2847174287957079,-0.6692886183776768,0.42112517995613197,0.048539960657387575,1.0,1.0,0.0,2.0,0.0069513060152425355,0,0.3039049235993209
2745,2019-12-31,0,0,test,0.18531553,0.016303892242115498,0.10080971335729051,0.18531553,-0.192707317273545,0,11.87043301111478,0,0.015822545323528687,0,0,-1.0014680443009973,-0.40356683142715594,-0.1830731357840598,0.0,-0.9017489856557357,-0.6692886183776768,0.42112517995613197,-1.091895555581605,1.0,1.0,0.0,2.0,0.0020401030778864227,0,0.4963214487832484
2749,2019-12-31,0,0,train,0.19930282,0.007175517440565538,0.10323916989601062,0.19930282,-0.19325304401164178,0,11.383973237683907,0,0.0,0,0,-0.09479964367748854,0.45061473565422905,-0.11367004410748889,0.0,-1.2943297845551105,-0.6692886183776768,0.41720372719066046,-1.4671491537558325,1.0,1.0,0.0,1.0,,0,0.3539898132427844
2756,2019-12-31,0,0,train,0.18531553,0.04387514112602033,0.11459533779924293,0.18531553,-0.06251462125654983,0,10.091345872816746,0,0.0,0,0,-0.24126048503595285,-0.21498118386231335,-0.8069085683216515,0.0,-0.11222537898032657,-0.6692886183776768,0.40936082165971743,-0.3267136375168398,1.0,1.0,0.0,12.0,0.011172865118314931,0,0.6058290888511602
2764,2019-12-31,0,0,train,0.29602405,0.14037136049587542,0.21819770739236977,0.29602405,-0.2100088161333984,0,11.883976312459879,0,0.0,0,0,0.9102649367018151,0.40854307695669595,0.6525930792803318,0.0,1.479907861000471,-0.6692886183776768,0.38975355783235993,1.2141321426957699,1.0,1.0,0.0,1.0,,0,0.17713638936049803
2774,2019-12-31,0,0,train,0.29602405,0.14037136049587542,0.21819770739236977,0.29602405,-0.2100088161333984,0,11.883968347629759,0,0.0,0,0,0.9102649367018151,0.40854307695669595,0.6521305501956473,0.0,1.479907861000471,-0.6692886183776768,0.3858321050668884,1.2162285315123855,1.0,1.0,0.0,1.0,,0,0.17770232031692135
2775,2019-12-31,5,0,train,0.25721273,0.012801147453955759,0.1350069378579517,0.25721273,-0.08403266534133091,0,9.506500399116154,0,0.0,0,0,0.9102649367018151,0.5409688434648195,0.6347745517691198,0.0,0.7165563075850201,-0.6692886183776768,0.3858321050668884,0.48249244569685723,1.0,1.0,0.0,4.0,0.026349279284622707,0,0.6239388794567063
2796,2019-12-31,0,0,test,0.28748837,0.014654168877646053,0.15107127000572518,0.28748837,-0.20096602384406076,0,10.54487479101782,0,0.0290355967006878,0,0,0.14995554505204067,-0.009162293802400074,0.3885356750351742,0.0,0.7187373120233499,-0.6692886183776768,0.36230338847405935,0.4971671674131678,1.0,1.0,0.0,2.0,0.0018412470817527678,0,0.5585738539898132
2848,2019-12-31,0,0,train,0.21995936,0.006652302453822227,0.11330583289757686,0.21995936,-0.20333187882064946,0,11.386950792631175,0,0.0,0,0,0.4377369338297394,0.8361845375296533,0.05799919585937696,0.0,-1.30305380230843,-0.6692886183776768,0.3152459552884012,-1.421028599790285,1.0,1.0,0.0,2.0,0.009588789939880108,0,0.31267685342388235
2850,2019-12-31,0,0,train,0.17617355,0.009390304850801475,0.09278192886077595,0.17617355,-0.14360143708277034,0,10.178776181970301,0,0.0,0,0,1.355031219647758,0.7228136763786808,0.7760800118655493,0.0,1.5060799142604293,-0.6692886183776768,0.3152459552884012,1.2791201960108594,1.0,1.0,0.0,6.0,0.0010321038179700042,0,0.546406338426712
2858,2019-12-31,0,0,test,0.16818382,0.011830056933193434,0.09000693769635212,0.16818382,-0.1637808209455926,0,10.22965344683004,0,0.06167065709696993,0,0,0.9102649367018151,0.5410460823343641,0.6347745517691198,0.0,0.6947462632017215,-0.6692886183776768,0.3074030497574582,0.5034563338630151,1.0,1.0,0.0,2.0,0.00036325719621462964,0,0.6825127334465195
2868,2019-12-31,21,0,train,0.17441522,0.04886722888610797,0.11164122236799219,0.17441522,-0.07451575241098513,0,7.993239970965563,0,0.0,0,0,0.9102649367018151,0.41631372795379684,0.6677128121225756,0.0,1.4995369009454396,-0.6692886183776768,0.30348159699198674,1.2791201960108594,1.0,1.0,0.0,4.0,0.0008805149367884018,0,0.6301641199773628
2877,2019-12-31,0,0,train,0.38338143,0.09409213891029561,0.23873678262233836,0.38338143,-0.18724961734733336,0,11.382858735945677,0,0.0,0,0,-0.6102990102508059,0.0824251237479225,-0.2006443754888871,0.0,-1.3095968156234195,-0.6692886183776768,0.27995288039915767,-1.4084502668905903,1.0,1.0,0.0,1.0,,0,0.37266553480475384
2899,2019-12-31,0,0,train,0.16818382,0.01780903842461926,0.09299642844206503,0.16818382,-0.2087841860250686,0,10.69074206102834,0,5.960464477539063e-08,0,0,0.34993921892454616,0.13544706670873874,0.4533019812124629,0.0,0.6882032498867319,-0.6692886183776768,0.2564241638063286,0.5244202220291732,1.0,1.0,0.0,2.0,0.00036325719621462964,0,0.434634974533107
2907,2019-12-31,0,0,train,0.19804895,0.008264854220774649,0.10315690173120641,0.19804895,-0.2083840040881187,0,11.873841235187868,0,0.0,0,0,-0.6102990102508059,-0.38550456403370004,0.09536908060025492,0.0,-0.1100443745419967,-0.6692886183776768,0.2525027110408571,-0.2407616960355922,1.0,1.0,0.0,1.0,,0,0.2492925863044709
2936,2019-12-31,0,0,test,0.16818382,0.004094550922140284,0.08613918469082554,0.16818382,-0.20349446097278934,0,10.808562259954064,0,0.01925512366955829,0,0,0.6654960381144984,0.3679913801300405,0.5655107171435668,0.0,0.7143753031466902,-0.6692886183776768,0.22505254168255653,0.5663479983614891,1.0,1.0,0.0,2.0,0.00032693147659268646,0,0.5183927560837578
2939,2019-12-31,39,1,train,0.8377466,0.9985595785645354,0.918153099371379,0.8377466,0.009586676673400407,1,3.871009510779795,1,0.0,0,2,-0.6102990102508059,-0.3731832925645346,-2.7716137493894437,0.0,-0.11222537898032657,-0.6692886183776768,0.22113108891708502,-0.22608697431928163,1.0,1.0,0.0,7.0,-0.0544270796435498,1,2.6833616298811545
2949,2019-12-31,56,1,test,0.8377466,0.9967068968482246,0.9172267585132237,0.8377466,-0.003047127258082649,0,2.8426816211413923,1,0.13376844511462418,0,1,0.5947035473879057,0.3252422205066044,-2.7716137493894437,0.0,0.7100132942700305,-0.6692886183776768,0.2172096361516135,0.5663479983614891,1.0,1.0,0.0,4.0,0.032609316775178664,1,1.8704018109790606
2956,2019-12-31,0,0,train,0.2064608,0.04797355762721302,0.12721718068719506,0.2064608,-0.19751950730766127,0,10.96620388077368,0,0.0,0,0,-0.6102990102508059,-0.11636980700211867,-0.025478949166457404,0.0,-0.9082919989707253,-0.6692886183776768,0.20152382508972747,-0.9807869483009679,1.0,1.0,0.0,2.0,0.0031958692348916067,0,0.3754951895868704
2969,2019-12-31,0,0,test,0.17260453,0.010498707049585675,0.09155161904965703,0.17260453,-0.21124759561732154,0,11.247155900088254,0,0.0036961568526415385,0,0,0.14995554505204067,0.1672018217016355,0.3415798867663937,0.0,-0.11222537898032657,-0.6692886183776768,0.19368091955878444,-0.21141225260297106,1.0,1.0,0.0,4.0,0.0007848411323538053,0,0.42218449349179404
2978,2019-12-31,1,0,train,0.17853588,0.07674639748237493,0.1276411380703348,0.17853588,-0.17050379637111857,0,10.424983721738828,0,0.0,0,0,0.9102649367018151,0.4162775923365225,0.6677128121225756,0.0,1.479907861000471,-0.6692886183776768,0.18975946679331293,1.3210479723431754,1.0,1.0,0.0,4.0,0.0017459890965754001,0,0.47792869269949073
2982,2019-12-31,31,1,train,0.3751862,0.6020392333263463,0.48861271911831233,0.3751862,0.02148682075535313,1,7.72956827983662,0,0.0,0,1,-0.8550267838907901,0.04785418583082402,-0.2941254528049609,0.0,-1.5080682195114368,-0.6692886183776768,0.18975946679331293,-1.5510047064204644,1.0,1.0,0.0,8.0,-0.041032355172269754,1,1.6760045274476516
2984,2019-12-31,119,1,val,0.8377466,0.9982444251144417,0.9179955226463321,0.8377466,0.044159191872449766,1,1.4341405588057008,1,0.8204866098399851,1,3,-0.6102990102508059,-0.24095647688740607,-2.7716137493894437,0.0,-0.5048061778797013,-0.6692886183776768,0.18975946679331293,-0.5866658507771985,1.0,1.0,0.0,5.0,0.19615286886665456,1,3.9541595925297113
2995,2019-12-31,0,0,train,0.20131682,0.033239146337419596,0.11727798246617607,0.20131682,-0.17666050786202092,0,11.868617873783007,0,0.0,0,0,-1.3704439175282717,-0.46274598726359795,-0.38173202080046087,0.0,-1.2943297845551105,-0.6692886183776768,0.1740736557314269,-1.337173047125653,1.0,1.0,0.0,1.0,,0,0.37606112054329377
3014,2019-12-31,0,0,train,0.18350576,0.022135963294494486,0.10282086096882241,0.18350576,-0.15086740251026792,0,10.16451677696146,0,0.0,0,0,-1.1705150672121296,-0.515885176705124,-0.17308250445506967,0.0,-0.9082919989707253,-0.6692886183776768,0.15054493913859784,-0.9535338936849627,1.0,1.0,0.0,3.0,0.002502668935521967,0,0.5413129598189022
3057,2019-12-31,0,0,val,0.18350576,0.005311994129611085,0.09440887638638071,0.18350576,-0.13629904940000864,0,10.196478382122747,0,0.20139521751842832,0,0,-1.6151168794859678,-0.8309639987310757,-0.2885979159203109,0.0,-0.8755769323957774,-0.6692886183776768,0.11525186424935427,-0.9032205620861835,1.0,1.0,0.0,2.0,-2.93504265253081e-17,0,0.7413695529145444
3061,2019-12-31,0,0,train,0.16818382,0.009581785469134444,0.08888280196432262,0.16818382,-0.19299286283959421,0,10.347119089525906,0,8.429369702178807e-08,0,0,0.14995554505204067,-0.0008499346774520357,0.40827588370457185,0.0,0.7165563075850201,-0.6692886183776768,0.11133041148388276,0.6292396628599629,1.0,1.0,0.0,1.0,,0,0.5551782682512734
3062,2019-12-31,0,0,train,0.16818382,0.009581785469134444,0.08888280196432262,0.16818382,-0.2210247211076321,0,11.878518676270689,0,0.0,0,0,0.14995554505204067,-0.00501060078826812,0.39832349257562993,0.0,0.6838412410100722,-0.6692886183776768,0.11133041148388276,0.597793830610726,1.0,1.0,0.0,1.0,,0,0.15591397849462366
3064,2019-12-31,0,0,train,0.22232789,0.007045639006663082,0.11468676350929773,0.22232789,-0.21022228235510987,0,11.874362845647234,0,0.0,0,0,-0.4103336142467955,-0.11594657357816898,0.13765752786717014,0.0,-0.5113491911946909,-0.6692886183776768,0.11133041148388276,-0.5510272408947299,1.0,1.0,0.0,1.0,,0,0.2300509337860781
3065,2019-12-31,0,0,val,0.17869954,0.007944348918086026,0.09332194351488636,0.17869954,-0.20255190952625635,0,10.924905213338356,0,0.0027363922704751473,0,0,0.9102649367018151,0.7267134549578629,0.6174410482996481,0.0,-0.08605332572036825,-0.6692886183776768,0.11133041148388276,-0.1422314216546498,1.0,1.0,0.0,1.0,,0,0.49971703452178834
3068,2019-12-31,1,0,train,0.16818382,0.003718357317508804,0.0859510878885098,0.16818382,-0.1584006906443765,0,11.119258175404024,0,0.0,0,0,0.5947035473879057,0.3207323450817415,0.5455653736961229,0.0,0.7034702809550409,-0.6692886183776768,0.10740895871841126,0.6187577187768839,1.0,1.0,0.0,3.0,0.0005631957735326586,0,0.43831352574985855
3073,2019-12-31,0,0,train,0.19804895,0.009676368073390914,0.10386265865751455,0.19804895,-0.20048635951159727,0,10.91570535039041,0,0.0,0,0,-0.4103336142467955,-0.23331963982397855,0.17524217081643376,0.0,-0.11222537898032657,-0.6692886183776768,0.10740895871841126,-0.16529169863742355,1.0,1.0,0.0,5.0,0.0027212622852728478,0,0.36417657045840407
3074,2019-12-31,0,0,train,0.17441522,0.019766520289761367,0.09709086806981888,0.17441522,-0.20792094377849885,0,11.884364104991667,0,0.0,0,0,0.9102649367018151,0.4203325958498845,0.675038039623306,0.0,1.510441923137089,-0.6692886183776768,0.10348750595293975,1.396517969741344,1.0,1.0,0.0,2.0,0.0015066588918336721,0,0.19354838709677422
3076,2019-12-31,0,0,val,0.17260453,0.0018444253185173423,0.08722447818412286,0.17260453,-0.21566810296230132,0,11.876711656489984,0,0.0007997020338532554,0,0,0.14995554505204067,0.44319081498870316,0.28293832611271125,0.0,-0.882119945710767,-0.6692886183776768,0.09564460042199673,-0.899027784452952,1.0,1.0,0.0,2.0,0.0006990933960131179,0,0.3254102999434069
3078,2019-12-31,1,0,train,0.16818382,0.009581785469134444,0.08888280196432262,0.16818382,-0.17301697810383987,0,10.3216383078075,0,0.0,0,0,0.14995554505204067,-0.0010025159036567922,0.40827588370457185,0.0,0.6969272676400513,-0.6692886183776768,0.09564460042199673,0.6187577187768839,1.0,1.0,0.0,2.0,0.00028854608535706325,0,0.489247311827957
3093,2019-12-31,0,0,train,0.16818382,0.003718357317508804,0.0859510878885098,0.16818382,-0.20844204172269554,0,11.251376517547026,0,0.0,0,0,0.5947035473879057,0.3208953076725747,0.5523154430634762,0.0,0.701289276516711,-0.6692886183776768,0.0799587893601107,0.6313360516765787,1.0,1.0,0.0,4.0,0.0003163852999287165,0,0.2874929258630447
3095,2019-12-31,0,0,val,0.2064608,0.011842787559680884,0.109151795653429,0.2064608,-0.2064129575867219,0,11.872978567991371,0,0.00018675681740034053,0,0,-0.6102990102508059,-0.10683134170885564,0.034956811379140355,0.0,-0.8930249679024163,-0.6692886183776768,0.07603733659463918,-0.899027784452952,1.0,1.0,0.0,3.0,0.004837582882953066,0,0.4046406338426712
3098,2019-12-31,0,0,train,0.17913072,0.02012222010641628,0.09962646910920409,0.17913072,-0.21349457170559055,0,11.881951940639121,0,0.0,0,0,0.5947035473879057,0.19191561350651118,0.572207151467128,0.0,1.5017179053837695,-0.6692886183776768,0.06819443106369616,1.406999913824423,1.0,1.0,0.0,1.0,,0,0.16355404640633844
3117,2019-12-31,0,0,train,0.2064608,0.011949438806427282,0.10920512127680221,0.2064608,-0.20765376113967288,0,11.87338738277569,0,0.0,0,0,-0.4103336142467955,0.032816509394170884,0.07026526269448428,0.0,-0.9082919989707253,-0.6692886183776768,0.028979903408981073,-0.8885458403698729,1.0,1.0,0.0,3.0,0.0054895207285830805,0,0.26344086021505375
3122,2019-12-31,0,0,train,0.17853588,0.04528288157651676,0.11190938011740573,0.17853588,-0.20178504365566663,0,10.718822215188517,0,0.0,0,0,0.9102649367018151,0.4203325958498845,0.675038039623306,0.0,1.479907861000471,-0.6692886183776768,0.025058450643509565,1.4090963026410388,1.0,1.0,0.0,1.0,,0,0.3715336728919072
3162,2019-12-31,0,0,train,0.16818382,0.009581785469134444,0.08888280196432262,0.16818382,-0.2205112430129244,0,11.878829461518867,0,0.0,0,0,0.14995554505204067,0.003289097653449789,0.41774936690464665,0.0,0.7165563075850201,-0.6692886183776768,-0.018077529776677037,0.6984204938082842,1.0,1.0,0.0,2.0,0.00028854608535706325,0,0.154782116581777
3166,2019-12-31,0,0,train,0.16818382,0.003718357317508804,0.0859510878885098,0.16818382,-0.20491366733539507,0,10.922995471496305,0,0.0,0,0,0.5947035473879057,0.3208953076725747,0.5523154430634762,0.0,0.6903842543250618,-0.6692886183776768,-0.021998982542148545,0.6753602168255104,1.0,1.0,0.0,3.0,0.0005448857943233054,0,0.3415393322014714
3170,2019-12-31,4,0,train,0.21485905,0.0249716725070711,0.1199153629998086,0.21485905,-0.12298073377942392,0,9.559438738437267,0,0.0,0,0,-0.09479964367748854,0.0034105086981131537,0.3058677163698425,0.0,-0.10568236566533698,-0.6692886183776768,-0.025920435307620053,-0.08772531242263912,1.0,1.0,0.0,3.0,0.007523357868176729,0,0.600169779286927
3172,2019-12-31,0,0,val,0.2064608,0.011842787559680884,0.109151795653429,0.2064608,-0.19721944277501058,0,10.870512733661553,0,0.0063127603247731,0,0,-0.6102990102508059,-0.10697078841373894,0.03414006614475092,0.0,-0.882119945710767,-0.6692886183776768,-0.025920435307620053,-0.8340397311378622,1.0,1.0,0.0,3.0,0.004470171524755166,0,0.5370684776457272
3181,2019-12-31,0,0,train,0.22960773,0.012469264002155806,0.12103849755302645,0.22960773,-0.18137115134571902,0,10.316197587876353,0,0.0,0,0,-0.6102990102508059,-0.36881135040079727,0.13891581472782683,0.0,-0.08823433015869811,-0.6692886183776768,-0.029841888073091564,-0.06885781307309696,1.0,1.0,0.0,1.0,,0,0.4801924165251839
3187,2019-12-31,0,0,train,0.20213743,0.003718357317508804,0.10292789142969327,0.20213743,-0.1669648842031753,0,10.18849912540214,0,8.429369702178807e-08,0,0,0.5947035473879057,0.3250193588301711,0.5617895245247914,0.0,0.7187373120233499,-0.6692886183776768,-0.029841888073091564,0.7068060490747473,1.0,1.0,0.0,3.0,0.004234407556383638,0,0.6219581211092247
3189,2019-12-31,87,1,train,0.8377466,0.9984706389308136,0.9181086295545181,0.8377466,-0.0008576020824546671,0,1.5552056073285812,1,0.45560858704844065,0,1,-0.6102990102508059,-0.3550755638849185,-2.7716137493894437,0.0,-0.08823433015869811,-0.6692886183776768,-0.029841888073091564,-0.06885781307309696,1.0,1.0,0.0,3.0,1.0664007410358865e-16,1,1.9173740803621957
3193,2019-12-31,0,0,train,0.2064608,0.0065901388275081615,0.10652547128734265,0.2064608,-0.16618376977914312,0,11.865101240166878,0,0.0,0,0,-0.4103336142467955,-0.015974757398692318,-0.5841021373457254,0.0,-0.8864819545874267,-0.6692886183776768,-0.033763340838563076,-0.8340397311378622,1.0,1.0,0.0,3.0,0.00448118782118952,0,0.3913412563667233
3200,2019-12-31,0,0,test,0.16818382,0.00789205460804933,0.08803793653378007,0.16818382,-0.19743225294827826,0,10.486654976663791,0,0.0013666968048268006,0,0,0.14995554505204067,0.0840723700942223,0.4041331971549946,0.0,0.3108894820556662,-0.6692886183776768,-0.04160624636950609,0.321070506817441,1.0,1.0,0.0,2.0,0.0005770921707168346,0,0.5563101301641199
3211,2019-12-31,0,0,train,0.16818382,0.009581785469134444,0.08888280196432262,0.16818382,-0.2205112430129244,0,11.878816840543667,0,0.0,0,0,0.14995554505204067,0.003289097653449789,0.4169627786176751,0.0,0.7078322898317007,-0.6692886183776768,-0.04944915190044911,0.7068060490747473,1.0,1.0,0.0,1.0,,0,0.15534804753820033
3223,2019-12-31,46,1,train,0.8377466,0.9984250487418476,0.9180858344600351,0.8377466,0.001816522434743728,1,3.704855286710358,1,0.0,0,2,0.14995554505204067,0.18978112584890755,-2.7716137493894437,0.0,-0.07951031240537867,-0.6692886183776768,-0.05337060466592062,-0.04789392490693901,1.0,1.0,0.0,5.0,0.05853501569680209,1,2.682229767968308
3236,2019-12-31,0,0,test,0.17853588,0.061566895639368804,0.12005138714883173,0.17853588,-0.1865997262424789,0,10.41443306353896,0,0.06420923691723777,0,0,0.9102649367018151,0.42422395058274354,0.6822152833235129,0.0,1.4842698698771306,-0.6692886183776768,-0.06513496296233515,1.4615060230564336,1.0,1.0,0.0,1.0,,0,0.631578947368421
3242,2019-12-31,0,0,train,0.17869954,0.01106570408221483,0.09488262109695077,0.17869954,-0.2210247211076321,0,11.878308726203088,0,0.0,0,0,0.14995554505204067,0.180529756547498,0.38513303471609056,0.0,-0.09041533459702797,-0.6692886183776768,-0.07297786849327817,-0.04789392490693901,1.0,1.0,0.0,1.0,,0,0.15647990945104698
3248,2019-12-31,77,1,train,0.8377466,0.9983490307807401,0.9180478254794814,0.8377466,0.013898540288591166,1,1.7767017613674607,1,0.7313226750550482,1,3,1.355031219647758,0.7582425081318719,-2.7716137493894437,0.0,1.4995369009454396,-0.6692886183776768,-0.07689932125874967,1.4824699112225916,1.0,1.0,0.0,2.0,-5.3647549925211164e-17,1,3.9332201471420487
3257,2019-12-31,102,1,train,0.8377466,0.9985662589269293,0.918156439552576,0.8377466,0.02054258354104599,1,1.3901781251269396,1,0.0,0,2,-1.1705150672121296,-0.486032641133447,-2.7716137493894437,0.0,-0.882119945710767,-0.6692886183776768,-0.08474222678969269,-0.8025938988886253,1.0,1.0,0.0,4.0,5.906285669987463e-17,1,2.7207130730050935
3258,2019-12-31,49,1,train,0.8377466,0.997172848722257,0.9174597344502398,0.8377466,0.00987997613051761,1,3.7679663107802455,1,0.0,0,2,-0.4103336142467955,-0.09750917091735874,-2.7716137493894437,0.0,-0.5048061778797013,-0.6692886183776768,-0.08474222678969269,-0.4399186336140927,1.0,1.0,0.0,6.0,0.042194326457142745,1,2.6867572156196946
3269,2019-12-31,0,0,train,0.19981234,0.01667323680127936,0.10824278727871814,0.19981234,-0.20771960127222988,0,11.246408518894869,0,0.0,0,0,-0.09479964367748854,0.0035015548309401895,0.3058677163698425,0.0,-0.10568236566533698,-0.6692886183776768,-0.10042803785157872,-0.04789392490693901,1.0,1.0,0.0,1.0,,0,0.3007923033389927
3274,2019-12-31,0,0,train,0.2657359,0.007039289376933666,0.13638759190926913,0.2657359,-0.09503019189993833,0,11.863960593497216,0,0.0,0,0,-2.3749330398970696,-0.8209844391418941,-1.1654660000155812,0.0,-1.7697887521110198,-0.6692886183776768,-0.10434949061705023,-1.645342203168175,1.0,1.0,0.0,3.0,0.010086404632279737,0,0.44906621392190155
3275,2019-12-31,0,0,val,0.17201541,0.005553666849213989,0.08878454024557181,0.17201541,-0.21129203578925232,0,11.0851080614207,0,3.812754963582928e-05,0,0,0.14995554505204067,0.180529756547498,0.38513303471609056,0.0,-0.10786337010366684,-0.6692886183776768,-0.10434949061705023,-0.04789392490693901,1.0,1.0,0.0,1.0,,0,0.41426146010186754
3282,2019-12-31,0,0,test,0.22071423,0.018579257703294803,0.11964674203419211,0.22071423,-0.16161225306496435,0,11.866099726912177,0,0.019301444544242808,0,0,-1.1705150672121296,-0.015974757398692318,-0.564731144551684,0.0,-1.6781865657011656,-0.6692886183776768,-0.10827094338252174,-1.555197484053696,1.0,1.0,0.0,3.0,0.0051474977088659946,0,0.5614035087719298
3285,2019-12-31,0,0,val,0.17809409,0.010146904164013577,0.09412049659761652,0.17809409,-0.21125568728118788,0,10.972888531473744,0,0.0,0,0,0.14995554505204067,0.180529756547498,0.38513303471609056,0.0,-0.08605332572036825,-0.6692886183776768,-0.10827094338252174,-0.02483364792416526,1.0,1.0,0.0,1.0,,0,0.29456706281833617
3289,2019-12-31,0,0,train,0.16880141,0.013692217410652945,0.09124681469850197,0.16880141,-0.20792094377849885,0,11.884172926407071,0,0.0,0,0,0.9102649367018151,0.5535216871511909,0.6639910897032119,0.0,0.7078322898317007,-0.6692886183776768,-0.11219239614799326,0.7403482701406,1.0,1.0,0.0,2.0,0.0006478180487937221,0,0.1946802490096208
3300,2019-12-31,0,0,val,0.2674458,0.13238626616666946,0.19991603442763406,0.2674458,-0.1893195116100433,0,11.384887211664243,0,0.03272513401619547,0,0,-0.8550267838907901,-0.0748546130300247,-0.0709283411196045,0.0,-1.2790627534868013,-0.6692886183776768,-0.1278782072098793,-1.1610763865299263,1.0,1.0,0.0,1.0,,0,0.536502546689304
3314,2019-12-31,0,0,test,0.23944359,0.022816877045669263,0.13113023116113648,0.23944359,-0.1898531017473673,0,10.339466496304759,0,0.07978130278218593,0,0,-0.24126048503595285,-0.097991656046819,0.271841886605509,0.0,-0.08605332572036825,-0.6692886183776768,-0.1357211127408223,-0.010158926207854692,1.0,1.0,0.0,3.0,0.0077805085169092335,0,0.6361063950198076
3325,2019-12-31,53,1,train,0.8377466,0.9967566039867705,0.9172516120824965,0.8377466,-0.007520964073943759,0,2.772523268079133,1,0.0,0,1,0.14995554505204067,0.01575793290059929,-2.7716137493894437,0.0,0.7143753031466902,-0.6692886183776768,-0.1396425655062938,0.761312158306758,1.0,1.0,0.0,4.0,0.11377603641462562,1,1.6839275608375779
3328,2019-12-31,0,0,train,0.3233335,0.025590342444775042,0.17446192213028547,0.3233335,0.014383191532831519,1,10.03482503129856,0,0.0,0,1,-0.0811741584419003,0.01772779179807781,0.32368556588039465,0.0,-0.08169131684370853,-0.6692886183776768,-0.1396425655062938,-0.0038697597580073066,1.0,1.0,0.0,6.0,0.04516483550182934,0,1.6409168081494059
3331,2019-12-31,0,0,train,0.16760673,0.010411635162092557,0.08900918072544402,0.16760673,-0.16982900955451208,0,10.191316861807106,0,0.0,0,0,0.14995554505204067,0.007376520978125979,0.4269767931593632,0.0,0.701289276516711,-0.6692886183776768,-0.15140692380270834,0.7550229918569106,1.0,1.0,0.0,3.0,0.0002810562049949673,0,0.5079230333899264
3342,2019-12-31,0,0,test,0.17441522,0.0037747702640994123,0.08909499305698791,0.17441522,-0.20792094377849885,0,11.884610962433381,0,0.0,0,0,0.9102649367018151,0.42809637515104093,0.6892504041362267,0.0,1.5148039320137487,-0.6692886183776768,-0.15532837656817985,1.539072409271218,1.0,1.0,0.0,1.0,,0,0.1929824561403509
3346,2019-12-31,0,0,train,0.16760673,0.003518706172350369,0.08556271623057292,0.16760673,-0.20844204172269554,0,11.251544037645361,0,0.0,0,0,0.5947035473879057,0.32499909558352574,0.5617895245247914,0.0,0.6860222454484021,-0.6692886183776768,-0.15924982933365137,0.7445410477738317,1.0,1.0,0.0,2.0,0.00026922225952121274,0,0.2869269949066214
3361,2019-12-31,0,0,train,0.16760673,0.007466016706360643,0.08753637149757806,0.16760673,-0.20755999718193185,0,11.393760242186374,0,2.9802322387695312e-08,0,0,0.34993921892454616,0.15201177606290356,0.49174473150575027,0.0,0.6947462632017215,-0.6692886183776768,-0.16317128209912288,0.7550229918569106,1.0,1.0,0.0,3.0,0.0010075380022704671,0,0.3856819468024901
3363,2019-12-31,0,0,val,0.17809409,0.012438071453795335,0.0952660802425074,0.17809409,-0.2210247211076321,0,11.878522129948536,0,0.0,0,0,0.14995554505204067,0.18489105291087518,0.3985400186643351,0.0,-0.09041533459702797,-0.6692886183776768,-0.16317128209912288,0.0003230178752242842,1.0,1.0,0.0,1.0,,0,0.15534804753820033
3369,2019-12-31,0,0,train,0.17809409,0.012438071453795335,0.0952660802425074,0.17809409,-0.20129533908778113,0,10.579354689412062,0,0.0,0,0,0.14995554505204067,0.18489105291087518,0.3985400186643351,0.0,-0.09259633903535783,-0.6692886183776768,-0.1670927348645944,0.0003230178752242842,1.0,1.0,0.0,2.0,0.0014643983708494258,0,0.38681380871533677
3374,2019-12-31,56,1,train,0.8377466,0.9985097562636298,0.9181281882209262,0.8377466,-0.0056436050993265985,0,3.091665400482134,1,0.0,0,1,-1.1705150672121296,-0.49087449141718753,-2.7716137493894437,0.0,-0.9104730034090551,-0.6692886183776768,-0.18669999869195192,-0.77534084427262,1.0,1.0,0.0,1.0,,1,1.6788341822297679
3386,2019-12-31,0,0,test,0.17201541,0.001923966504999748,0.08696969007346468,0.17201541,-0.1931164412199618,0,10.38997075249271,0,0.06935498363376137,0,0,0.2544983353295333,0.5283247532817762,0.36763278313501285,0.0,-0.9082919989707253,-0.6692886183776768,-0.20630726251930948,-0.7627625113729253,1.0,1.0,0.0,2.0,0.0023669699827801043,0,0.6185625353706848
3388,2019-12-31,3,0,train,0.23157096,0.034401231126547346,0.13298609510886694,0.23157096,-0.13824405001478263,0,9.576940997445975,0,0.0,0,0,-0.09479964367748854,0.012133815529924593,0.3321925962596542,0.0,-0.07951031240537867,-0.6692886183776768,-0.2141501680502525,0.0380580165743086,1.0,1.0,0.0,3.0,0.017945968760858206,0,0.5888511601584607
3392,2019-12-31,0,0,train,0.18390372,0.00835270574018828,0.09612821484767135,0.18390372,-0.20023587163066003,0,11.039106602193154,0,0.0,0,0,-0.4103336142467955,-0.22014906719764077,0.21580795564757502,0.0,-0.11222537898032657,-0.6692886183776768,-0.2141501680502525,0.00661218432507167,1.0,1.0,0.0,3.0,0.0025189781979634298,0,0.356819468024901
3409,2019-12-31,5,0,val,0.17441522,0.010726467341446994,0.0925708415956617,0.17441522,-0.135730860831054,0,9.584814696514831,0,0.2249117800396948,0,0,0.9102649367018151,0.4318614680813916,0.6961489215417195,0.0,1.5038989098220994,-0.6692886183776768,-0.225914526346667,1.5663254638872235,1.0,1.0,0.0,1.0,,0,0.7872099603848332
3410,2019-12-31,0,0,train,0.16760673,0.003582325427001191,0.08559452585789833,0.16760673,-0.21349457170559055,0,11.881931934660209,0,0.0,0,0,0.5947035473879057,0.3291221543265352,0.5710175183641322,0.0,0.7078322898317007,-0.6692886183776768,-0.225914526346667,0.8011435458224582,1.0,1.0,0.0,3.0,3.0537801138756486e-05,0,0.16411997736276174
3422,2019-12-31,0,0,train,0.18390372,0.01992014290105224,0.10191193342810333,0.18390372,-0.20069763107798305,0,11.872800581231008,0,0.0,0,0,-0.8550267838907901,-0.2741915815432613,0.006375406926774971,0.0,-0.9082919989707253,-0.6692886183776768,-0.23767888464308154,-0.7459914008399988,1.0,1.0,0.0,2.0,0.0037978440523146586,0,0.2990945104697227
3423,2019-12-31,62,1,test,0.8377466,0.996808757041433,0.9172776886098278,0.8377466,0.008572260792571895,1,2.639138326825098,1,0.5177667917782532,1,3,0.03439001631167122,0.017697981791415993,-2.7716137493894437,0.0,0.31307048649399605,-0.6692886183776768,-0.23767888464308154,0.4279863364648465,1.0,1.0,0.0,6.0,0.1252732543003357,1,3.912280701754386
3432,2019-12-31,0,0,train,0.22675988,0.057710646132380694,0.1422352634567772,0.22675988,-0.17323531154746397,0,11.867771678349962,0,0.0,0,0,-1.1705150672121296,-0.01169467427645822,-0.41911228640858494,0.0,-1.704358618961124,-0.6692886183776768,-0.24160033740855305,-1.5090769300881484,1.0,1.0,0.0,2.0,0.01030756284791075,0,0.37945670628183364
3445,2019-12-31,0,0,val,0.44807982,0.38560665206958133,0.4168432382586066,0.44807982,-0.20792094377849885,0,11.884342369187925,0,0.00013800095953213958,0,0,0.9102649367018151,0.5100988329342941,0.6737838464707299,0.0,0.9804578446229331,-0.6692886183776768,-0.24944324293949607,1.0757704807991273,1.0,1.0,0.0,1.0,,0,0.3256932654216185
3462,2019-12-31,0,0,train,0.17441522,0.010726467341446994,0.0925708415956617,0.17441522,-0.2002965522706216,0,10.745365329441656,0,0.0,0,0,0.9102649367018151,0.43193233667817055,0.6961489215417195,0.0,1.508260918698759,-0.6692886183776768,-0.2690505067668536,1.5935785185032287,1.0,1.0,0.0,1.0,,0,0.3752122241086588
3465,2019-12-31,0,0,test,0.17201541,0.007012435098855149,0.08951392437039239,0.17201541,-0.212298657636385,0,11.250050924471944,0,0.004547456199858363,0,0,0.4377369338297394,0.39317974819668067,0.49174509586544374,0.0,-0.11222537898032657,-0.6692886183776768,-0.2729719595323251,0.0380580165743086,1.0,1.0,0.0,1.0,,0,0.4131295981890209
3469,2019-12-31,0,0,train,0.16760673,0.011450359521569921,0.0895285429051827,0.16760673,-0.2096163191182816,0,11.392591109394244,0,0.0,0,0,0.14995554505204067,0.01144306357493217,0.43597062134074843,0.0,0.7121942987083604,-0.6692886183776768,-0.2729719595323251,0.8304929892550793,1.0,1.0,0.0,3.0,0.00032145941435400446,0,0.2659875495189587
3473,2019-12-31,0,0,train,0.21380943,0.020747490386523817,0.11727846049286823,0.21380943,-0.21139275126025853,0,11.874861779716506,0,0.0,0,0,-0.6102990102508059,-0.36013884770372934,0.16523869270971167,0.0,-0.09477734347368769,-0.6692886183776768,-0.2768934122977966,0.05692551592385076,1.0,1.0,0.0,1.0,,0,0.22184493491794002
3474,2019-12-31,200,1,train,0.8377466,0.9994966512068071,0.9186216356925149,0.8377466,0.08733476011288743,1,2.835166075804688,1,0.0,0,2,1.218953554317688,0.5807866268292355,-2.7716137493894437,0.0,2.313051556442477,-0.6692886183776768,-0.2768934122977966,2.371338769467689,1.0,1.0,0.0,6.0,1.1174600471716701e-17,1,2.72014714204867
3479,2019-12-31,0,0,test,0.17809409,0.009974435928774866,0.09403426247999717,0.17809409,-0.2095284909783084,0,11.392180211587746,0,0.0015377326842261813,0,0,0.14995554505204067,0.18922858475161572,0.4114594251685123,0.0,-0.10132035678867726,-0.6692886183776768,-0.2768934122977966,0.050636349474003375,1.0,1.0,0.0,2.0,0.004393195112540915,0,0.41256366723259763
3508,2019-12-31,0,0,train,0.20689595,0.018331979503882576,0.11261396348012122,0.20689595,-0.18246751388247878,0,10.327380699547913,0,0.0,0,0,-0.6102990102508059,0.10691616971679338,0.02054398126460025,0.0,-1.2921487801167806,-0.6692886183776768,-0.3004221288906257,-1.0814136114985262,1.0,1.0,0.0,2.0,0.010495360940678914,0,0.4762308998302207
3516,2019-12-31,0,0,val,0.20689595,0.11359295051363011,0.16024444898499499,0.20689595,-0.19165509075572496,0,10.841217854528736,0,0.022310270302521876,0,0,-0.8550267838907901,-0.0700138772187948,-0.03455060758476883,0.0,-1.3052348067467596,-0.6692886183776768,-0.3082650344215687,-1.0897991667649893,1.0,1.0,0.0,1.0,,0,0.5647990945104696
3531,2019-12-31,0,0,val,0.1886759,0.0046210529963473445,0.09664847416481873,0.1886759,-0.21393361133872163,0,11.882083368041728,0,0.0,0,0,0.5947035473879057,0.3332039121451085,0.5800118857540211,0.0,0.6925652587633916,-0.6692886183776768,-0.3278722982489263,0.8409749333381582,1.0,1.0,0.0,1.0,,0,0.16015846066779854
3539,2019-12-31,0,0,train,0.17793086,0.021435475680545157,0.09968316869602362,0.17793086,-0.19109039130389416,0,11.886776331136433,0,0.0,0,0,1.1550365774457623,0.6092072293074581,0.7754239125955066,0.0,1.4820888654388007,-0.6692886183776768,-0.3317937510143978,1.6019640737696919,1.0,1.0,0.0,2.0,0.002072249849633044,0,0.2555178268251273
3565,2019-12-31,90,1,train,0.8377466,0.9964527753338069,0.9170996977560149,0.8377466,0.0010444474162131234,1,1.0802711957262296,1,0.0,0,2,-0.24126048503595285,0.19232267440417436,-2.7716137493894437,0.0,-0.8777579368341073,-0.6692886183776768,-0.3553224676072268,-0.6537502929089039,1.0,1.0,0.0,2.0,-5.3647549925211164e-17,1,2.7116581777023203
3566,2019-12-31,5,0,train,0.18600048,0.0021670838710664917,0.0940837825594842,0.18600048,-0.09196990106520575,0,9.511183369914216,0,0.0,0,0,1.355031219647758,1.3353013946495944,0.7685256716972166,0.0,-0.8908439634640865,-0.6692886183776768,-0.3553224676072268,-0.6663286258085986,1.0,1.0,0.0,4.0,0.007408840954331839,0,0.6194114318053198
3568,2019-12-31,0,0,val,0.17793086,0.026215788333679255,0.10207332502259067,0.17793086,-0.20792094377849885,0,11.884731148526905,0,0.0,0,0,0.9102649367018151,0.43193233667817055,0.6961489215417195,0.0,1.4820888654388007,-0.6692886183776768,-0.3553224676072268,1.6145424066693868,1.0,1.0,0.0,3.0,0.002072249849635452,0,0.19241652518392757
3590,2019-12-31,0,0,train,0.1899865,0.010395608282534524,0.10019105272315355,0.1899865,-0.16014535028557597,0,10.238968857310898,0,0.0,0,0,0.9102649367018151,0.5617063565545802,0.6810386167707354,0.0,0.6860222454484021,-0.6692886183776768,-0.3827726369655274,0.864035210320932,1.0,1.0,0.0,4.0,0.004258867128780871,0,0.5118845500848896
3597,2019-12-31,0,0,test,0.26661587,0.036136318110713134,0.15137609286272963,0.26661587,-0.2028873457795788,0,11.871417518713677,0,0.006765895858866275,0,0,-0.4103336142467955,0.5440833444372986,-0.07093189219950066,0.0,-1.6956346012078045,-0.6692886183776768,-0.3866940897309989,-1.4231249886069008,1.0,1.0,0.0,1.0,,0,0.44821731748726656
3606,2019-12-31,0,0,test,0.18390372,0.004439009413083974,0.0941713666841192,0.18390372,-0.18224702523053965,0,11.871572799348328,0,0.0,0,0,-1.6151168794859678,-0.8124806566072014,-0.1933703931786861,0.0,-0.8930249679024163,-0.6692886183776768,-0.3906155424964704,-0.6495575152756723,1.0,1.0,0.0,2.0,0.009494610130767075,0,0.36134691567628746
3608,2019-12-31,0,0,train,0.18637325,0.0010366234303545168,0.09370493606334086,0.18637325,-0.2153605384442201,0,11.881110522146004,0,0.0,0,0,0.5947035473879057,0.784086651967669,0.5218038957015477,0.0,-0.8864819545874267,-0.6692886183776768,-0.3906155424964704,-0.6432683488258248,1.0,1.0,0.0,1.0,,0,0.1604414261460102
3623,2019-12-31,0,0,train,0.20366079,0.009509446532614476,0.10658511634225024,0.20366079,-0.20959373770215667,0,11.883408836189318,0,0.0,0,0,0.7946933146278521,0.6647098169860821,0.6349014497108968,0.0,-0.03370921920045162,-0.6692886183776768,-0.40237990079288494,0.18270884492079847,1.0,1.0,0.0,4.0,0.007451208165030635,0,0.18251273344651953
3631,2019-12-31,0,0,val,0.17888087,0.0027606023704920993,0.09082073635637337,0.17888087,-0.1913890833257878,0,11.872017994989788,0,0.0001250977979900589,0,0,-1.3704439175282717,-0.636595723275102,-0.11415097184965921,0.0,-0.9061109945323954,-0.6692886183776768,-0.40630135355835645,-0.6537502929089039,1.0,1.0,0.0,3.0,0.0021486717921002027,0,0.46745897000565934
3635,2019-12-31,0,0,val,0.17888087,0.011415767514810467,0.09514831892853255,0.17888087,-0.14921581296189723,0,10.287717167164177,0,0.18814654792945834,0,0,-1.6151168794859678,-0.6136680030195855,-0.2457873117599724,0.0,-1.30305380230843,-0.6692886183776768,-0.41022280632382796,-1.0331966687163627,1.0,1.0,0.0,1.0,,0,0.7125070741369552
3637,2019-12-31,0,0,train,0.20140012,0.0076326388409410605,0.10451637746347361,0.20140012,-0.20303501634558135,0,10.844958948451316,0,0.0,0,0,-0.3225429295343368,0.11992109119627757,0.22521318872940224,0.0,-0.9017489856557357,-0.6692886183776768,-0.41022280632382796,-0.6474611264590565,1.0,1.0,0.0,1.0,,0,0.3562535370684777
3639,2019-12-31,0,0,train,0.17905962,0.004677651832085853,0.09186863825201094,0.17905962,-0.18412632056258937,0,10.523414019923713,0,0.0,0,0,1.1550365774457623,0.9215226508211726,0.7494467291586749,0.0,-0.11222537898032657,-0.6692886183776768,-0.425908617385714,0.11981718042232462,1.0,1.0,0.0,2.0,0.002357520163054332,0,0.4473684210526316
3644,2019-12-31,0,0,val,0.17942154,0.0006530328858576984,0.09003728848043495,0.17942154,-0.043532252280413464,0,11.921405059976744,0,0.0,0,0,0.14995554505204067,3.1131887305393566,0.5007389167302257,0.0,-0.9017489856557357,-0.6692886183776768,-0.4298300701511855,-0.6369791823759775,1.0,1.0,1.0,1.0,,0,0.36361063950198075
3656,2019-12-31,0,0,train,0.18560687,0.00952438490136612,0.09756562598816627,0.18560687,-0.19997861219521534,0,11.397237024364479,0,0.0,0,0,0.7946933146278521,0.5634353733730323,0.6447839229149792,0.0,0.2956224509873572,-0.6692886183776768,-0.4376729756821285,0.5181310555793257,1.0,1.0,0.0,3.0,0.003671225761219374,0,0.32173174872665533
3658,2019-12-31,0,0,val,0.18570325,0.007889932538866858,0.09679659016221755,0.18570325,-0.2176148823457964,0,11.88019392037148,0,0.0003976383606471523,0,0,0.34993921892454616,0.3383017618760408,0.4886962078249607,0.0,-0.0991393523503474,-0.6692886183776768,-0.4376729756821285,0.13868467977186677,1.0,1.0,0.0,1.0,,0,0.289756649688738
3662,2019-12-31,0,0,val,0.17942154,0.005263161942979634,0.09234235300899592,0.17942154,-0.2205112430129244,0,11.8789256946921,0,2.588773892375944e-06,0,0,0.14995554505204067,0.1935665112708848,0.42374065324182314,0.0,-0.11222537898032657,-0.6692886183776768,-0.4415944284476,0.1282027356887878,1.0,1.0,0.0,1.0,,0,0.277306168647425
3663,2019-12-31,0,0,train,0.19301659,0.009620904501004184,0.10131874659445046,0.19301659,-0.21649474723442402,0,11.8762376038867,0,0.0,0,0,-0.09479964367748854,-0.009902644807404513,0.2618799104845922,0.0,-0.11222537898032657,-0.6692886183776768,-0.4415944284476,0.1282027356887878,1.0,1.0,0.0,1.0,,0,0.1847764572722128
3667,2019-12-31,0,0,test,0.1738733,0.01460726297189756,0.09424028414631866,0.1738733,-0.2002965522706216,0,10.745495983012198,0,0.0016234673833276018,0,0,0.9102649367018151,0.4357675332770529,0.7029160396037377,0.0,1.49299388763045,-0.6692886183776768,-0.4415944284476,1.6711449047180131,1.0,1.0,0.0,1.0,,0,0.5186757215619694
3670,2019-12-31,0,0,train,0.17752899,0.0037268470493660314,0.09062791967231562,0.17752899,-0.1834263925999165,0,10.966473169780114,0,4.2146848510894035e-08,0,0,-1.1705150672121296,-0.4925138708888449,-0.057620966634519044,0.0,-0.8995679812174059,-0.6692886183776768,-0.4455158812130715,-0.6264972382928985,1.0,1.0,0.0,2.0,0.0031536221504163656,0,0.5132993774759479
3674,2019-12-31,0,0,train,0.2416149,0.006167574920189253,0.12389123399949664,0.2416149,-0.2168189097878559,0,11.87752304817497,0,0.0,0,0,0.03439001631167122,0.37821563864870944,0.3408084096895356,0.0,-0.8777579368341073,-0.6692886183776768,-0.45335878674401453,-0.601340572493509,1.0,1.0,0.0,2.0,0.01534007787704426,0,0.1768534238822864
3675,2019-12-31,0,0,test,0.17574498,0.0025929791070401246,0.08916897984034715,0.17574498,-0.20845718976200672,0,10.848241896744854,0,0.004296800541644639,0,0,0.14995554505204067,0.3119442498301372,0.40634984430202126,0.0,-0.5026251734413715,-0.6692886183776768,-0.45335878674401453,-0.2407616960355922,1.0,1.0,0.0,1.0,,0,0.47198641765704585
3683,2019-12-31,41,1,test,0.8377466,0.9976907274158545,0.9177186737970386,0.8377466,0.0005259209321222258,1,3.922634367753519,1,0.16163378030195938,0,2,-0.09479964367748854,0.025352189926124487,-2.7716137493894437,0.0,-0.10132035678867726,-0.6692886183776768,-0.46120169227495755,0.14916662385494575,1.0,1.0,0.0,1.0,,1,2.8664402942840974
3687,2019-12-31,0,0,train,0.17388299,0.006936432506344596,0.09040971179093017,0.17388299,-0.1976136107475991,0,11.243446677317179,0,0.0,0,0,-0.8550267838907901,-0.5322526463406512,0.09844668534406323,0.0,-0.11222537898032657,-0.6692886183776768,-0.46512314504042906,0.14078106858848258,1.0,1.0,0.0,3.0,0.0019218187247015568,0,0.3522920203735145
3701,2019-12-31,0,0,val,0.19592316,0.004798513226549166,0.10036083885671712,0.19592316,-0.21139275126025853,0,11.874671295192725,0,0.0,0,0,-0.6102990102508059,-0.08357510467521566,0.15232381894438599,0.0,-0.8755769323957774,-0.6692886183776768,-0.4847304088677866,-0.5824730731439668,1.0,1.0,0.0,2.0,0.031008660793386475,0,0.22241086587436332
3704,2019-12-31,0,0,train,0.19048211,0.011156396582104957,0.10081925318359246,0.19048211,-0.2018912815013943,0,10.883262246547162,0,0.0,0,0,0.9102649367018151,0.5657748358054772,0.6909865397778538,0.0,0.6838412410100722,-0.6692886183776768,-0.48865186163325813,0.9185413195529426,1.0,1.0,0.0,3.0,0.009131287889796304,0,0.35738539898132426
3706,2019-12-31,0,0,train,0.17388299,0.007127297951291875,0.09050514451340382,0.17388299,-0.18366457728820929,0,11.241423433270395,0,0.0,0,0,-1.1705150672121296,-0.28833938201913695,-0.07148807408889489,0.0,-1.2747007446101417,-0.6692886183776768,-0.48865186163325813,-0.9640158377680416,1.0,1.0,0.0,2.0,0.0017936974763869708,0,0.39077532541029997
3708,2019-12-31,0,0,test,0.17095135,0.013170124003002007,0.09206073776320067,0.17095135,-0.20792094377849885,0,11.88483354182778,0,2.3809043460420625e-05,0,0,0.9102649367018151,0.4357675332770529,0.7020154038662016,0.0,1.4908128831921201,-0.6692886183776768,-0.48865186163325813,1.694205181700787,1.0,1.0,0.0,1.0,,0,0.31833616298811546
3709,2019-12-31,0,0,train,0.19048211,0.004105717518238108,0.09729391365165903,0.19048211,-0.2123145207250322,0,11.882270589691982,0,0.0,0,0,0.5947035473879057,0.3413051700697186,0.5910987932625448,0.0,0.7143753031466902,-0.6692886183776768,-0.48865186163325813,0.9478907629855637,1.0,1.0,0.0,4.0,0.004766841813662437,0,0.17345783814374646
3717,2019-12-31,0,0,val,0.17488405,0.004292083463079053,0.08958806727379874,0.17488405,-0.21393361133872163,0,11.882083358458836,0,0.0,0,0,0.5947035473879057,0.5198352690109865,0.580011317339329,0.0,-0.09259633903535783,-0.6692886183776768,-0.49257331439872964,0.1743232896543353,1.0,1.0,0.0,2.0,0.0049847736954585,0,0.16072439162422184
3720,2019-12-31,0,0,test,0.19061388,0.017906029489766648,0.1042599551216419,0.19061388,-0.2205112430129244,0,11.879122665417784,0,0.0,0,0,0.14995554505204067,0.19785715415765218,0.4359689161676014,0.0,-0.07951031240537867,-0.6692886183776768,-0.5004162199296727,0.19109440018726168,1.0,1.0,0.0,1.0,,0,0.15280135823429541
3721,2019-12-31,0,0,train,0.19061388,0.01981358488225178,0.10521373281788446,0.19061388,-0.19107463272034025,0,10.400856798823497,0,5.960464477539063e-08,0,0,0.4377369338297394,0.4061677344086224,0.5291745616580769,0.0,-0.07951031240537867,-0.6692886183776768,-0.5004162199296727,0.19109440018726168,1.0,1.0,0.0,1.0,,0,0.5495189586870403
3724,2019-12-31,0,0,train,0.16537526,0.005396326152842025,0.08538579432584881,0.16537526,-0.20000354594189707,0,11.16083754619159,0,0.0,0,0,0.9102649367018151,0.3391980032125848,0.7160748748654117,0.0,2.289060507620849,-0.6692886183776768,-0.5082591254606157,2.471965432665247,1.0,1.0,0.0,3.0,1.091848181405556e-18,0,0.34663271080928126
3732,2019-12-31,0,0,train,0.1649145,0.006846176086132773,0.0858803398898567,0.1649145,-0.2189935313443665,0,11.880056851889004,0,0.0,0,0,0.2544983353295333,0.09513005420053441,0.4871600504046667,0.0,0.701289276516711,-0.6692886183776768,-0.5121805782260872,0.9478907629855637,1.0,1.0,0.0,2.0,-3.3511313908389215e-18,0,0.1516694963214488
3738,2019-12-31,0,0,train,0.1649145,0.00476462266493432,0.08483956317925748,0.1649145,-0.20877814826016494,0,11.874056199157101,0,0.0,0,0,-0.6102990102508059,0.11653176137422099,0.11022650222993562,0.0,-1.2725197401718118,-0.6692886183776768,-0.5121805782260872,-0.949341116051731,1.0,1.0,0.0,1.0,,0,0.2430673457838144
3743,2019-12-31,0,0,test,0.1649145,0.004440391539704088,0.08467744761664235,0.1649145,-0.1989415846704516,0,11.15010278152037,0,0.00017036856204957044,0,0,-0.6102990102508059,-0.23331963982397855,0.17454707125002294,0.0,-0.4829961334964027,-0.6692886183776768,-0.5161020309915587,-0.1883519756201973,1.0,1.0,0.0,2.0,-7.795749416967184e-19,0,0.4872665534804754
3744,2019-12-31,0,0,train,0.16552627,0.0026753863435991405,0.0841008286049966,0.16552627,-0.14816864163282162,0,10.439933057267082,0,0.0,0,0,-1.6151168794859678,-0.3174124321637751,-0.3193067897506285,0.0,-1.689091587892815,-0.6692886183776768,-0.5161020309915587,-1.3476549912087321,1.0,1.0,0.0,2.0,7.350870812299315e-20,0,0.5050933786078099
3751,2019-12-31,0,0,test,0.1649145,0.003115467320640255,0.08401498550711044,0.1649145,-0.19255553374915446,0,10.44281079969406,0,0.0020043061512437462,0,0,0.5947035473879057,0.3413051700697186,0.597345059012569,0.0,0.6969272676400513,-0.6692886183776768,-0.5200234837570302,0.9478907629855637,1.0,1.0,0.0,1.0,,0,0.5789473684210527
3755,2019-12-31,0,0,train,0.16537526,0.004788023609841419,0.08508164305434851,0.16537526,-0.1902864141687613,0,11.88703016858851,0,2.9802322387695312e-08,0,0,1.1550365774457623,0.5126962109174344,0.7896282660645614,0.0,2.284698498744189,-0.6692886183776768,-0.5200234837570302,2.474061821481863,1.0,1.0,0.0,3.0,8.273509858198126e-18,0,0.35568760611205436
3757,2019-12-31,56,1,test,0.8377466,0.9966773032144759,0.9172119616963492,0.8377466,-0.010615009809922582,0,2.805579104202931,1,0.15531981845031415,0,1,-0.09479964367748854,0.02941628860830401,-2.7716137493894437,0.0,-0.10132035678867726,-0.6692886183776768,-0.5239449365225017,0.18270884492079847,1.0,1.0,0.0,1.0,,1,1.8692699490662141
3759,2019-12-31,0,0,train,0.17711991,0.005747367113246432,0.09143363891512847,0.17711991,-0.0864246347178595,0,10.135537905756108,0,8.429369702178807e-08,0,0,-2.3749330398970696,-0.8697245957440394,-0.6872615940056509,0.0,-1.673824556824506,-0.6692886183776768,-0.5239449365225017,-1.32878749185919,1.0,1.0,0.0,6.0,0.0019764808170884616,0,0.6943972835314091
3764,2019-12-31,0,0,train,0.16537526,0.005884087622535309,0.08562967506069545,0.16537526,-0.20000039629024746,0,10.725249228112846,0,0.0,0,0,0.9102649367018151,0.3391980032125848,0.7160748748654117,0.0,2.289060507620849,-0.6692886183776768,-0.5239449365225017,2.4803509879317103,1.0,1.0,0.0,1.0,,0,0.38115449915110355
3767,2019-12-31,0,0,train,0.16549736,0.003889856406826885,0.08469360951025243,0.16549736,-0.20792094377849885,0,11.88496541967681,0,0.0,0,0,0.9102649367018151,0.4395843408606673,0.7095566705540263,0.0,1.49299388763045,-0.6692886183776768,-0.5239449365225017,1.7151690698669448,1.0,1.0,0.0,1.0,,0,0.1907187323146576
3773,2019-12-31,0,0,train,0.1649145,0.005682988167928452,0.08529874593075454,0.1649145,-0.21137696935913763,0,11.08598023804951,0,0.0,0,0,0.14995554505204067,0.19785715415765218,0.4359689161676014,0.0,-0.09695834791201755,-0.6692886183776768,-0.5357092948189163,0.19319078900387746,1.0,1.0,0.0,2.0,-8.911271336029491e-18,0,0.2843803056027165
3779,2019-12-31,0,0,train,0.16549736,0.006179472129743113,0.08583841737171055,0.16549736,-0.20083058660617742,0,10.980094150601314,0,0.0,0,0,0.9102649367018151,0.4395843408606673,0.7095566705540263,0.0,1.4842698698771306,-0.6692886183776768,-0.5396307475843878,1.7151690698669448,1.0,1.0,0.0,2.0,2.5329690860356614e-18,0,0.35342388228636107
3785,2019-12-31,0,0,val,0.1649145,0.005103621447666523,0.08500906257062357,0.1649145,-0.19825518007248777,0,10.439108449470098,0,0.07748444541026529,0,0,0.14995554505204067,0.19785715415765218,0.4359689161676014,0.0,-0.10350136122700712,-0.6692886183776768,-0.5474736531153308,0.19319078900387746,1.0,1.0,0.0,2.0,-5.416731212468485e-17,0,0.5930956423316355
3787,2019-12-31,0,0,train,0.17711991,0.009002007070067335,0.09306095889353892,0.17711991,-0.09470147352443603,0,10.135397361323081,0,8.429369702178807e-08,0,0,-2.1751137463179733,-0.7210087318862738,-0.4982741088094241,0.0,-1.691272592331145,-0.6692886183776768,-0.5474736531153308,-1.3329802694924215,1.0,1.0,0.0,4.0,0.0034697800874691994,0,0.6910016977928692
3790,2019-12-31,0,0,test,0.16537526,0.0039391214329729946,0.08465719196591429,0.16537526,-0.18262361253183984,0,11.888923004256098,0,0.0,0,0,1.355031219647758,0.6613038616391421,0.860125026651109,0.0,2.2934225164975084,-0.6692886183776768,-0.5553165586462738,2.5013148760978683,1.0,1.0,0.0,1.0,,0,0.27447651386530847
3798,2019-12-31,0,0,train,0.1649145,0.004825461582327253,0.08486998263795394,0.1649145,-0.2131805885182808,0,11.876933793108867,0,0.0,0,0,-0.24126048503595285,-0.08503220041653976,0.3092672930673877,0.0,-0.11222537898032657,-0.6692886183776768,-0.5631594641772169,0.19319078900387746,1.0,1.0,0.0,1.0,,0,0.1983588002263724
3800,2019-12-31,16,0,train,0.1649145,0.007354000510883206,0.08613425210223191,0.1649145,-0.1001837725107485,0,8.551911047248847,0,0.0,0,0,0.14995554505204067,0.023519513520892765,0.46166178530214624,0.0,0.6947462632017215,-0.6692886183776768,-0.5631594641772169,0.9688546511517218,1.0,1.0,0.0,3.0,1.7934523116183908e-17,0,0.6177136389360499
3806,2019-12-31,0,0,train,0.1649145,0.0027297350652219993,0.08382211937940132,0.1649145,-0.18361512061591828,0,10.361702646137863,0,0.0,0,0,-0.6102990102508059,-0.08357510467521566,0.1508412422313599,0.0,-0.9082919989707253,-0.6692886183776768,-0.5670809169426884,-0.569894740244272,1.0,1.0,0.0,2.0,9.496149828965295e-18,0,0.469439728353141
3808,2019-12-31,0,0,val,0.1649145,0.002256945495962771,0.0835857245947717,0.1649145,-0.21178193806730883,0,11.875225530477843,0,0.0,0,0,-0.6102990102508059,-0.35151240771876313,0.18974513948788274,0.0,-0.11222537898032657,-0.6692886183776768,-0.5670809169426884,0.19528717782049326,1.0,1.0,0.0,3.0,-8.736569301908251e-18,0,0.21873231465761178
3810,2019-12-31,0,0,val,0.1649145,0.008140213262053962,0.0865273584778173,0.1649145,-0.21265543936034498,0,11.875541718576041,0,0.0,0,0,-0.4103336142467955,0.06100544361214839,0.21708267503584788,0.0,-0.8755769323957774,-0.6692886183776768,-0.5710023697081598,-0.5363525191784193,1.0,1.0,0.0,1.0,,0,0.2130730050933786
3817,2019-12-31,0,0,train,0.1649145,0.006940397263744831,0.08592745047866272,0.1649145,-0.2205112430129244,0,11.87939244658891,0,0.0,0,0,0.14995554505204067,0.019544094453707233,0.45264243749827127,0.0,0.6882032498867319,-0.6692886183776768,-0.5749238224736313,0.9688546511517218,1.0,1.0,0.0,1.0,,0,0.14912280701754388
3819,2019-12-31,0,0,train,0.1649145,0.004723504618436061,0.08481900415600835,0.1649145,-0.21000234447256244,0,11.875576776950616,0,0.0,0,0,-0.24126048503595285,0.3836366864288467,0.22046468720467102,0.0,-1.3052348067467596,-0.6692886183776768,-0.5749238224736313,-0.9472447272351152,1.0,1.0,0.0,2.0,-8.911271336029491e-18,0,0.22722127900396152
3838,2019-12-31,0,0,val,0.1649145,0.012700381232050511,0.08880744246281556,0.1649145,-0.2205112430129244,0,11.879310994753368,0,0.0,0,0,0.14995554505204067,0.20214843955170697,0.4476174592798394,0.0,-0.07951031240537867,-0.6692886183776768,-0.5945310863009888,0.24140773178604075,1.0,1.0,0.0,2.0,-7.795749416967184e-19,0,0.15082059988681382
3843,2019-12-31,0,0,val,0.1649145,0.0026833443778149267,0.08379892403569777,0.1649145,-0.20275386115754018,0,10.642710998781922,0,0.0,0,0,0.5947035473879057,0.3453250897311906,0.6057045168794777,0.0,0.7165563075850201,-0.6692886183776768,-0.5945310863009888,1.006589649850806,1.0,1.0,0.0,1.0,,0,0.37719298245614036
3847,2019-12-31,0,0,train,0.1649145,0.012700381232050511,0.08880744246281556,0.1649145,-0.20921152855412878,0,10.713219367252437,0,0.0,0,0,0.14995554505204067,0.20214843955170697,0.4476174592798394,0.0,-0.07951031240537867,-0.6692886183776768,-0.5984525390664603,0.24350412060265655,1.0,1.0,0.0,1.0,,0,0.3279569892473118
3848,2019-12-31,0,0,val,0.16537526,0.001348269665031676,0.08336176608194364,0.16537526,-0.2076916371536104,0,11.885079646173798,0,0.0,0,0,0.9102649367018151,0.44338293493128916,0.7160754562128984,0.0,1.5148039320137487,-0.6692886183776768,-0.5984525390664603,1.775964345548803,1.0,1.0,0.0,1.0,,0,0.19524617996604418
3850,2019-12-31,0,0,train,0.1649145,0.0015629241413022941,0.08323871391744146,0.1649145,-0.21064003762857508,0,10.973452193800894,0,0.0,0,0,0.14995554505204067,0.4710643761494557,0.4177471232705042,0.0,-0.8755769323957774,-0.6692886183776768,-0.5984525390664603,-0.5216777974621087,1.0,1.0,0.0,2.0,-7.795749416967184e-19,0,0.29456706281833617
3864,2019-12-31,0,0,train,0.1649145,0.010161498679572388,0.08753800118657651,0.1649145,-0.1590274457628617,0,10.132319001062797,0,0.0,0,0,-0.24126048503595285,-0.08077009145365893,0.3209148226290158,0.0,-0.09259633903535783,-0.6692886183776768,-0.6180598028938179,0.24140773178604075,1.0,1.0,0.0,1.0,,0,0.535653650254669
3869,2019-12-31,0,0,test,0.1649145,0.006393931829411113,0.08565421776149587,0.1649145,-0.20830173325419565,0,10.973227368223426,0,0.01797859697309356,0,0,0.03439001631167122,0.11853032193551584,0.4101892463010666,0.0,-0.08169131684370853,-0.6692886183776768,-0.6219812556592894,0.25398606468573554,1.0,1.0,0.0,3.0,3.614394864411125e-18,0,0.4748160724391624
3870,2019-12-31,0,0,train,0.1649145,0.0014030867199321879,0.08315879520675641,0.1649145,-0.20850094559447718,0,11.042653229133224,0,0.0,0,0,0.14995554505204067,0.4710643761494557,0.41712553995882806,0.0,-0.8777579368341073,-0.6692886183776768,-0.6259027084247609,-0.509099464562414,1.0,1.0,0.0,2.0,-7.795749416967184e-19,0,0.30701754385964913
3887,2019-12-31,0,0,train,0.16537526,0.006738058949915563,0.08605666072438557,0.16537526,-0.1866895681705389,0,10.648800581139762,0,0.0,0,0,1.2394575663196734,0.5811685997313789,0.828036018218779,0.0,2.2934225164975084,-0.6692886183776768,-0.633745613955704,2.543242652430184,1.0,1.0,0.0,2.0,-1.1724289692685725e-17,0,0.4309564233163554
3888,2019-12-31,0,0,test,0.16537526,0.0024109448149874486,0.08389310365692151,0.16537526,-0.2021058092890402,0,11.255031631069034,0,1.4292691717483756e-07,0,0,0.9102649367018151,0.44338293493128916,0.7160754562128984,0.0,1.4973558965071099,-0.6692886183776768,-0.633745613955704,1.7780607343654187,1.0,1.0,0.0,2.0,-1.2414697745349255e-17,0,0.4402942840973401
3892,2019-12-31,56,1,val,0.8377466,0.993879859649646,0.9158132399139343,0.8377466,-0.006427968049973587,0,2.6435005663345112,1,0.41177960310797324,0,1,0.14995554505204067,0.21148057585988433,-2.7716137493894437,0.0,-0.09695834791201755,-0.6692886183776768,-0.633745613955704,0.24560050941927233,1.0,1.0,0.0,2.0,-5.3647549925211164e-17,1,1.8964346349745331
3893,2019-12-31,0,0,train,0.1649145,0.0015916528868344692,0.08325307829020755,0.1649145,-0.20301942978215692,0,11.395678179440253,0,0.0,0,0,0.5947035473879057,0.5197876751266165,0.580011317339329,0.0,-0.10786337010366684,-0.6692886183776768,-0.633745613955704,0.23511856533619335,1.0,1.0,0.0,1.0,,0,0.30701754385964913
3894,2019-12-31,0,0,train,0.16537526,0.0024678462655185573,0.08392155438218707,0.16537526,-0.2076916371536104,0,11.885079646173798,0,0.0,0,0,0.9102649367018151,0.44338293493128916,0.7160754562128984,0.0,1.5126229275754188,-0.6692886183776768,-0.633745613955704,1.7927354560817292,1.0,1.0,0.0,2.0,-1.1724289692685725e-17,0,0.19524617996604418
3895,2019-12-31,0,0,val,0.1649145,0.007682049780131531,0.08629827673685608,0.1649145,-0.20294560968694653,0,11.390497362778024,0,0.0013890801448655787,0,0,-0.24126048503595285,-0.08077009145365893,0.3209148226290158,0.0,-0.08605332572036825,-0.6692886183776768,-0.633745613955704,0.2560824535023513,1.0,1.0,0.0,1.0,,0,0.4538766270514998
3897,2019-12-31,0,0,test,0.1649145,0.004172540317272959,0.0845435220054268,0.1649145,-0.19370676113427604,0,10.596153332374103,0,0.03095008311889184,0,0,-0.6102990102508059,-0.3472575670774017,0.2011661877697064,0.0,-0.09041533459702797,-0.6692886183776768,-0.633745613955704,0.25188967586911976,1.0,1.0,0.0,2.0,-7.795749416967184e-19,0,0.5834748160724392
3900,2019-12-31,0,0,train,0.1649145,0.0028679894299261806,0.08389124656175341,0.1649145,-0.21247044069709764,0,11.875387727398486,0,0.0,0,0,-0.6102990102508059,-0.3472575670774017,0.20060769878791362,0.0,-0.07732930796704882,-0.6692886183776768,-0.6376670667211755,0.2665643975854303,1.0,1.0,0.0,2.0,-5.416731212468485e-17,0,0.21505376344086025
3901,2019-12-31,0,0,val,0.1649145,0.0037386040571122216,0.08432655387534642,0.1649145,-0.2205112430129244,0,11.879310994753368,0,0.0,0,0,0.14995554505204067,0.20214843955170697,0.4476174592798394,0.0,-0.0991393523503474,-0.6692886183776768,-0.6376670667211755,0.24560050941927233,1.0,1.0,0.0,2.0,-5.416731212468485e-17,0,0.15082059988681382
3902,2019-12-31,0,0,test,0.1649145,0.0022400520079372656,0.08357727785075894,0.1649145,-0.20246195666940536,0,11.395883306312665,0,0.0007031473993851019,0,0,0.5947035473879057,0.5241228868771506,0.5916603188016144,0.0,-0.0991393523503474,-0.6692886183776768,-0.6376670667211755,0.24560050941927233,1.0,1.0,0.0,1.0,,0,0.44878324844368983
3917,2019-12-31,0,0,train,0.1649145,0.0047855840635745986,0.08485004387857761,0.1649145,-0.216094326590069,0,11.876072851857346,0,2.1073424255447017e-08,0,0,-0.4103336142467955,-0.20735104953860828,0.252188020264077,0.0,-0.10132035678867726,-0.6692886183776768,-0.6611957833140045,0.2560824535023513,1.0,1.0,0.0,1.0,,0,0.2815506508205999
3919,2019-12-31,0,0,train,0.16537526,0.002939060953925589,0.0841571617263906,0.16537526,-0.2076916371536104,0,11.885079646173798,0,0.0,0,0,0.9102649367018151,0.44338293493128916,0.7160754562128984,0.0,1.5060799142604293,-0.6692886183776768,-0.6611957833140045,1.8011210113481926,1.0,1.0,0.0,2.0,-2.329601924981962e-18,0,0.19524617996604418
3933,2019-12-31,0,0,train,0.1649145,0.0028743599536295342,0.08389443182360508,0.1649145,-0.20746970395128406,0,10.716196917226005,0,0.0,0,0,-0.09479964367748854,0.4944486887431784,0.3056979878371263,0.0,-1.3008727978701,-0.6692886183776768,-0.6768815943758906,-0.8885458403698729,1.0,1.0,0.0,1.0,,0,0.34663271080928126
3934,2019-12-31,0,0,train,0.1649145,0.0027852745329476104,0.08384988911326412,0.1649145,-0.09820894703483135,0,10.093477292892974,0,0.0,0,0,-1.1705150672121296,-0.4833989066481587,-0.009903711209341519,0.0,-0.9082919989707253,-0.6692886183776768,-0.6768815943758906,-0.5111958533790298,1.0,1.0,0.0,2.0,-0.6728321164864226,0,0.5888511601584607
3936,2019-12-31,0,0,val,0.18606243,0.027543804328838756,0.10680311485191175,0.18606243,-0.15386559003553818,0,11.870307581205592,0,0.00843046458647946,0,0,-2.1751137463179733,-0.7161225511610911,-0.44359078853436557,0.0,-1.7021776145227943,-0.6692886183776768,-0.6768815943758906,-1.2742813826271793,1.0,1.0,0.0,3.0,0.0044521940381861795,0,0.5591397849462366
3947,2019-12-31,0,0,train,0.1649145,0.002098199346022603,0.08350635151980161,0.1649145,-0.2205112430129244,0,11.879310994753368,0,0.0,0,0,0.14995554505204067,0.20214843955170697,0.4476174592798394,0.0,-0.10568236566533698,-0.6692886183776768,-0.6886459526723051,0.2665643975854303,1.0,1.0,0.0,1.0,,0,0.15082059988681382
3948,2019-12-31,0,0,test,0.1649145,0.005210978327823631,0.08506274101070213,0.1649145,-0.20860413871944355,0,10.7700007912476,0,0.0019965868565441818,0,0,0.14995554505204067,0.02354910632049453,0.46166178530214624,0.0,0.6903842543250618,-0.6692886183776768,-0.6886459526723051,1.0317463156501956,1.0,1.0,0.0,1.0,,0,0.4708545557441992
3954,2019-12-31,0,0,train,0.16537526,0.005531393897942019,0.0854533281983988,0.16537526,-0.20684290747184736,0,11.885173409740057,0,0.0,0,0,0.9102649367018151,0.3427927276780936,0.7214173990484066,0.0,2.2781554854291994,-0.6692886183776768,-0.7004103109687196,2.564206540596342,1.0,1.0,0.0,1.0,,0,0.20005659309564236
3966,2019-12-31,0,0,train,0.1649145,0.0038568699358713606,0.084385686814726,0.1649145,-0.2205112430129244,0,11.879296143888443,0,0.0,0,0,0.14995554505204067,0.20214843955170697,0.44670042836903284,0.0,-0.09259633903535783,-0.6692886183776768,-0.7082532164996627,0.28962467456820407,1.0,1.0,0.0,1.0,,0,0.15195246179966046
3973,2019-12-31,0,0,test,0.1649145,0.001333731518094181,0.0831241176058374,0.1649145,-0.19267546014916065,0,11.873031865709656,0,0.00010027859401574134,0,0,-1.1705150672121296,-0.4835667572576979,-0.01050983132076778,0.0,-0.8755769323957774,-0.6692886183776768,-0.7121746692651342,-0.4608825217802507,1.0,1.0,0.0,1.0,,0,0.4558573853989813
3975,2019-12-31,0,0,train,0.16552627,0.007325027807811296,0.08642564933710267,0.16552627,-0.19088431925393762,0,11.871729140531315,0,0.0,0,0,-1.3704439175282717,-0.13089529309054848,-0.13582989763626296,0.0,-1.6716435523861761,-0.6692886183776768,-0.7160961220306057,-1.2239680510284001,1.0,1.0,0.0,2.0,0.0001223534345626814,0,0.33984153933220146
3978,2019-12-31,0,0,val,0.16537526,0.0053077881515989946,0.08534152532522729,0.16537526,-0.19913651134925026,0,11.160957224428902,0,0.0015372664422699078,0,0,0.9102649367018151,0.4471634884906694,0.7224767874798206,0.0,1.5497000030270265,-0.6692886183776768,-0.7160961220306057,1.8723982311131295,1.0,1.0,0.0,2.0,-1.2965754423582039e-17,0,0.49179400113186195
3979,2019-12-31,0,0,val,0.18606243,0.016192006804442733,0.10112721608971374,0.18606243,-0.13725909519131302,0,11.870370571208703,0,0.001915364174036825,0,0,-2.385946924716613,-0.8689977922123416,-0.5118305895751618,0.0,-1.704358618961124,-0.6692886183776768,-0.7160961220306057,-1.2554138832776371,1.0,1.0,0.0,2.0,0.007049307227126081,0,0.5647990945104697
3989,2019-12-31,0,0,train,0.1649145,0.0011577919582686827,0.08303614782592465,0.1649145,-0.21743014310858888,0,11.880575606911044,0,0.0,0,0,0.4377369338297394,0.8850611564902923,0.5046647053286129,0.0,-1.2703387357334819,-0.6692886183776768,-0.7278604803270202,-0.8319433423212464,1.0,1.0,0.0,1.0,,0,0.1536502546689304
3990,2019-12-31,0,0,val,0.16537526,0.0022078544468242312,0.08379155847283991,0.16537526,-0.2076916371536104,0,11.885061190249287,0,7.127678837240576e-07,0,0,0.9102649367018151,0.4433480074812904,0.7150230173598477,0.0,1.4995369009454396,-0.6692886183776768,-0.7278604803270202,1.8304704547808137,1.0,1.0,0.0,2.0,-1.2965754423582039e-17,0,0.31833616298811546
3992,2019-12-31,0,0,train,0.1649145,0.005391470547165651,0.08515298712037314,0.1649145,-0.20780602984056684,0,10.661602837243619,0,0.0,0,0,0.03439001631167122,0.025617873250432483,0.42775463215640525,0.0,0.3217945042473155,-0.6692886183776768,-0.7278604803270202,0.6984204938082842,1.0,1.0,0.0,1.0,,0,0.3494623655913978
3993,2019-12-31,0,0,train,0.16537526,0.0033236459924629756,0.08434945424565929,0.16537526,-0.18262361253183984,0,11.889006456892044,0,2.9802322387695312e-08,0,0,1.355031219647758,0.6648949375194505,0.864693046749133,0.0,2.2781554854291994,-0.6692886183776768,-0.7317819330924917,2.5809776511292686,1.0,1.0,0.0,1.0,,0,0.37125070741369554
4007,2019-12-31,4,0,train,0.1649145,0.0008340271104275258,0.08287426540200407,0.1649145,-0.1165675853806808,0,9.551825708595905,0,0.0,0,0,-1.4152062969910435,-0.6551895046296233,-0.07093189219950066,0.0,-0.9017489856557357,-0.6692886183776768,-0.7357033858579632,-0.4734608546799455,1.0,1.0,0.0,2.0,-5.416731212468485e-17,0,0.6046972269383136
4008,2019-12-31,0,0,train,0.16552627,0.0015637903798464755,0.08354503062312026,0.16552627,-0.00785461655302866,0,11.91389438037882,0,0.0,0,0,-2.1751137463179733,1.325046667749229,-0.2523034084100929,0.0,-1.7196256500294331,-0.6692886183776768,-0.7357033858579632,-1.2596066609108687,1.0,1.0,1.0,2.0,-3.065770602897533e-17,0,0.3760611205432937
4009,2019-12-31,0,0,train,0.1649145,0.003490173990789505,0.08420233884218506,0.1649145,-0.2096163191182816,0,11.392978265293008,0,0.0,0,0,0.14995554505204067,0.2064167152620499,0.4588961831233574,0.0,-0.08605332572036825,-0.6692886183776768,-0.7357033858579632,0.310588562734362,1.0,1.0,0.0,1.0,,0,0.2654216185625354
4012,2019-12-31,0,0,train,0.16552627,0.003317765580958032,0.08442201822367604,0.16552627,-0.15303507407632072,0,10.522243680371899,0,0.0,0,0,-1.6151168794859678,-0.3076179141155721,-0.21490328734271505,0.0,-1.6716435523861761,-0.6692886183776768,-0.7396248386234348,-1.2113897181287054,1.0,1.0,0.0,1.0,,0,0.49434069043576684
4024,2019-12-31,5,0,train,0.1649145,0.0017435131647063568,0.0833290084291435,0.1649145,-0.13294652459459105,0,10.255611842056316,0,0.0,0,0,0.14995554505204067,0.20634615656030375,0.4588961831233574,0.0,-0.11222537898032657,-0.6692886183776768,-0.7435462913889063,0.28962467456820407,1.0,1.0,0.0,1.0,,0,0.5396151669496322
4026,2019-12-31,0,0,test,0.1649145,0.00204596894533534,0.08348023631945799,0.1649145,-0.21247044069709764,0,11.875433649011883,0,0.0,0,0,-0.6102990102508059,-0.22450161972761273,0.20367595809811018,0.0,-0.4873581423730624,-0.6692886183776768,-0.7474677441543778,-0.06885781307309696,1.0,1.0,0.0,1.0,,0,0.2144878324844369
4027,2019-12-31,0,0,val,0.16537526,0.0033705067242625003,0.08437288461155905,0.16537526,-0.20684290747184736,0,11.885183820091004,0,2.655753156985546e-06,0,0,0.9102649367018151,0.4471634884906694,0.7220100013602421,0.0,1.5126229275754188,-0.6692886183776768,-0.7553106496853207,1.857723509396819,1.0,1.0,0.0,2.0,-2.329601924981962e-18,0,0.3225806451612903
4029,2019-12-31,0,0,test,0.1649145,0.005883967203733698,0.08539923544865716,0.1649145,-0.20617830513466384,0,11.157074733162515,0,0.02209848981946665,0,0,0.4377369338297394,0.23571584748641983,0.5630342576311174,0.0,0.7100132942700305,-0.6692886183776768,-0.7553106496853207,1.0862524248822063,1.0,1.0,0.0,2.0,-7.795749416967184e-19,0,0.4816072439162422
4035,2019-12-31,0,0,train,0.1649145,0.002303124715064431,0.08360881420432253,0.1649145,-0.1928460579299629,0,10.400273996401515,0,0.0,0,0,-0.09479964367748854,0.029357536559211334,0.37962689947793843,0.0,-0.10568236566533698,-0.6692886183776768,-0.7592321024507922,0.30429939628451463,1.0,1.0,0.0,1.0,,0,0.44114318053197515
4036,2019-12-31,0,0,train,0.1649145,0.003397982217074637,0.08415624295532763,0.1649145,-0.1978023883468244,0,10.47636841723256,0,0.0,0,0,0.14995554505204067,0.20639319638970396,0.4588961831233574,0.0,-0.09259633903535783,-0.6692886183776768,-0.7592321024507922,0.31687772918420937,1.0,1.0,0.0,1.0,,0,0.4134125636672326
4038,2019-12-31,0,0,val,0.16549736,0.002069228444762888,0.08378329552922044,0.16549736,-0.20684290747184736,0,11.885182514208628,0,2.0827665957856615e-05,0,0,0.9102649367018151,0.4471634884906694,0.7219356703588524,0.0,1.49299388763045,-0.6692886183776768,-0.7631535552162637,1.8430487876805084,1.0,1.0,0.0,1.0,,0,0.3254102999434069
4048,2019-12-31,0,0,train,0.16552627,0.0005229165760347855,0.08302459372121442,0.16552627,0.008253272452087512,1,11.913888485602849,0,0.0,0,1,-2.3749330398970696,1.1288566615399398,-0.3170207852225641,0.0,-2.0969394178604985,-0.6692886183776768,-0.7631535552162637,-1.6076072044690908,1.0,1.0,1.0,2.0,-6.040161980365258e-18,0,1.3868138087153368
4052,2019-12-31,0,0,val,0.1649145,0.005821729544265815,0.08536811661892323,0.1649145,-0.21546019670564825,0,11.881388631720338,0,0.00030286293663034906,0,0,0.4377369338297394,0.23157942889051739,0.5536283470053464,0.0,0.6947462632017215,-0.6692886183776768,-0.7631535552162637,1.0757704807991273,1.0,1.0,0.0,3.0,-7.66205944047996e-18,0,0.29117147707979624
4054,2019-12-31,0,0,train,0.1649145,0.003929971562576074,0.08442223762807835,0.1649145,-0.2136641529821549,0,11.24931586397115,0,0.0,0,0,0.14995554505204067,0.027563512846012342,0.4695246601792858,0.0,0.7143753031466902,-0.6692886183776768,-0.7670750079817352,1.0967343689652853,1.0,1.0,0.0,1.0,,0,0.25042444821731746
4058,2019-12-31,0,0,train,0.1649145,0.0011848640569928981,0.08304968387528676,0.1649145,-0.19267546014916065,0,11.873294372088244,0,0.0,0,0,-1.1705150672121296,-0.47888026719529203,0.008312669180012555,0.0,-0.9039299900940656,-0.6692886183776768,-0.7749179135126782,-0.4545933553304033,1.0,1.0,0.0,1.0,,0,0.32597623089983024
4063,2019-12-31,0,0,val,0.1649145,0.0011189989973729901,0.08301675134547681,0.1649145,-0.1878759295571803,0,10.435063860937827,0,0.0455300243056647,0,0,-0.6102990102508059,-0.34302534797825546,0.21266974268955663,0.0,-0.11222537898032657,-0.6692886183776768,-0.7866822718090928,0.3126849515509778,1.0,1.0,0.0,1.0,,0,0.6185625353706848
4064,2019-12-31,0,0,val,0.1649145,0.005328818413681017,0.08512166105363082,0.1649145,-0.2084224830371929,0,10.972630004040907,0,0.026577189938640645,0,0,-0.09479964367748854,0.029357536559211334,0.37962689947793843,0.0,-0.08169131684370853,-0.6692886183776768,-0.7866822718090928,0.34203439498359894,1.0,1.0,0.0,1.0,,0,0.48104131295981895
4066,2019-12-31,0,0,train,0.1649145,0.0011189989973729901,0.08301675134547681,0.1649145,-0.21309803297240087,0,11.875563195914035,0,0.0,0,0,-0.6102990102508059,-0.34302534797825546,0.21231471281746708,0.0,-0.11222537898032657,-0.6692886183776768,-0.7906037245745643,0.3147813403675936,1.0,1.0,0.0,1.0,,0,0.20684776457272214
4069,2019-12-31,0,0,test,0.16552627,0.0006031079929318059,0.08306468942966293,0.16552627,-0.16926707982214284,0,10.727971762319859,0,3.4709151653148336e-06,0,0,-1.1705150672121296,0.5342357894171089,-0.3170207852225641,0.0,-2.0969394178604985,-0.6692886183776768,-0.7945251773400358,-1.5908360939361643,1.0,1.0,0.0,2.0,7.350870812299315e-20,0,0.5738539898132428
4070,2019-12-31,82,1,val,0.8377466,0.9905308612124399,0.9141387406953313,0.8377466,-0.0013119975936206618,0,1.1305090893473078,1,0.1538152674500347,0,1,-0.09479964367748854,0.04261313895883731,-2.7716137493894437,0.0,-0.10786337010366684,-0.6692886183776768,-0.7945251773400358,0.321070506817441,1.0,1.0,0.0,2.0,-5.3647549925211164e-17,1,1.8975664968873796
4076,2019-12-31,0,0,train,0.1649145,0.0015922869592831946,0.08325339532643192,0.1649145,-0.20792094377849885,0,11.884888194177467,0,0.0,0,0,0.9102649367018151,0.7569951415821629,0.7051426034311865,0.0,-0.11222537898032657,-0.6692886183776768,-0.7984466301055073,0.3189741180008252,1.0,1.0,0.0,1.0,,0,0.19128466327108096
4077,2019-12-31,0,0,test,0.1649145,0.0015189344620512798,0.08321671907781596,0.1649145,-0.2098931294351843,0,10.662260500446271,0,0.01903550645434873,0,0,0.14995554505204067,0.20639319638970396,0.4588961831233574,0.0,-0.1100443745419967,-0.6692886183776768,-0.7984466301055073,0.321070506817441,1.0,1.0,0.0,2.0,-7.795749416967184e-19,0,0.48953027730616866
4078,2019-12-31,0,0,val,0.181441,0.0007642696762807625,0.0911026319098834,0.181441,-0.07409073540179983,0,11.382648699671694,0,0.11749444628343829,0,0,-3.13420194531136,-0.8846795836899849,-0.9527452223670719,0.0,-2.1013014267371584,-0.6692886183776768,-0.8102109884019218,-1.5866433163029328,1.0,1.0,0.0,1.0,,0,0.6576117713638937
4080,2019-12-31,0,0,train,0.1649145,0.003501026579769561,0.08420776513667509,0.1649145,-0.2035708049383168,0,11.04538944919848,0,0.0,0,0,0.4377369338297394,0.41470410319881845,0.5521021482823287,0.0,-0.10568236566533698,-0.6692886183776768,-0.8102109884019218,0.33155245090051993,1.0,1.0,0.0,1.0,,0,0.33644595359366164
4088,2019-12-31,0,0,train,0.1649145,0.0016973601493919528,0.08330593192148629,0.1649145,-0.18559541418375786,0,10.425470271394774,0,0.0,0,0,-0.6102990102508059,-0.07445288124618035,0.1897468444564582,0.0,-0.9082919989707253,-0.6692886183776768,-0.8141324411673934,-0.43782224479747694,1.0,1.0,0.0,2.0,-8.911271336029491e-18,0,0.45359366157328807
4090,2019-12-31,0,0,train,0.1649145,0.001448883673369463,0.08318169368347504,0.1649145,-0.22034527500853351,0,11.879773460131451,0,0.0,0,0,0.2544983353295333,0.5513441359596502,0.46982862413643783,0.0,-0.9061109945323954,-0.6692886183776768,-0.8180538939328649,-0.43362946716424533,1.0,1.0,0.0,2.0,-7.795749416967184e-19,0,0.15223542727787212
4095,2019-12-31,0,0,test,0.1649145,0.0012788388637003463,0.08309667127864048,0.1649145,-0.2205112430129244,0,11.879122665417784,0,0.0,0,0,0.14995554505204067,0.47562212583616836,0.4359689161676014,0.0,-0.9061109945323954,-0.6692886183776768,-0.8180538939328649,-0.43362946716424533,1.0,1.0,0.0,2.0,-5.416731212468485e-17,0,0.15280135823429541
4100,2019-12-31,0,0,val,0.1649145,0.0032416257459730864,0.08407806471977686,0.1649145,-0.22034527500853351,0,11.879593275778669,0,2.977213224477267e-06,0,0,0.14995554505204067,0.10917819141734314,0.4649989342820906,0.0,0.2890794376723676,-0.6692886183776768,-0.8219753466983364,0.7172879931578263,1.0,1.0,0.0,2.0,-7.795749416967184e-19,0,0.2775891341256367
4105,2019-12-31,0,0,test,0.1649145,0.004733664475355187,0.08482408408446791,0.1649145,-0.21546019670564825,0,11.881363108445926,0,0.0,0,0,0.4377369338297394,0.41470410319881845,0.5521021482823287,0.0,-0.11222537898032657,-0.6692886183776768,-0.8376611577602224,0.3399380061669831,1.0,1.0,0.0,1.0,,0,0.15619694397283532
4107,2019-12-31,0,0,train,0.1649145,0.0025650037985372126,0.08373975374605892,0.1649145,-0.19929949136346414,0,11.398948483980384,0,0.0,0,0,0.9102649367018151,0.581829273845524,0.7240588338467964,0.0,0.7165563075850201,-0.6692886183776768,-0.8376611577602224,1.1365657564809855,1.0,1.0,0.0,1.0,,0,0.3222976796830787
4110,2019-12-31,0,0,train,0.1649145,0.00211059242910539,0.083512548061343,0.1649145,-0.21309803297240087,0,11.875634844728244,0,0.0,0,0,-0.6102990102508059,-0.22014906719764077,0.2170818856830065,0.0,-0.4829961334964027,-0.6692886183776768,-0.8376611577602224,-0.016448092657702078,1.0,1.0,0.0,1.0,,0,0.2057159026598755
4111,2019-12-31,0,0,train,0.16537526,0.0016108328008467942,0.08349304764985119,0.16537526,-0.19704818009884584,0,11.049508050420414,0,0.0,0,0,0.9102649367018151,0.4471634884906694,0.7224767874798206,0.0,1.4973558965071099,-0.6692886183776768,-0.8376611577602224,1.88707295282944,1.0,1.0,0.0,1.0,,0,0.3698358800226373
4113,2019-12-31,3,0,train,0.16537526,0.005644013973223404,0.08550963823603949,0.16537526,-0.14191216481282903,0,10.515161576031845,0,0.0,0,0,0.542282025062084,0.1845043482577556,0.6093369747398919,0.0,1.4973558965071099,-0.6692886183776768,-0.8455040632911655,1.8912657304626717,1.0,1.0,0.0,1.0,,0,0.5045274476513866
4117,2019-12-31,0,0,train,0.16549736,0.0031913788060323666,0.08434437070985518,0.16549736,-0.20024913454730447,0,10.81055904615504,0,0.0,0,0,0.7319956218526678,0.3180999565935748,0.664452784491285,0.0,1.4820888654388007,-0.6692886183776768,-0.849425516056637,1.878687397562977,1.0,1.0,0.0,1.0,,0,0.37266553480475384
4122,2019-12-31,0,0,test,0.1649145,0.004221350443845324,0.08456792706871298,0.1649145,-0.21337599054696166,0,11.877424779327221,0,0.00012184962238836225,0,0,-0.24126048503595285,-0.07228035041888038,0.3407755318323505,0.0,-0.08387232128203839,-0.6692886183776768,-0.8533469688221085,0.37557661604945164,1.0,1.0,0.0,1.0,,0,0.3248443689869836
4125,2019-12-31,0,0,train,0.16826606,0.0006474815481852322,0.08445676975816244,0.16826606,-0.08423586728205301,0,11.86882839705499,0,0.0,0,0,-2.813706775072124,-0.654218226735104,-0.8484173403492367,0.0,-2.1013014267371584,-0.6692886183776768,-0.85726842158758,-1.5614866505035432,1.0,1.0,0.0,2.0,-1.1466232756580962e-17,0,0.4501980758347482
4134,2019-12-31,0,0,test,0.1649145,0.0015009372193128003,0.08320772045644671,0.1649145,-0.21226514679450265,0,11.882628528771399,0,0.0002941662465095892,0,0,0.5947035473879057,0.3492855026991068,0.6121946309250111,0.0,0.6925652587633916,-0.6692886183776768,-0.865111327118523,1.1281802012145221,1.0,1.0,0.0,1.0,,0,0.3089983022071307
4136,2019-12-31,0,0,train,0.16552627,0.002333072816291907,0.08392967184134298,0.16552627,-0.04106083615748557,0,11.920708248669005,0,0.0,0,0,0.03439001631167122,2.9321925732565166,0.463309608798745,0.0,-1.691272592331145,-0.6692886183776768,-0.865111327118523,-1.1631727753465422,1.0,1.0,1.0,1.0,,0,0.36587436332767403
4137,2019-12-31,0,0,train,0.1704597,0.0014920202791504267,0.08597586144505999,0.1704597,-0.14695077956452823,0,11.87140050194766,0,0.0,0,0,-2.3749330398970696,-0.8500640642486536,-0.4191075555836348,0.0,-1.673824556824506,-0.6692886183776768,-0.8690327798839945,-1.144305275997,1.0,1.0,0.0,1.0,,0,0.4100169779286927
4149,2019-12-31,0,0,train,0.1649145,0.0025161862758353104,0.08371534498470797,0.1649145,-0.20285623771321848,0,11.874283694447596,0,0.0,0,0,-0.8550267838907901,-0.2512542479110503,0.11048552444008518,0.0,-0.9082919989707253,-0.6692886183776768,-0.872954232649466,-0.40637641254824003,1.0,1.0,0.0,1.0,,0,0.28041878890775324
4153,2019-12-31,31,1,test,0.1649145,0.0007284939789106511,0.08282149883624564,0.1649145,-0.06389283854059691,0,7.881427976116956,0,0.24011677550699262,0,0,-1.1705150672121296,-0.4695342759482828,0.03751493420140808,0.0,-0.9061109945323954,-0.6692886183776768,-0.8768756854149375,-0.4021836349150084,1.0,1.0,0.0,1.0,,1,0.8370118845500848
4160,2019-12-31,0,0,train,0.1649145,0.0009993133782435074,0.08295690853591206,0.1649145,-0.213044752259693,0,11.882657076974697,0,0.0,0,0,0.5947035473879057,0.5326294559961335,0.6138715419412869,0.0,-0.0991393523503474,-0.6692886183776768,-0.8807971381804091,0.37557661604945164,1.0,1.0,0.0,2.0,-7.795749416967184e-19,0,0.16610073571024336
4161,2019-12-31,0,0,train,0.1649145,0.0015079341980815883,0.08321121894583111,0.1649145,-0.21337599054696166,0,11.87729054019335,0,0.0,0,0,-0.24126048503595285,-0.0765642385646212,0.3321925962596542,0.0,-0.11222537898032657,-0.6692886183776768,-0.8807971381804091,0.3629982831497569,1.0,1.0,0.0,1.0,,0,0.1949632144878325
4165,2019-12-31,0,0,val,0.16537526,0.0011612214663823976,0.08326824198261899,0.16537526,-0.1824789167243802,0,11.403110861824619,0,0.0,0,0,1.355031219647758,0.6720288512344995,0.8759177473145849,0.0,2.2912415120591785,-0.6692886183776768,-0.8807971381804091,2.6732187590603633,1.0,1.0,0.0,1.0,,0,0.37096774193548393
4174,2019-12-31,0,0,test,0.1649145,0.0015656782101792954,0.08324009095187997,0.1649145,-0.20824529999746044,0,11.04356762114139,0,0.003414342861068885,0,0,0.14995554505204067,0.2106388329569393,0.46967551153546055,0.0,-0.09695834791201755,-0.6692886183776768,-0.8847185909458806,0.37976939368268325,1.0,1.0,0.0,1.0,,0,0.45897000565930957
4183,2019-12-31,0,0,train,0.16537526,0.0018186891756977123,0.08359697583727665,0.16537526,-0.20582676168857772,0,11.885411462780784,0,0.0,0,0,0.9102649367018151,0.4546711538626191,0.7349435008799469,0.0,1.558424020780346,-0.6692886183776768,-0.8847185909458806,1.970928505494072,1.0,1.0,0.0,1.0,,0,0.20203735144312396
4191,2019-12-31,0,0,train,0.1649145,0.0007332811443024092,0.08282389241894152,0.1649145,-0.20312577842151458,0,11.254726255957893,0,0.0,0,0,0.9102649367018151,1.0310950858294539,0.6995482873830678,0.0,-0.8843009501490968,-0.6692886183776768,-0.9043258547732381,-0.3665450250325399,1.0,1.0,0.0,2.0,-7.795749416967184e-19,0,0.31833616298811546
4194,2019-12-31,0,0,train,0.1649145,0.005553417779752618,0.08523396073666663,0.1649145,-0.19900250180578405,0,10.683175601067969,0,0.0,0,0,-0.6102990102508059,0.42395557408824525,0.1523209774073648,0.0,-1.704358618961124,-0.6692886183776768,-0.9082473075387096,-1.1526908312634632,1.0,1.0,0.0,1.0,,0,0.39077532541029997
4198,2019-12-31,0,0,train,0.1649145,0.0012469546323260246,0.08308072916295332,0.1649145,-0.19556949393261214,0,11.387960854366478,0,0.0,0,0,-0.8550267838907901,-0.3967641785879185,0.13782332079000242,0.0,-0.509168186756361,-0.6692886183776768,-0.9082473075387096,-0.0038697597580073066,1.0,1.0,0.0,1.0,,0,0.34719864176570464
4205,2019-12-31,0,0,train,0.1649145,0.0012153109385062454,0.08306490731604343,0.1649145,-0.18514328621758236,0,11.036911158641905,0,0.0,0,0,-1.1705150672121296,-0.4743318202826722,0.021671763181150324,0.0,-0.9082919989707253,-0.6692886183776768,-0.9239331186005957,-0.3791233579322347,1.0,1.0,0.0,2.0,-7.795749416967184e-19,0,0.40322580645161293
4210,2019-12-31,0,0,train,0.1649145,0.000923955844444547,0.08291922976901259,0.1649145,-0.19341402427183862,0,11.872897067497888,0,0.0,0,0,-1.286052168897072,-0.35760318007432984,-0.03623747486501977,0.0,-1.3008727978701,-0.6692886183776768,-0.9278545713660672,-0.754376956106462,1.0,1.0,0.0,2.0,-8.911271336029491e-18,0,0.3239954725523486
4211,2019-12-31,0,0,train,0.1649145,0.0021937305058907647,0.0835541170997357,0.1649145,-0.2068525161779669,0,10.686718523386945,0,0.0,0,0,-0.16558756456572127,-0.01759353073293574,0.3676317497252229,0.0,-0.10350136122700712,-0.6692886183776768,-0.9278545713660672,0.3965405042156096,1.0,1.0,0.0,1.0,,0,0.35285795132993775
4217,2019-12-31,0,0,val,0.1649145,0.0017621954639830727,0.08333834957878185,0.1649145,-0.22034527500853351,0,11.879669483323065,0,2.4644196140084295e-06,0,0,0.14995554505204067,0.2106388329569393,0.46967551153546055,0.0,-0.08387232128203839,-0.6692886183776768,-0.9435403824279531,0.42379355883161496,1.0,1.0,0.0,1.0,,0,0.27532541029994345
4219,2019-12-31,0,0,train,0.16537526,0.0014244228559131928,0.08339984267738439,0.16537526,-0.21296986371926985,0,11.88286805149002,0,0.0,0,0,0.5947035473879057,0.2225043513564821,0.6262385753589145,0.0,1.508260918698759,-0.6692886183776768,-0.9474618351934246,1.9562537837777614,1.0,1.0,0.0,2.0,-1.2965754423582039e-17,0,0.16610073571024336
4222,2019-12-31,0,0,train,0.1649145,0.004471424123873487,0.08469296390872706,0.1649145,-0.1861906080324422,0,10.47038159177919,0,0.0,0,0,-0.7258523542531364,0.34029204072261354,0.11489919350653666,0.0,-1.704358618961124,-0.6692886183776768,-0.9474618351934246,-1.1317269430973051,1.0,1.0,0.0,2.0,-8.911271336029491e-18,0,0.44680249009620826
4223,2019-12-31,0,0,train,0.1649145,0.0032577942176715375,0.08408614895562608,0.1649145,-0.21337599054696166,0,11.877446657021293,0,0.0,0,0,-0.24126048503595285,-0.07241387354793771,0.3421721074352094,0.0,-0.07951031240537867,-0.6692886183776768,-0.9474618351934246,0.43008272528146235,1.0,1.0,0.0,2.0,-7.795749416967184e-19,0,0.19383135257498588
4225,2019-12-31,0,0,val,0.16826606,0.0003386140858549294,0.08430233602699728,0.16826606,-0.11888305355795425,0,10.481608659302761,0,0.19332854769070154,0,0,-2.3749330398970696,-0.7161225511610911,-0.44359078853436557,0.0,-1.8395808941375753,-0.6692886183776768,-0.9513832879588962,-1.2596066609108687,1.0,1.0,0.0,1.0,,0,0.7142048670062252
4226,2019-12-31,0,0,train,0.1649145,0.0026753344947024835,0.08379491909414155,0.1649145,-0.20333939661159384,0,11.152009808439143,0,0.0,0,0,-0.4103336142467955,-0.19021376118938427,0.2989681380560933,0.0,-0.07951031240537867,-0.6692886183776768,-0.9513832879588962,0.43217911409807813,1.0,1.0,0.0,1.0,,0,0.3307866440294284
4230,2019-12-31,0,0,train,0.1649145,0.0011970434087756954,0.08305577355117816,0.1649145,-0.2205112430129244,0,11.879093498239502,0,0.0,0,0,0.14995554505204067,0.6811746961324386,0.4341610996517129,0.0,-1.2899677756784507,-0.6692886183776768,-0.9592261934898392,-0.7271239014904567,1.0,1.0,0.0,1.0,,0,0.1536502546689304
4239,2019-12-31,0,0,test,0.16537526,0.0007866976999731802,0.08308098009941439,0.16537526,-0.17274053407082096,0,11.890809035230907,0,0.0007585569392450899,0,0,1.5241252397161609,0.7945242232679973,0.9306839226297644,0.0,2.297784525374168,-0.6692886183776768,-0.9670690990207822,2.725628479475758,1.0,1.0,0.0,3.0,8.273509858198126e-18,0,0.4267119411431805
4252,2019-12-31,0,0,test,0.16537526,0.0009004913437071522,0.08313787692128137,0.16537526,-0.17321495663437791,0,11.168535747967983,0,0.05857614936616547,0,0,1.6706017496094516,1.0055768143343342,0.9812005325632982,0.0,1.49517489206878,-0.6692886183776768,-0.9866763628481398,1.9646393390442245,1.0,1.0,0.0,1.0,,0,0.5829088851160158
4255,2019-12-31,0,0,val,0.1649145,0.0009263834133927122,0.08292044355348667,0.1649145,-0.18506562683454658,0,11.872630799906995,0,8.598432784625711e-05,0,0,-1.6151168794859678,-0.5901657734043483,-0.11310778394683597,0.0,-1.2943297845551105,-0.6692886183776768,-0.9984407211445543,-0.7103527909575303,1.0,1.0,0.0,1.0,,0,0.48104131295981895
4256,2019-12-31,0,0,train,0.1649145,0.0004814942704053445,0.08269799898199298,0.1649145,-0.213044752259693,0,11.882651830513765,0,0.0,0,0,0.5947035473879057,0.8068867846703144,0.6135634287462176,0.0,-0.8908439634640865,-0.6692886183776768,-0.9905978156136113,-0.3267136375168398,1.0,1.0,0.0,1.0,,0,0.16666666666666666
4259,2019-12-31,0,0,train,0.1649145,0.001960160105581041,0.08343733189958083,0.1649145,-0.22034527500853351,0,11.879845201589648,0,0.0,0,0,0.14995554505204067,0.21486194548715482,0.48043317964442006,0.0,-0.09477734347368769,-0.6692886183776768,-0.9905978156136113,0.4384682805479255,1.0,1.0,0.0,1.0,,0,0.15082059988681382
4262,2019-12-31,0,0,test,0.1649145,0.001996653959181434,0.08345557882638104,0.1649145,-0.20197638488818126,0,11.390159007695097,0,0.016227598579813006,0,0,-0.4103336142467955,-0.19021376118938427,0.2989681380560933,0.0,-0.10132035678867726,-0.6692886183776768,-0.9945192683790828,0.4342755029146939,1.0,1.0,0.0,1.0,,0,0.47651386530843237
4264,2019-12-31,0,0,train,0.1649145,0.0009249799854790069,0.08291974183952981,0.1649145,-0.21399042452323763,0,11.88292661965413,0,0.0,0,0,0.5947035473879057,0.35728392128883546,0.6296638245101486,0.0,0.7143753031466902,-0.6692886183776768,-0.9945192683790828,1.2183249203290014,1.0,1.0,0.0,2.0,-7.795749416967184e-19,0,0.15534804753820033
4271,2019-12-31,0,0,train,0.16537526,0.0007940016308740775,0.08308463206486483,0.16537526,-0.20582676168857772,0,11.885444693723553,0,0.0,0,0,0.9102649367018151,0.35346096538409777,0.7368275466783744,0.0,2.2912415120591785,-0.6692886183776768,-1.0376552487992694,2.7570743117249954,1.0,1.0,0.0,1.0,,0,0.20062252405206568
4274,2019-12-31,0,0,train,0.16552627,0.0003259929573636402,0.08292613191187884,0.16552627,0.01764819237506443,1,11.914019041223053,0,0.0,0,1,-2.6194417146320466,0.9199503370726312,-0.3962121373353056,0.0,-2.3150398616934846,-0.6692886183776768,-1.0572625126266268,-1.6600169248844856,1.0,1.0,1.0,1.0,,0,1.3913412563667233
4278,2019-12-31,0,0,train,0.1649145,0.0010108274262056512,0.08296266555989314,0.1649145,-0.22034527500853351,0,11.879845201589648,0,0.0,0,0,0.14995554505204067,0.21486194548715482,0.48043317964442006,0.0,-0.1100443745419967,-0.6692886183776768,-1.0572625126266268,0.4594321687140835,1.0,1.0,0.0,2.0,-5.416731212468485e-17,0,0.15082059988681382
4282,2019-12-31,0,0,test,0.16549736,0.0004868472208626202,0.0829921049172703,0.16549736,-0.20582676168857772,0,11.885411462780784,0,0.0,0,0,0.9102649367018151,0.4546711538626191,0.7349435008799469,0.0,1.4820888654388007,-0.6692886183776768,-1.0651054181575699,1.9939887824768456,1.0,1.0,0.0,1.0,,0,0.20203735144312396
4285,2019-12-31,0,0,train,0.1649145,0.0008991587617355019,0.08290683122765806,0.1649145,-0.2151389568944323,0,11.877035213759967,0,0.0,0,0,-0.3225429295343368,0.14263943907664106,0.3157749279135264,0.0,-0.8886629590257565,-0.6692886183776768,-1.0690268709230415,-0.2826894723679081,1.0,1.0,0.0,1.0,,0,0.1893039049235993
4287,2019-12-31,0,0,train,0.1649145,0.0003657832120188679,0.08264014345279974,0.1649145,-0.22034527500853351,0,11.879815130612732,0,0.0,0,0,0.14995554505204067,0.21486194548715482,0.47859471494260397,0.0,-0.11222537898032657,-0.6692886183776768,-1.0690268709230415,0.46362494634731505,1.0,1.0,0.0,1.0,,0,0.1516694963214488
4288,2019-12-31,0,0,train,0.1649145,0.001043084454993563,0.0829787940742871,0.1649145,-0.2188323839136745,0,11.880055471897816,0,0.0,0,0,0.14995554505204067,0.03942866126366345,0.49325978420806343,0.0,0.7165563075850201,-0.6692886183776768,-1.0690268709230415,1.2602526966613172,1.0,1.0,0.0,1.0,,0,0.154782116581777
4294,2019-12-31,0,0,test,0.1649145,0.0003755266286817949,0.08264501516113121,0.1649145,-0.18506562683454658,0,11.872635507217462,0,0.0,0,0,-1.6151168794859678,-0.5901657734043483,-0.1127560736522419,0.0,-1.3074158111850895,-0.6692886183776768,-1.072948323688513,-0.683099736341525,1.0,1.0,0.0,2.0,-7.795749416967184e-19,0,0.3517260894170911
4295,2019-12-31,0,0,val,0.16651247,0.0001595022809354783,0.08333598834931097,0.16651247,-0.14695077956452823,0,11.871395120013807,0,6.019723508729252e-05,0,0,-2.3749330398970696,-0.5449040367414936,-0.4195620022718164,0.0,-1.9464501116157384,-0.6692886183776768,-1.072948323688513,-1.297341659609953,1.0,1.0,0.0,1.0,,0,0.5387662705149971
4297,2019-12-31,0,0,train,0.1649145,0.000850137471067636,0.08288232058232413,0.1649145,-0.21536029002455898,0,11.878577207262717,0,0.0,0,0,-0.09479964367748854,0.04200617628147662,0.4114603386479416,0.0,-0.07732930796704882,-0.6692886183776768,-1.0768697764539845,0.5013599450463994,1.0,1.0,0.0,1.0,,0,0.1808149405772496
4299,2019-12-31,0,0,train,0.1649145,0.0005011898745400122,0.08270784678406032,0.1649145,-0.21528630096100237,0,11.876790222470525,0,0.0,0,0,-0.4103336142467955,-0.19021376118938427,0.2989681380560933,0.0,-0.11222537898032657,-0.6692886183776768,-1.0768697764539845,0.46781772398054666,1.0,1.0,0.0,1.0,,0,0.19043576683644595
4302,2019-12-31,0,0,train,0.1649145,0.0004302863231822538,0.08267239500838144,0.1649145,-0.21309803297240087,0,11.875733008600886,0,0.0,0,0,-0.6102990102508059,-0.06543401180620535,0.22360097280203822,0.0,-0.8930249679024163,-0.6692886183776768,-1.0847126819849275,-0.2784966947346765,1.0,1.0,0.0,2.0,-7.795749416967184e-19,0,0.20514997170345217
4303,2019-12-31,0,0,train,0.1649145,0.0002002603479962989,0.08255738202078847,0.1649145,-0.213044752259693,0,11.882657081374381,0,0.0,0,0,0.5947035473879057,0.8068867846703144,0.6138718003133676,0.0,-0.8952059723407462,-0.6692886183776768,-1.088634134750399,-0.2784966947346765,1.0,1.0,0.0,1.0,,0,0.16553480475382004
4306,2019-12-31,0,0,train,0.16651247,0.0001744633669562451,0.08334346889232136,0.16651247,-0.14695077956452823,0,11.871400445915972,0,0.0,0,0,-2.3749330398970696,-0.011076277265134904,-0.41911228640858494,0.0,-2.2081706442153215,-0.6692886183776768,-1.088634134750399,-1.5405227623373854,1.0,1.0,0.0,1.0,,0,0.41058290888511606
4311,2019-12-31,0,0,train,0.1649145,0.0005958165357614972,0.08275516011467106,0.1649145,-0.216730421981998,0,11.878544608866838,0,0.0,0,0,-0.09479964367748854,0.16117547836908586,0.4094243104685123,0.0,-0.48517713793473255,-0.6692886183776768,-1.0925555875158706,0.11772079160570882,1.0,1.0,0.0,1.0,,0,0.17402376910016978
4318,2019-12-31,0,0,train,0.16537526,0.0003773089079498419,0.08287628570340272,0.16537526,-0.20419014308657812,0,11.88551864353477,0,0.0,0,0,0.9102649367018151,0.4583985995960267,0.7410165625316502,0.0,1.5518810074653562,-0.6692886183776768,-1.1003984930468136,2.079940723958093,1.0,1.0,0.0,1.0,,0,0.20543293718166386
4320,2019-12-31,0,0,train,0.16549736,0.0010036084157866289,0.0832504855147323,0.16549736,-0.21354351401244182,0,11.881860982369828,0,0.0,0,0,0.4377369338297394,0.11267828565054158,0.5817484036931615,0.0,1.4820888654388007,-0.6692886183776768,-1.1003984930468136,2.0128562818263878,1.0,1.0,0.0,1.0,,0,0.1638370118845501
4329,2019-12-31,0,0,val,0.16537526,0.00040818196698069536,0.08289172223291814,0.16537526,-0.21294113735776266,0,11.88306536091709,0,0.00011245896776918575,0,0,0.5947035473879057,0.22995992498912687,0.6377641828382311,0.0,1.508260918698759,-0.6692886183776768,-1.1160843041086996,2.0463985028922407,1.0,1.0,0.0,1.0,,0,0.2951329937747595
4331,2019-12-31,0,0,train,0.16549736,0.003348414961791701,0.08442288878773484,0.16549736,-0.18131542251751182,0,11.889183410305131,0,2.9802322387695312e-08,0,0,1.355031219647758,0.8377183379351677,0.8743602726392635,0.0,1.0938700754160857,-0.6692886183776768,-1.120005756874171,1.6501810165518553,1.0,1.0,0.0,1.0,,0,0.3760611205432937
4335,2019-12-31,0,0,train,0.1649145,0.0007216896319851313,0.08281809666278288,0.1649145,-0.20407209894545408,0,11.875010030686521,0,0.0,0,0,-0.8550267838907901,-0.23778609865756237,0.16012838347616354,0.0,-0.8755769323957774,-0.6692886183776768,-1.120005756874171,-0.24285808485220797,1.0,1.0,0.0,1.0,,0,0.2707979626485569
4337,2019-12-31,0,0,val,0.16537526,0.0001918196220328519,0.08278354106044422,0.16537526,-0.13305988182504336,0,11.899893151351739,0,0.015764532224835863,0,0,2.3746856000117114,1.4109180773883165,1.2037996181173298,0.0,2.299965529812498,-0.6692886183776768,-1.1239272096396427,2.811580420957006,1.0,1.0,0.0,1.0,,0,0.4906621392190153
4343,2019-12-31,0,0,train,0.16552627,0.00030941678926882854,0.08291784382783143,0.16552627,-0.18571628234851079,0,11.242810796944715,0,0.0,0,0,-1.181536329171695,0.3225027744333164,0.022071040814165874,0.0,-1.9660791515607072,-0.6692886183776768,-1.1239272096396427,-1.2889561043434898,1.0,1.0,0.0,1.0,,0,0.38511601584606675
4347,2019-12-31,0,0,val,0.1649145,0.0007516953561035176,0.08283309952484207,0.1649145,-0.21852787312521016,0,11.87935764297435,0,0.000618144464434329,0,0,0.03439001631167122,-0.05016054074676918,0.45583043931443706,0.0,0.6838412410100722,-0.6692886183776768,-1.1513773789979431,1.2728310295610121,1.0,1.0,0.0,1.0,,0,0.300509337860781
4348,2019-12-31,0,0,train,0.1649145,0.0003756208347937003,0.08264506226418716,0.1649145,-0.18506562683454658,0,11.872924810067843,0,0.0,0,0,-1.6151168794859678,-0.5855729031488706,-0.09122889868601335,0.0,-1.2768817490484716,-0.6692886183776768,-1.1709846428253008,-0.601340572493509,1.0,1.0,0.0,1.0,,0,0.3477645727221279
4349,2019-12-31,0,0,train,0.1649145,0.000800530236152003,0.08285751696486632,0.1649145,-0.21294113735776266,0,11.883057473299985,0,0.0,0,0,0.5947035473879057,0.3612241509081148,0.6373041806795853,0.0,0.6882032498867319,-0.6692886183776768,-1.1749060955907722,1.2896021400939384,1.0,1.0,0.0,1.0,,0,0.16610073571024334
4350,2019-12-31,0,0,train,0.1649145,0.0005504632129823854,0.0827324834532815,0.1649145,-0.2189935313443665,0,11.880013953144202,0,0.0,0,0,0.14995554505204067,0.21906277170965188,0.4907310951782778,0.0,-0.0991393523503474,-0.6692886183776768,-1.1788275483562438,0.534902166112252,1.0,1.0,0.0,1.0,,0,0.15280135823429541
4351,2019-12-31,0,0,test,0.1649145,0.0009199461239160136,0.08291722490874832,0.1649145,-0.21294113735776266,0,11.883057473299985,0,0.0,0,0,0.5947035473879057,0.3612241509081148,0.6373041806795853,0.0,0.7100132942700305,-0.6692886183776768,-1.1788275483562438,1.3126624170767123,1.0,1.0,0.0,1.0,,0,0.16610073571024334
4352,2019-12-31,0,0,train,0.16537526,0.0002949486194438766,0.08283510555914973,0.16537526,-0.20419014308657812,0,11.885536346362052,0,0.0,0,0,0.9102649367018151,0.3569919960318044,0.7420186329932127,0.0,2.2803364898675293,-0.6692886183776768,-1.1827490011217152,2.824158753856701,1.0,1.0,0.0,1.0,,0,0.20486700622524054
4353,2019-12-31,0,0,test,0.16552627,0.00010179272414715494,0.0828140317952706,0.16552627,0.008253272452087512,1,11.913888485602849,0,0.0,0,1,-2.3749330398970696,1.1355530522916182,-0.3170207852225641,0.0,-2.0489573202172418,-0.6692886183776768,-1.1827490011217152,-1.337173047125653,1.0,1.0,1.0,1.0,,0,1.3868138087153368
4358,2019-12-31,0,0,train,0.16552627,0.00016307809342374095,0.0828446744799089,0.16552627,-0.03604784384925441,0,11.91744166276973,0,0.0,0,0,-0.6102990102508059,2.3715459431835573,0.2545080365802261,0.0,-2.360840954898412,-0.6692886183776768,-1.1984348121836013,-1.6285710926352488,1.0,1.0,1.0,1.0,,0,0.367572156196944
4360,2019-12-31,0,0,train,0.16537526,0.0017963783448195188,0.08358582042183756,0.16537526,-0.21294113735776266,0,11.883083344248238,0,0.0,0,0,0.5947035473879057,0.22995992498912687,0.6388127314910793,0.0,1.49517489206878,-0.6692886183776768,-1.2023562649490729,2.079940723958093,1.0,1.0,0.0,1.0,,0,0.16468590831918506
4361,2019-12-31,1,0,train,0.1649145,0.0002651810094424116,0.08258984235151152,0.1649145,-0.15990457382096634,0,11.117611841186518,0,2.9802322387695312e-08,0,0,0.14995554505204067,0.4962809411280352,0.48774126389525485,0.0,-0.8864819545874267,-0.6692886183776768,-1.2023562649490729,-0.20931586378635525,1.0,1.0,0.0,1.0,,0,0.5333899264289758
4363,2019-12-31,0,0,val,0.1649145,0.0004883905259918094,0.08270144710978622,0.1649145,-0.21342361954620875,0,11.877693124476638,0,0.0002568391315628422,0,0,-0.24126048503595285,0.20589913948777444,0.3578626206735585,0.0,-0.8864819545874267,-0.6692886183776768,-1.2023562649490729,-0.20931586378635525,1.0,1.0,0.0,1.0,,0,0.3254102999434069
4364,2019-12-31,0,0,train,0.1649145,0.00020530831275210153,0.08255990600316636,0.1649145,-0.19224819446313834,0,11.87349148221341,0,0.0,0,0,-1.4618732109827273,-0.6668677799347493,-0.021299406461961438,0.0,-0.8777579368341073,-0.6692886183776768,-1.2062777177145443,-0.19883391970327627,1.0,1.0,0.0,1.0,,0,0.3262591963780419
4365,2019-12-31,0,0,train,0.1649145,0.000525816283149515,0.08272015998836507,0.1649145,-0.19047641940393628,0,11.873921370307919,0,0.0,0,0,-1.1705150672121296,-0.2649967134015978,0.05276441574667366,0.0,-1.2921487801167806,-0.6692886183776768,-1.210199170480016,-0.5950514060436616,1.0,1.0,0.0,1.0,,0,0.32880588568194685
4367,2019-12-31,0,0,test,0.1649145,0.0005398485414685013,0.08272717611752456,0.1649145,-0.21429423321653057,0,11.876012658695856,0,8.992440279312006e-06,0,0,-0.6102990102508059,-0.21147495800621496,0.2420955898962726,0.0,-0.5048061778797013,-0.6692886183776768,-1.210199170480016,0.16174495675464054,1.0,1.0,0.0,1.0,,0,0.3208828522920204
4371,2019-12-31,0,0,val,0.16537526,0.0002989732553639189,0.08283711787710976,0.16537526,-0.19843766137104468,0,11.886399063254087,0,0.00024500227316751115,0,0,1.0148127125095976,0.4326583762596624,0.775879460901825,0.0,2.286879503182519,-0.6692886183776768,-1.2258849815419017,2.853508197289322,1.0,1.0,0.0,1.0,,0,0.36502546689303905
4372,2019-12-31,0,0,train,0.1649145,0.0013363934800815457,0.08312544858683109,0.1649145,-0.21544667385721294,0,11.878737735193853,0,0.0,0,0,-0.09479964367748854,0.04986082040183223,0.42146772378335257,0.0,-0.08169131684370853,-0.6692886183776768,-1.2258849815419017,0.576829942444568,1.0,1.0,0.0,1.0,,0,0.17741935483870966
4375,2019-12-31,0,0,train,0.1649145,0.0006972648894808232,0.08280588429153073,0.1649145,-0.2188323839136745,0,11.880178459822838,0,0.0,0,0,0.14995554505204067,0.2261376297273963,0.5007389167302257,0.0,-0.08823433015869811,-0.6692886183776768,-1.2258849815419017,0.5705407759947206,1.0,1.0,0.0,1.0,,0,0.15223542727787212
4380,2019-12-31,0,0,val,0.1649145,0.0013363934800815457,0.08312544858683109,0.1649145,-0.21544667385721294,0,11.878737735193853,0,0.0,0,0,-0.09479964367748854,0.04986082040183223,0.42146772378335257,0.0,-0.08169131684370853,-0.6692886183776768,-1.2415707926037878,0.5852154977110312,1.0,1.0,0.0,1.0,,0,0.17741935483870966
4381,2019-12-31,0,0,train,0.1649145,0.00042689738764351687,0.08267070054061207,0.1649145,-0.21426248619923954,0,11.876201304235257,0,0.0,0,0,-0.6102990102508059,-0.053413503929944185,0.2545080365802261,0.0,-0.8843009501490968,-0.6692886183776768,-1.2572566036656738,-0.17787003153711833,1.0,1.0,0.0,1.0,,0,0.1949632144878325
4382,2019-12-31,0,0,train,0.16537526,0.0003100220661073244,0.08284264228248146,0.16537526,-0.21209414691225165,0,11.883185855114242,0,0.0,0,0,0.5947035473879057,0.24080001795150105,0.6447836860726346,0.0,1.5497000030270265,-0.6692886183776768,-1.2611780564311454,2.1637962766227252,1.0,1.0,0.0,1.0,,0,0.16836445953593662
4383,2019-12-31,0,0,train,0.16537526,0.0002801669256939441,0.08282771471227476,0.16537526,-0.18729995673103905,0,11.887689522370657,0,2.9802322387695312e-08,0,0,1.1550365774457623,0.5386326917772793,0.8262640786673249,0.0,2.286879503182519,-0.6692886183776768,-1.2650995091966168,2.87447208545548,1.0,1.0,0.0,1.0,,0,0.3607809847198642
4384,2019-12-31,0,0,test,0.16552627,0.00016007877402631979,0.08284317482021018,0.16552627,-0.1492073267410146,0,11.872635784887011,0,0.0,0,0,-2.3749330398970696,-0.3174124321637751,-0.3170207852225641,0.0,-2.1034824311754883,-0.6692886183776768,-1.2847067730239745,-1.3350766583090374,1.0,1.0,0.0,1.0,,0,0.40096208262591965
4385,2019-12-31,0,0,train,0.1649145,0.000653004238601755,0.0827837539660912,0.1649145,-0.2188323839136745,0,11.880178459822838,0,0.0,0,0,0.14995554505204067,0.224277071319938,0.5007389167302257,0.0,-0.10350136122700712,-0.6692886183776768,-1.2847067730239745,0.587311886527647,1.0,1.0,0.0,1.0,,0,0.15223542727787212
4386,2019-12-31,0,0,train,0.1649145,0.0011932024828207942,0.08305385308820071,0.1649145,-0.17304510522167293,0,11.872787268240652,0,0.0,0,0,-1.9305138282641296,-0.6780052380494886,-0.17308250445506967,0.0,-1.5080682195114368,-0.6692886183776768,-1.288628225789446,-0.7606661225563094,1.0,1.0,0.0,1.0,,0,0.3681380871533673
4387,2019-12-31,0,0,train,0.16537526,0.00020523985771497342,0.08279025117828528,0.16537526,-0.1786494346766746,0,11.889489789927671,0,0.0,0,0,1.355031219647758,0.6826241913861786,0.8910382473075444,0.0,2.2781554854291994,-0.6692886183776768,-1.2925496785549175,2.880761251905327,1.0,1.0,0.0,1.0,,0,0.28041878890775324
4388,2019-12-31,0,0,train,0.1649145,0.00028742231256521504,0.08260096300307292,0.1649145,-0.19047641940393628,0,11.874211017751371,0,0.0,0,0,-1.1705150672121296,-0.4604054368372546,0.07306552917584781,0.0,-0.9039299900940656,-0.6692886183776768,-1.2925496785549175,-0.17787003153711833,1.0,1.0,0.0,1.0,,0,0.3276740237691002
4389,2019-12-31,0,0,test,0.1649145,0.0005235083259127059,0.08271900600974667,0.1649145,-0.2188323839136745,0,11.880178459822838,0,0.0,0,0,0.14995554505204067,0.22349479854078658,0.5007389167302257,0.0,-0.1100443745419967,-0.6692886183776768,-1.296471131320389,0.587311886527647,1.0,1.0,0.0,1.0,,0,0.15223542727787212
4390,2019-12-31,0,0,train,0.1649145,0.000730353317178627,0.08282242850537963,0.1649145,-0.2188323839136745,0,11.880178459822838,0,0.0,0,0,0.14995554505204067,0.12878567626409365,0.5007389167302257,0.0,0.31307048649399605,-0.6692886183776768,-1.296471131320389,0.9940113169511113,1.0,1.0,0.0,1.0,,0,0.15223542727787212
4391,2019-12-31,0,0,train,0.1649145,0.0007665646272902969,0.08284053416043546,0.1649145,-0.21544667385721294,0,11.878737735193853,0,0.0,0,0,-0.09479964367748854,-0.048960305552361284,0.42146772378335257,0.0,0.30652747317900647,-0.6692886183776768,-1.312156942382275,0.9961077057677271,1.0,1.0,0.0,1.0,,0,0.17741935483870966
4392,2019-12-31,0,0,train,0.1649145,0.0012801445702658861,0.08309732413192325,0.1649145,-0.21552354380696903,0,11.877105006116956,0,0.0,0,0,-0.4103336142467955,-0.17975418500137685,0.3192727329758918,0.0,-0.09477734347368769,-0.6692886183776768,-1.312156942382275,0.6103721635104208,1.0,1.0,0.0,1.0,,0,0.18307866440294285
4393,2019-12-31,0,0,test,0.1649145,0.0012656276542881257,0.08309006567393437,0.1649145,-0.21544667385721294,0,11.878737735193853,0,0.0,0,0,-0.09479964367748854,0.04802638142138415,0.42146772378335257,0.0,-0.09695834791201755,-0.6692886183776768,-1.3160783951477466,0.6103721635104208,1.0,1.0,0.0,1.0,,0,0.17741935483870966
4394,2019-12-31,0,0,val,0.1649145,0.0003744772134387679,0.0826444904535097,0.1649145,-0.1492073267410146,0,11.872635784887011,0,0.0,0,0,-2.3749330398970696,-0.8330444481682573,-0.3170207852225641,0.0,-1.6847295790161554,-0.6692886183776768,-1.3160783951477466,-0.9157988949858783,1.0,1.0,0.0,1.0,,0,0.40096208262591965
4395,2019-12-31,0,0,train,0.1649145,0.000730353317178627,0.08282242850537963,0.1649145,-0.2188323839136745,0,11.880178459822838,0,0.0,0,0,0.14995554505204067,0.12598055056760182,0.5007389167302257,0.0,0.2890794376723676,-0.6692886183776768,-1.335685658975104,0.9919149281344954,1.0,1.0,0.0,1.0,,0,0.15223542727787212
4396,2019-12-31,0,0,train,0.1649145,0.00048157784120326776,0.08269804076739194,0.1649145,-0.2188323839136745,0,11.880178459822838,0,0.0,0,0,0.14995554505204067,0.32160787700998666,0.5007389167302257,0.0,-0.4393760447298055,-0.6692886183776768,-1.3474500172715187,0.29801022983466724,1.0,1.0,0.0,1.0,,0,0.15223542727787212
4397,2019-12-31,0,0,train,0.16552627,0.0001246907258838212,0.08282548079613893,0.16552627,-0.019446419104841906,0,11.915458264829288,0,0.0,0,0,-1.1705150672121296,1.9614825878791045,0.07306552917584781,0.0,-2.38483200372004,-0.6692886183776768,-1.3474500172715187,-1.5719685945866222,1.0,1.0,1.0,1.0,,0,0.37040181097906055
4398,2019-12-31,0,0,val,0.16537526,0.0003893783929044741,0.08288232044588004,0.16537526,-0.2039173541228752,0,11.885624202828334,0,0.0,0,0,0.9102649367018151,0.464561146615295,0.7469875572499255,0.0,1.5060799142604293,-0.6692886183776768,-1.3592143755679331,2.174278220705804,1.0,1.0,0.0,1.0,,0,0.20628183361629882
4399,2019-12-31,0,0,test,0.16764621,0.0001800562406105888,0.08391313530328488,0.16764621,-0.11007490937943759,0,11.873539923564548,0,0.0,0,0,-3.13420194531136,-1.2477620069522992,-0.5629324335601582,0.0,-1.8373998896992454,-0.6692886183776768,-1.3592143755679331,-1.0394858351662102,1.0,1.0,0.0,1.0,,0,0.42303338992642897
4403,2019-12-31,847,1,val,0.8377466,0.98947953502348,0.9136130776008513,0.8377466,0.13565625764052758,1,7.779652116801559,1,1.2619796547312432,1,3,2.284473805221007,1.4395107914634866,-2.7716137493894437,0.0,1.508260918698759,-0.6692886183776768,2.730860858818851,-0.010158926207854692,0.0,1.0,0.0,30.0,1.1174600471716701e-17,1,3.932088285229202
4404,2019-12-31,46,1,train,0.8377466,0.9950420011054671,0.9163943106418448,0.8377466,0.01495026624456175,1,5.315626936679662,0,1.2781163760192882,1,2,1.6706017496094516,0.8897099813407078,-2.7716137493894437,0.0,1.5148039320137487,-0.6692886183776768,2.7034106894605503,0.010804961958303261,0.0,1.0,0.0,31.0,0.09455163819439151,1,2.912846632710809
4405,2019-12-31,0,0,train,0.1947711,0.005708288488975484,0.1002396922996597,0.1947711,-0.10542505475816732,0,10.064746934948769,0,0.0,0,0,0.34993921892454616,0.21725518845849043,-0.3169817448050593,0.0,-0.11222537898032657,-0.6692886183776768,2.640667445213006,-1.5195588741712274,0.0,1.0,0.0,31.0,3.769372411839131e-18,0,0.5905489530277307
4406,2019-12-31,96,1,train,0.8377466,0.9995419135407424,0.9186442668594825,0.8377466,0.09442396860053148,1,2.5795305951452656,1,1.6378396828549995,1,3,2.284473805221007,1.3432577525331144,-2.7716137493894437,0.0,1.5017179053837695,-0.6692886183776768,2.6367459924475347,0.03386523894107701,0.0,1.0,0.0,12.0,0.12656390922402283,1,3.9654782116581777
4409,2019-12-31,21,0,train,0.16637123,0.00311734379711695,0.08474428505392347,0.16637123,-0.08632731640419938,0,8.086669756118408,0,1.1920928955078125e-07,0,0,0.4377369338297394,0.1257203159996585,0.22521936062212722,0.0,0.6903842543250618,0.9285290401925196,2.5504740316071612,-0.6998708468744513,0.0,1.0,0.0,32.0,-0.0008497783115926087,0,0.7425014148273911
4413,2019-12-31,324,1,test,0.8377466,0.998459908144467,0.9181032641613448,0.8377466,0.08044785065930693,1,3.5111890912567536,1,0.2788426075957297,0,2,1.1102577507651132,0.6568689116316695,-2.7716137493894437,0.0,0.7100132942700305,-0.6692886183776768,2.4681235235322596,-0.6369791823759775,0.0,1.0,0.0,19.0,1.1174600471716701e-17,1,2.9134125636672326
4418,2019-12-31,482,1,train,0.8377466,0.9995109367250242,0.9186287784516234,0.8377466,0.1529942733593943,1,5.777679812003003,1,0.0,0,2,1.1102577507651132,0.553704148102719,-2.7716137493894437,0.0,1.4908128831921201,-0.6692886183776768,2.3387155822717,0.18270884492079847,0.0,1.0,0.0,23.0,1.1174600471716701e-17,1,2.7167515563101303
4424,2019-12-31,0,0,train,0.16637123,0.004736829597312475,0.08555402795402123,0.16637123,-0.17099289721007882,0,10.204365893736313,0,8.429369702178807e-08,0,0,0.14995554505204067,-0.07733644912283646,0.1523313962653388,0.0,0.6903842543250618,0.9285290401925196,2.2485221686658554,-0.5384489079950351,0.0,1.0,0.0,28.0,-0.0005311114447460051,0,0.6123372948500282
4425,2019-12-31,0,0,train,0.17289871,0.019902867242927332,0.09640078850847233,0.17289871,-0.1537866438847763,0,10.188209030422072,0,0.0,0,0,1.5083416271902124,0.9043770066430383,0.6114412681873962,0.0,0.7034702809550409,-0.6692886183776768,2.2289149048384975,-0.5153886310122614,0.0,1.0,0.0,4.0,-0.008270885570930066,0,0.533955857385399
4426,2019-12-31,0,0,val,0.16637123,0.004353188655029743,0.08536220748287986,0.16637123,-0.08761854485935527,0,10.121528781320475,0,0.19273251999586244,0,0,0.28401245653710266,0.10068240594642777,0.12756768062466825,0.0,0.3217945042473155,0.9285290401925196,2.224993452073026,-0.8801602851034098,0.0,1.0,0.0,13.0,-0.03836430822103746,0,0.7792869269949065
4427,2019-12-31,0,0,test,0.18027368,0.014755402414534364,0.09751454214678897,0.18027368,-0.1310674307063735,0,10.065467251104568,0,0.37879578540499187,0,0,0.6306707621457639,0.4429811767011922,0.07469084735250492,0.0,-0.10350136122700712,0.9285290401925196,2.224993452073026,-1.2889561043434898,0.0,1.0,0.0,20.0,-0.0026141200746794073,0,0.7843803056027164
4432,2019-12-31,66,1,train,0.8377466,0.9989772793286877,0.9183619497534552,0.8377466,0.05116102288884383,1,4.036677230057238,1,2.420349081641494,1,3,1.476076317442165,0.7698569664435381,-2.7716137493894437,0.0,1.479907861000471,-0.6692886183776768,2.119114227405295,0.28962467456820407,0.0,1.0,0.0,11.0,0.07023757696143307,1,3.9377475947934353
4435,2019-12-31,503,1,train,0.8377466,0.99882316768195,0.9182848939300863,0.8377466,0.14967409004382637,1,5.916163025598277,1,0.0,0,2,0.5032424730707656,0.3458779716891754,-2.7716137493894437,0.0,0.31743249537065577,0.9285290401925196,2.091664058046995,-0.8130758429717043,0.0,1.0,0.0,18.0,1.1174600471716701e-17,1,2.714487832484437
4436,2019-12-31,21,0,val,0.24458705,0.1532158402802454,0.19890144458422593,0.24458705,0.03370510269302596,1,7.760634583969811,0,0.7409646624151239,1,2,1.1550365774457623,0.5324889426517434,0.6138694749578759,0.0,1.4973558965071099,-0.6692886183776768,2.091664058046995,0.321070506817441,0.0,1.0,0.0,15.0,-0.019120499491671352,0,2.9026598754951896
4438,2019-12-31,46,1,test,0.8377466,0.999629168857862,0.9186878945180423,0.8377466,0.02542823115650905,1,3.8109826114285243,1,0.27468335066471594,0,2,2.0781886928520437,1.206301985902423,-2.7716137493894437,0.0,1.4820888654388007,-0.6692886183776768,2.044606624861337,0.33155245090051993,0.0,1.0,0.0,7.0,0.05262475217636514,1,2.8930390492359934
4440,2019-12-31,0,0,train,0.170089,0.006936556847030506,0.08851278163549035,0.170089,-0.18820656326921625,0,10.810393684547833,0,0.0,0,0,0.6654960381144984,0.30522140751539106,0.3567050408513658,0.0,0.6838412410100722,0.9285290401925196,2.0406851720958654,-0.43362946716424533,0.0,1.0,0.0,4.0,-0.00023064023835527234,0,0.4128466327108093
4441,2019-12-31,0,0,train,0.20871708,0.00872234137502682,0.10871970967276579,0.20871708,-0.18676253226244982,0,10.651538230124622,0,0.0,0,0,0.5190254043152028,0.07804336369127886,0.39696304369930324,0.0,1.479907861000471,0.9285290401925196,2.0406851720958654,0.33155245090051993,0.0,1.0,0.0,4.0,0.0013587413136758497,0,0.42982456140350883
4448,2019-12-31,0,0,val,0.17289871,0.018370442958818532,0.09563457636641794,0.17289871,-0.20083659246591645,0,10.880210388157156,0,0.043603061191613716,0,0,1.0635729597045616,0.5911956599924919,0.5029491539710348,0.0,0.6991082720783812,-0.6692886183776768,1.946570305724549,-0.3686414138491557,0.0,1.0,0.0,4.0,-0.0019622396246601627,0,0.533106960950764
4455,2019-12-31,5,0,test,0.22210965,0.05778318013372264,0.13994641286940496,0.22210965,-0.0998229479458071,0,9.526265984429541,0,0.10425340236508795,0,0,1.0635729597045616,0.47473280817370467,0.6051555040173531,0.0,1.5060799142604293,-0.6692886183776768,1.8053980061675747,0.48249244569685723,0.0,1.0,0.0,8.0,-0.004393655452567986,0,0.7973967176004528
4460,2019-12-31,3,0,val,0.34608358,0.24809076166659588,0.29708717155709863,0.34608358,-0.14135800813091398,0,10.172244985735892,0,0.09043220296136041,0,0,1.355031219647758,0.6858373042970355,0.6995480843734017,0.0,1.4864508743154605,-0.6692886183776768,1.762262025747388,0.4866852233300888,0.0,1.0,0.0,4.0,0.01108776147547324,0,0.7306168647425014
4462,2019-12-31,0,0,train,0.170089,0.007691895431095721,0.08889045092752296,0.170089,-0.11417301029639193,0,10.104076567824428,0,1.1920928955078125e-07,0,0,0.14995554505204067,-0.0533157213711815,0.23939641166026882,0.0,0.7165563075850201,0.9285290401925196,1.7348118563890875,-0.23866530721897639,0.0,1.0,0.0,15.0,1.570351788028757e-17,0,0.6960950764006791
4463,2019-12-31,0,0,train,0.34608358,0.15553368469898676,0.25080863307329404,0.34608358,-0.14527608822420135,0,10.194766535842977,0,0.0,0,0,1.355031219647758,0.6859274456119834,0.6995480843734017,0.0,1.479907861000471,-0.6692886183776768,1.7112831397962585,0.5076491114962468,0.0,1.0,0.0,7.0,0.010391301661743044,0,0.5407470288624788
4484,2019-12-31,88,1,val,0.8377466,0.9984385801625401,0.9180926001703813,0.8377466,-0.007952312764467506,0,1.5614887889928024,1,0.47932123919456615,0,1,0.7319956218526678,0.5671961473709014,-2.7716137493894437,0.0,-0.10132035678867726,0.9285290401925196,1.3818811074966517,-0.8361361199544781,0.0,1.0,0.0,4.0,0.043825971630282304,1,1.9134125636672326
4486,2019-12-31,0,0,train,0.2088427,0.02196279244158644,0.11540274360047767,0.2088427,-0.17646411070129414,0,10.53621962308739,0,0.0,0,0,1.0635729597045616,0.498695681217717,0.6343711489348371,0.0,1.49299388763045,0.9285290401925196,1.3426665798419366,0.7172879931578263,0.0,1.0,0.0,5.0,0.001949666092343154,0,0.46038483305036787
4487,2019-12-31,3,0,test,0.19171046,0.03624488036711711,0.11397766878644475,0.19171046,-0.13634541597906047,0,9.597265732007042,0,0.33074414785238077,0,0,0.9102649367018151,0.6864809470055327,0.4359655057967557,0.0,-0.0991393523503474,0.9285290401925196,1.291687693890807,-0.785822788355699,0.0,1.0,0.0,9.0,-0.002953322870387197,0,0.7940011318619128
4489,2019-12-31,87,1,train,0.8377466,0.9989732107351029,0.9183599154566628,0.8377466,0.0830679400136961,1,1.8311039775033238,1,1.6233953465993587,1,3,1.7998035964689145,1.1747849876307794,-2.7716137493894437,0.0,0.6903842543250618,0.9285290401925196,1.260316071767035,-0.010158926207854692,0.0,1.0,0.0,9.0,1.1174600471716701e-17,1,3.9705715902659877
4493,2019-12-31,4,0,train,0.18071426,0.004743125847457475,0.09272869517975978,0.18071426,-0.1409410609963272,0,9.58277085611391,0,0.0,0,0,0.2544983353295333,0.47707979858145666,-0.11385632636022162,0.0,-0.8777579368341073,0.9285290401925196,1.2171800913468482,-1.4944022083718378,0.0,1.0,0.0,20.0,6.5033053547231965e-18,0,0.5871533672891908
4496,2019-12-31,1,0,train,0.22757964,0.03834367748315538,0.1329616579225431,0.22757964,-0.13038584911526946,0,9.984768813571458,0,8.429369702178807e-08,0,0,1.7998035964689145,1.040685243286893,0.8910382473075444,0.0,1.4842698698771306,0.9285290401925196,1.1583582998647757,0.8074327122723055,0.0,1.0,0.0,18.0,0.002650812268253962,0,0.6949632144878325
4503,2019-12-31,0,0,train,0.170089,0.011110019482327498,0.09059951295313885,0.170089,-0.15341557041132758,0,10.218752520035322,0,0.0,0,0,0.7319956218526678,0.3956497349253591,0.5102301572973356,0.0,0.7056512853933707,0.9285290401925196,0.9897358309495008,0.14916662385494575,0.0,1.0,0.0,7.0,1.570351788028757e-17,0,0.5260328239954726
4504,2019-12-31,0,0,val,0.21238372,0.055713971009769284,0.13404884415413848,0.21238372,-0.09540665250080393,0,10.254789797251872,0,0.30525686110540734,0,0,1.355031219647758,1.0187476571719498,0.6244790078685526,0.0,-0.09259633903535783,0.9285290401925196,0.9583642088257287,-0.601340572493509,0.0,1.0,0.0,10.0,0.0002028218337472291,0,0.7600452744765138
4505,2019-12-31,33,1,test,0.17493078,0.030151268200898116,0.10254102466346023,0.17493078,-0.04015242387814466,0,7.939150726100094,0,0.24895126625625397,0,0,1.1980589811891444,0.7427120100281859,0.6770523253503747,0.0,0.6925652587633916,0.9285290401925196,0.9348354922328996,0.16593773438787213,0.0,1.0,0.0,6.0,0.0003676949260392349,1,0.8404074702886248
4508,2019-12-31,4,0,train,0.28740427,0.16864140971505717,0.2280228393475417,0.28740427,-0.06481459185935412,0,9.444255333620228,0,0.6364775694096431,1,1,1.2793504650033731,0.6763673356463918,0.7481688166012636,0.0,1.5126229275754188,0.9285290401925196,0.860327889688941,0.9940113169511113,0.0,1.0,0.0,8.0,0.01803570815495742,0,1.850028296547821
4509,2019-12-31,0,0,train,0.20902395,0.005439731161605445,0.10723184182286816,0.20902395,-0.12119712718039827,0,10.542445503812374,0,0.0,0,0,2.6757321415012565,1.6845740690774695,1.1920653608968932,0.0,1.4820888654388007,0.9285290401925196,0.852484984157998,0.9688546511517218,0.0,1.0,0.0,2.0,0.0019396947962890502,0,0.5152801358234296
4512,2019-12-31,0,0,train,0.17493078,0.023053543493966357,0.09899216230999434,0.17493078,0.004309011663917062,1,10.065769337755349,0,0.25238511459698226,0,1,1.915378874851755,1.2668226480599973,0.9254888316363132,0.0,0.7165563075850201,0.9285290401925196,0.6956268735391377,0.31687772918420937,0.0,1.0,0.0,8.0,0.0005620479583920147,0,1.8273910582908885
4513,2019-12-31,0,0,test,0.21382989,0.10318090547200023,0.158505397682766,0.21382989,-0.11593227736273665,0,10.168711953196974,0,0.2467445428713299,0,0,1.5241252397161609,1.1559530971975431,0.7369799590563003,0.0,-0.08169131684370853,0.9285290401925196,0.6956268735391377,-0.45040057769717173,0.0,1.0,0.0,7.0,0.0006317745612672615,0,0.7645727221279004
4516,2019-12-31,0,0,train,0.17247182,0.028166035521514064,0.10031892841482502,0.17247182,-0.12429851501578276,0,11.892827395233379,0,0.0,0,0,1.958402122371418,1.3069464387569985,0.9639435369403354,0.0,0.6838412410100722,0.9285290401925196,0.3113245025229297,0.4908780009633204,0.0,1.0,0.0,4.0,-0.00018030022070803067,0,0.3370118845500849
4520,2019-12-31,3,0,train,0.17247182,0.007315565047555626,0.0898936931778458,0.17247182,-0.12949547086307772,0,9.772203835937432,0,0.0,0,0,1.5241252397161609,1.009668469673444,0.8628061869557899,0.0,0.7121942987083604,0.9285290401925196,0.009372639581623527,0.679552994458742,0.0,1.0,0.0,5.0,-0.0004264120919708684,0,0.5911148839841539
