NUM_OPER,FECHA_CORTE,particion,DIASMORA,TARGET,P_xgboost,P_lightgbm,P_ensemble
46,2018-08-31,train,0,0,0.17194256,0.0038818770786939933,0.08791221947177345
46,2018-09-30,train,26,0,0.17194256,0.003568101684702468,0.08775533177477769
46,2018-10-31,train,57,1,0.8377466,0.9989229697760017,0.9183347949771121
46,2018-11-30,train,0,0,0.17194256,0.003568101684702468,0.08775533177477769
46,2018-12-31,train,27,0,0.17194256,0.003568101684702468,0.08775533177477769
46,2019-01-31,train,0,0,0.20107962,0.0022811454935836293,0.10168038370231626
46,2019-02-28,train,24,0,0.16819246,0.00382263196901488,0.08600754655100906
46,2019-03-31,train,55,1,0.8377466,0.9990770797425159,0.9184118499603693
46,2019-04-30,train,57,1,0.8377466,0.9990770797425159,0.9184118499603693
46,2019-05-31,train,0,0,0.16819246,0.004601593920368213,0.08639702752668572
46,2019-06-30,train,0,0,0.16819246,0.003203352402648383,0.08569790676782581
46,2019-07-31,train,27,0,0.16819246,0.003203352402648383,0.08569790676782581
46,2019-08-31,train,58,1,0.8377466,0.9990694595671018,0.9184080398726622
46,2019-09-30,train,88,1,0.8377466,0.9990694595671018,0.9184080398726622
46,2019-10-31,train,119,1,0.8377466,0.9990694595671018,0.9184080398726622
46,2019-11-30,train,149,1,0.8377466,0.9991273191332997,0.9184369696557612
46,2019-12-31,train,180,1,0.8377466,0.9994089974313883,0.9185778088048056
51,2019-09-30,test,51,1,0.8377466,0.9997698248732008,0.9187582225257117
51,2019-10-31,test,82,1,0.8377466,0.9997698248732008,0.9187582225257117
51,2019-11-30,test,112,1,0.8377466,0.9997698248732008,0.9187582225257117
51,2019-12-31,test,143,1,0.8377466,0.9997698248732008,0.9187582225257117
54,2017-05-31,train,0,0,0.1725711,0.005164148760286189,0.0888676208021478
54,2017-06-30,train,0,0,0.17316173,0.005274978134926376,0.08921835415258816
54,2017-07-31,train,0,0,0.17316173,0.005175402177522769,0.08916856617388635
54,2017-08-31,train,0,0,0.17316173,0.007467567587676711,0.09031464887896333
54,2017-09-30,train,0,0,0.17194256,0.008020172237109853,0.08998136705098138
54,2017-10-31,train,0,0,0.17194256,0.005252054777210734,0.08859730832103183
54,2017-11-30,train,0,0,0.17194256,0.005158548823568193,0.08855055534421055
54,2017-12-31,train,0,0,0.17194256,0.0028817323335648152,0.08741214709920886
54,2018-01-31,train,21,0,0.17194256,0.002949507026288387,0.08744603444557064
54,2018-02-28,train,0,0,0.17194256,0.0025568474791188792,0.0872497046719859
54,2018-03-31,train,0,0,0.17194256,0.002397429316685766,0.08716999559076934
54,2018-04-30,train,0,0,0.17194256,0.0030479785249791377,0.08749527019491603
54,2018-05-31,train,21,0,0.17194256,0.0030558233729107696,0.08749919261888184
54,2018-06-30,train,51,1,0.8377466,0.9982906620491756,0.9180186411136991
54,2018-07-31,train,21,0,0.17194256,0.0023014247092643376,0.08712199328705862
54,2018-08-31,train,21,0,0.17194256,0.002767861170998937,0.08735521151792593
54,2018-09-30,train,51,1,0.8377466,0.9982906620491756,0.9180186411136991
54,2018-10-31,train,51,1,0.8377466,0.9982906620491756,0.9180186411136991
54,2018-11-30,train,81,1,0.8377466,0.9982906620491756,0.9180186411136991
54,2018-12-31,train,82,1,0.8377466,0.9982906620491756,0.9180186411136991
54,2019-01-31,train,113,1,0.8377466,0.9961564887564872,0.916951554467355
54,2019-02-28,train,141,1,0.8377466,0.9984783372802322,0.9181124787292274
54,2019-03-31,train,172,1,0.8377466,0.9984783372802322,0.9181124787292274
54,2019-04-30,train,20,0,0.17194256,0.002532703388221937,0.08723763262653741
54,2019-05-31,train,0,0,0.17194256,0.0023277280007727424,0.08713514493281282
54,2019-06-30,train,20,0,0.17194256,0.0023277280007727424,0.08713514493281282
54,2019-07-31,train,21,0,0.17194256,0.0034112337477906606,0.08767689780632178
54,2019-08-31,train,21,0,0.17194256,0.003634620245341738,0.08778859105509731
54,2019-09-30,train,0,0,0.16819246,0.0034748431040305333,0.08583365211851689
54,2019-10-31,train,0,0,0.16819246,0.0034748431040305333,0.08583365211851689
54,2019-11-30,train,20,0,0.16819246,0.0034748431040305333,0.08583365211851689
54,2019-12-31,train,21,0,0.16819246,0.0034748431040305333,0.08583365211851689
136,2017-10-31,train,0,0,0.23999187,0.023206082573597867,0.1315989780381646
136,2019-03-31,train,18,0,0.20479308,0.003967832372397564,0.10438045652996022
136,2019-08-31,train,0,0,0.20479308,0.004941221334861358,0.10486715101119212
136,2019-10-31,train,48,1,0.8377466,0.9996249328566986,0.9186857765174606
136,2019-11-30,train,78,1,0.8377466,0.9996146077833816,0.9186806139808021
136,2019-12-31,train,79,1,0.8377466,0.999767976152594,0.9187572981654084
178,2017-01-31,val,0,0,0.16982947,0.0030165091618549445,0.08642299103064595
178,2017-05-31,val,0,0,0.16982947,0.022738535092542506,0.09628400399598973
178,2017-08-31,val,0,0,0.18985212,0.007737371963475169,0.09879474522780082
178,2017-09-30,val,0,0,0.17135522,0.006560902678711324,0.08895806018697376
178,2017-12-31,val,0,0,0.17194256,0.004171026897997244,0.08805679438142508
178,2018-05-31,val,0,0,0.17194256,0.005919960754920027,0.08893126130988646
178,2019-08-31,val,0,0,0.16819246,0.004278135377707838,0.08623529825535553
178,2019-12-31,val,0,0,0.16819246,0.005025923061874548,0.08660919209743889
189,2018-08-31,test,11,0,0.17194256,0.0024198589986750814,0.087181210431764
189,2019-03-31,test,11,0,0.17194256,0.0018917072070085827,0.08691713453593074
189,2019-05-31,test,0,0,0.17194256,0.0017385181598097176,0.08684054001233131
189,2019-06-30,test,10,0,0.17194256,0.0019126466209004995,0.0869276042428767
189,2019-07-31,test,11,0,0.17194256,0.0019240730301968208,0.08693331744752486
189,2019-08-31,test,42,1,0.8377466,0.9981022357050943,0.9179244279416585
189,2019-09-30,test,10,0,0.17194256,0.0019108978816574941,0.0869267298732552
189,2019-10-31,test,11,0,0.16819246,0.0016766992871217101,0.08493458021006248
189,2019-11-30,test,10,0,0.16819246,0.0018174023841225012,0.08500493175856287
189,2019-12-31,test,11,0,0.16819246,0.002298979702841229,0.08524572041792224
223,2017-04-30,train,33,1,0.1790089,0.15970567564456686,0.1693572883818995
223,2017-05-31,train,64,1,0.8377466,0.9984781496406171,0.9181123849094199
223,2017-06-30,train,63,1,0.8377466,0.9986320151064496,0.9181893176423361
223,2017-07-31,train,94,1,0.8377466,0.99877896151612,0.9182627908471713
223,2017-08-31,train,125,1,0.8377466,0.9988799378102662,0.9183132789942444
223,2017-09-30,train,155,1,0.8377466,0.9990240251863607,0.9183853226822917
223,2017-10-31,train,186,1,0.8377466,0.9990240251863607,0.9183853226822917
223,2017-11-30,train,216,1,0.8377466,0.9991559600448174,0.91845129011152
223,2017-12-31,train,247,1,0.8377466,0.9991210272000238,0.9184338236891232
223,2018-01-31,train,278,1,0.8377466,0.9991911237367965,0.9184688719575096
223,2018-02-28,train,306,1,0.8377466,0.9991977963796189,0.9184722082789207
223,2018-03-31,train,337,1,0.8377466,0.9992654259124611,0.9185060230453419
223,2018-04-30,train,367,1,0.8377466,0.9992654259124611,0.9185060230453419
223,2018-05-31,train,398,1,0.8377466,0.9992654259124611,0.9185060230453419
223,2018-06-30,train,428,1,0.8377466,0.999212782181897,0.9184797011800598
223,2018-07-31,train,459,1,0.8377466,0.9993334283957195,0.918540024286971
223,2018-08-31,train,490,1,0.8377466,0.999230526080244,0.9184885731292334
223,2018-09-30,train,520,1,0.8377466,0.9992873329819822,0.9185169765801025
223,2018-10-31,train,551,1,0.8377466,0.9992854765224846,0.9185160483503536
223,2018-11-30,train,581,1,0.8377466,0.9992823558595756,0.9185144880188991
223,2018-12-31,train,612,1,0.8377466,0.9992210534130428,0.9184838367956327
223,2019-01-31,train,643,1,0.8377466,0.9980913858471931,0.9179190030127079
223,2019-02-28,train,671,1,0.8377466,0.9992210534130428,0.9184838367956327
223,2019-03-31,train,702,1,0.8377466,0.9992210534130428,0.9184838367956327
223,2019-04-30,train,732,1,0.8377466,0.9992210534130428,0.9184838367956327
223,2019-05-31,train,763,1,0.8377466,0.9992004338342289,0.9184735270062258
223,2019-06-30,train,793,1,0.8377466,0.9991938313213127,0.9184702257497677
223,2019-07-31,train,824,1,0.8377466,0.9991938313213127,0.9184702257497677
223,2019-08-31,train,855,1,0.8377466,0.9991938313213127,0.9184702257497677
223,2019-09-30,train,885,1,0.8377466,0.9991938313213127,0.9184702257497677
223,2019-10-31,train,916,1,0.8377466,0.9995352106458979,0.9186409154120603
223,2019-11-30,train,946,1,0.8377466,0.9995160125394532,0.918631316358838
223,2019-12-31,train,977,1,0.8377466,0.9995833194031489,0.9186649697906858
227,2017-05-31,train,0,0,0.16982947,0.004903139892531094,0.08736630639598403
227,2017-09-30,train,0,0,0.1725711,0.0009762616494490236,0.08677367724672921
227,2019-04-30,train,51,1,0.8377466,0.9973467156473336,0.9175466679127782
227,2019-05-31,train,0,0,0.17194256,0.0028250764621368754,0.08738381916349489
227,2019-06-30,train,20,0,0.17194256,0.0028275761901189896,0.08738506902748595
227,2019-07-31,train,51,1,0.8377466,0.9983210979692261,0.9180338590737244
227,2019-08-31,train,0,0,0.17194256,0.0035142235650164584,0.08772839271493468
227,2019-09-30,train,0,0,0.17194256,0.0026106015990064154,0.08727658173192966
227,2019-10-31,train,0,0,0.17194256,0.0019658991941408216,0.08695423052949686
227,2019-11-30,train,0,0,0.17194256,0.0018218191085221727,0.08688219048668754
227,2019-12-31,train,0,0,0.17194256,0.0018218191085221727,0.08688219048668754
231,2017-06-30,train,1,0,0.16982947,0.0031412238195496437,0.0864853483594933
231,2017-12-31,train,2,0,0.17316173,0.001393730763816995,0.08727773046703347
231,2018-06-30,train,1,0,0.17682584,0.0023451340520891017,0.08958548517646951
231,2019-08-31,train,2,0,0.17194256,0.0028712231723259296,0.08740689251858942
231,2019-09-30,train,1,0,0.17194256,0.0028712231723259296,0.08740689251858942
231,2019-10-31,train,2,0,0.17194256,0.0028712231723259296,0.08740689251858942
231,2019-11-30,train,1,0,0.17194256,0.002162298372301292,0.08705243011857709
231,2019-12-31,train,2,0,0.17194256,0.0019832684553041874,0.08696291516007855
261,2017-03-31,train,0,0,0.1649145,0.0006898621601625634,0.0828021829268716
261,2019-10-31,train,0,0,0.18763977,0.009325127221828966,0.09848245005691363
261,2019-12-31,train,0,0,0.24152173,0.035329000483478805,0.13842536575124945
269,2017-06-30,train,0,0,0.1790089,0.0360172194170796,0.1075130602681559
269,2019-02-28,train,0,0,0.21596128,0.04201805015379184,0.12898966381934282
269,2019-04-30,train,0,0,0.21596128,0.020724033929034283,0.11834265570696403
269,2019-08-31,train,25,0,0.21596128,0.020489043118443916,0.11822516030166885
269,2019-09-30,train,55,1,0.8377466,0.9990808219448319,0.9184137210615273
269,2019-10-31,train,55,1,0.8377466,0.9990808219448319,0.9184137210615273
269,2019-11-30,train,85,1,0.8377466,0.9991379756255235,0.9184422979018732
269,2019-12-31,train,0,0,0.21274257,0.04433803864126562,0.12854030285182177
282,2018-04-30,train,0,0,0.41932443,0.503997664530195,0.46166104618664444
282,2018-09-30,train,0,0,0.3522643,0.1643171993705589,0.25829075713023336
282,2019-11-30,train,0,0,0.30329433,0.04008874581078744,0.1716915383230649
282,2019-12-31,train,0,0,0.32087103,0.08398813232248212,0.20242957882317497
283,2017-05-31,train,0,0,0.16537526,0.0011388455018181206,0.08325705400033685
283,2017-07-31,train,0,0,0.16537526,0.0024109448149874486,0.08389310365692151
283,2019-01-31,train,0,0,0.26255625,0.023081972117265894,0.14281911349050244
283,2019-02-28,train,0,0,0.22075157,0.051595069245997514,0.13617331896051935
283,2019-03-31,train,0,0,0.22075157,0.059252036707924116,0.14000180269148266
283,2019-04-30,train,0,0,0.22075157,0.048820178076386424,0.13478587337571382
283,2019-05-31,train,0,0,0.19844402,0.04548487461641945,0.12196444917239506
283,2019-06-30,train,0,0,0.19844402,0.04548487461641945,0.12196444917239506
283,2019-07-31,train,27,0,0.19844402,0.049496023152281826,0.12397002344032625
283,2019-08-31,train,58,1,0.8377466,0.9986963055444794,0.918221462861351
283,2019-09-30,train,0,0,0.22193344,0.05288803645729811,0.13741073791563407
283,2019-10-31,train,0,0,0.22193344,0.05917735014534345,0.14055539475965673
283,2019-11-30,train,0,0,0.22193344,0.05917735014534345,0.14055539475965673
283,2019-12-31,train,0,0,0.22193344,0.05917735014534345,0.14055539475965673
317,2017-06-30,train,0,0,0.16537526,0.017853634472285402,0.0916144484855705
317,2018-04-30,train,34,1,0.39482683,0.5505728008974826,0.4726998151654619
317,2018-05-31,train,4,0,0.35440847,0.49988710328291586,0.4271477880296644
317,2018-06-30,train,3,0,0.32842788,0.3513293822956851,0.33987863164905563
317,2018-07-31,train,4,0,0.32842788,0.3425882704454114,0.3355080757239188
317,2018-08-31,train,4,0,0.3506293,0.3354771260774514,0.34305321297826274
317,2018-09-30,train,3,0,0.3506293,0.32066493177489375,0.3356471158269839
317,2018-10-31,train,4,0,0.3506293,0.3421660422956735,0.3463976710873738
317,2018-11-30,train,3,0,0.3506293,0.39396952124103396,0.372299410560054
317,2018-12-31,train,4,0,0.3506293,0.39396952124103396,0.372299410560054
317,2019-01-31,train,4,0,0.3506293,0.15818102089945887,0.25440516038926647
317,2019-02-28,train,1,0,0.4518715,0.5285179438344515,0.4901947290774125
317,2019-03-31,train,32,1,0.4518715,0.5285179438344515,0.4901947290774125
317,2019-04-30,train,3,0,0.40880695,0.26873223237438326,0.3387695911141402
317,2019-05-31,train,4,0,0.40880695,0.23969166117045299,0.324249305512175
317,2019-06-30,train,3,0,0.40880695,0.20248540656052558,0.30564617820721135
317,2019-07-31,train,34,1,0.40880695,0.25601399754268717,0.33241047369829213
317,2019-08-31,train,4,0,0.40880695,0.15282675084015088,0.28081685034702397
317,2019-09-30,train,3,0,0.40880695,0.15571110003411215,0.2822590249440046
317,2019-10-31,train,4,0,0.40880695,0.12899681308024746,0.2689018814670723
317,2019-11-30,train,3,0,0.40880695,0.1513171605868365,0.2800620552203668
317,2019-12-31,train,4,0,0.40880695,0.1513171605868365,0.2800620552203668
334,2017-03-31,train,0,0,0.16537526,0.0003893783929044741,0.08288232044588004
334,2017-09-30,train,0,0,0.17058456,0.00442877835294163,0.08750666889677722
334,2018-06-30,train,0,0,0.32945794,0.14008796267008877,0.23477295067060042
334,2019-12-31,train,0,0,0.26581216,0.040407896231993305,0.15311002740829402
363,2018-02-28,val,0,0,0.18306623,0.008897182880148034,0.09598170843636232
363,2018-04-30,val,0,0,0.18306623,0.014573460636808401,0.0988198473146925
363,2018-09-30,val,15,0,0.18306623,0.011256613119670604,0.0971614235561236
363,2018-10-31,val,16,0,0.18306623,0.011321844565552117,0.09719403927906436
363,2018-11-30,val,46,1,0.8377466,0.999003564053576,0.9183750921158993
363,2018-12-31,val,77,1,0.8377466,0.999003564053576,0.9183750921158993
363,2019-01-31,val,47,1,0.8377466,0.999255251270166,0.9185009357241943
363,2019-02-28,val,75,1,0.8377466,0.9990618197909322,0.9184042199845774
363,2019-03-31,val,106,1,0.8377466,0.9997512702720128,0.9187489452251177
363,2019-04-30,val,136,1,0.8377466,0.9998534357218707,0.9188000279500467
363,2019-05-31,val,167,1,0.8377466,0.9998534357218707,0.9188000279500467
363,2019-06-30,val,197,1,0.8377466,0.9998534357218707,0.9188000279500467
363,2019-07-31,val,228,1,0.8377466,0.9998534357218707,0.9188000279500467
363,2019-08-31,val,259,1,0.8377466,0.9998534357218707,0.9188000279500467
363,2019-09-30,val,289,1,0.8377466,0.9998534357218707,0.9188000279500467
363,2019-10-31,val,320,1,0.8377466,0.9998534357218707,0.9188000279500467
363,2019-11-30,val,350,1,0.8377466,0.9998534357218707,0.9188000279500467
363,2019-12-31,val,381,1,0.8377466,0.9998534357218707,0.9188000279500467
368,2017-04-30,val,0,0,0.1649145,0.00044574410023546357,0.08268012389690804
368,2017-09-30,val,0,0,0.1649145,0.005256097714885883,0.08508530070423326
368,2018-12-31,val,0,0,0.16810887,0.008014616243119551,0.08806174093091265
368,2019-12-31,val,0,0,0.16810887,0.00741714155968691,0.08776300358919634
378,2017-12-31,train,0,0,0.16880141,0.010375625213446087,0.08958851859989855
378,2019-06-30,train,0,0,0.16810887,0.00857598469234589,0.08834242515552582
378,2019-07-31,train,0,0,0.16810887,0.00853792186171203,0.0883233937402089
378,2019-08-31,train,0,0,0.16810887,0.00768786609295443,0.0878983658558301
378,2019-09-30,train,0,0,0.16810887,0.009406223931108258,0.08875754477490701
378,2019-10-31,train,0,0,0.16810887,0.007064739220580727,0.08758680241964324
378,2019-11-30,train,15,0,0.16810887,0.007064739220580727,0.08758680241964324
378,2019-12-31,train,0,0,0.16810887,0.006774581692620139,0.08744172365566294
414,2018-03-31,val,0,0,0.41932443,0.5674836595873661,0.49340404371523
414,2018-05-31,val,0,0,0.41932443,0.3583101490825439,0.3888172884628189
414,2019-12-31,val,0,0,0.30329433,0.04227924563021591,0.17278678823277915
423,2018-01-31,val,1,0,0.19315542,0.016832819616628285,0.10499412121168404
423,2018-06-30,val,31,1,0.19274214,0.023440735538252797,0.10809143731964062
423,2018-07-31,val,62,1,0.8377466,0.998652773789476,0.9181996969838493
423,2018-08-31,val,93,1,0.8377466,0.998652773789476,0.9181996969838493
423,2018-09-30,val,123,1,0.8377466,0.9985443734995789,0.9181454968389008
423,2018-10-31,val,154,1,0.8377466,0.9985443734995789,0.9181454968389008
423,2018-11-30,val,184,1,0.8377466,0.9987045547911025,0.9182255874846625
423,2018-12-31,val,215,1,0.8377466,0.9987045547911025,0.9182255874846625
423,2019-01-31,val,246,1,0.8377466,0.9989007987758843,0.9183237094770536
423,2019-02-28,val,274,1,0.8377466,0.9989398978330771,0.91834325900565
423,2019-03-31,val,305,1,0.8377466,0.9993801919162842,0.9185634060472534
423,2019-04-30,val,335,1,0.8377466,0.9998540397622317,0.9188003299702272
423,2019-05-31,val,366,1,0.8377466,0.9998540397622317,0.9188003299702272
423,2019-06-30,val,396,1,0.8377466,0.9998540397622317,0.9188003299702272
423,2019-07-31,val,427,1,0.8377466,0.9998540397622317,0.9188003299702272
423,2019-08-31,val,458,1,0.8377466,0.9998540397622317,0.9188003299702272
423,2019-09-30,val,488,1,0.8377466,0.9998540397622317,0.9188003299702272
423,2019-10-31,val,519,1,0.8377466,0.9998540397622317,0.9188003299702272
423,2019-11-30,val,549,1,0.8377466,0.9998540397622317,0.9188003299702272
423,2019-12-31,val,580,1,0.8377466,0.9998540397622317,0.9188003299702272
462,2018-05-31,test,33,1,0.18306623,0.016619191752651002,0.0998427128726138
462,2018-06-30,test,33,1,0.18306623,0.021791899439718515,0.10242906671614756
462,2018-07-31,test,33,1,0.18306623,0.02617249855326954,0.10461936627292306
462,2018-08-31,test,34,1,0.18306623,0.027640495167923388,0.10535336458024999
462,2018-09-30,test,2,0,0.18306623,0.02797572601534537,0.10552098000396098
462,2018-10-31,test,0,0,0.18306623,0.031247148936905538,0.10715669146474106
462,2018-11-30,test,2,0,0.18306623,0.02504386298087723,0.10405504848672692
462,2018-12-31,test,3,0,0.18306623,0.028058028025021865,0.10556213100879923
462,2019-01-31,test,34,1,0.18306623,0.028935138927658855,0.10600068646011773
462,2019-02-28,test,62,1,0.8377466,0.9994537913895423,0.9186002057838825
462,2019-03-31,test,62,1,0.8377466,0.999452183679574,0.9185994019288983
462,2019-04-30,test,92,1,0.8377466,0.999452183679574,0.9185994019288983
462,2019-05-31,test,92,1,0.8377466,0.999452183679574,0.9185994019288983
462,2019-06-30,test,122,1,0.8377466,0.999452183679574,0.9185994019288983
462,2019-07-31,test,153,1,0.8377466,0.999550677756501,0.9186486489673618
462,2019-08-31,test,184,1,0.8377466,0.9995314272526638,0.9186390237154431
462,2019-09-30,test,214,1,0.8377466,0.9995592763430223,0.9186529482606225
462,2019-10-31,test,245,1,0.8377466,0.9998515211062542,0.9187990706422384
462,2019-11-30,test,275,1,0.8377466,0.9998515211062542,0.9187990706422384
462,2019-12-31,test,306,1,0.8377466,0.9998515211062542,0.9187990706422384
526,2018-02-28,train,0,0,0.22022176,0.03801894731155612,0.12912035260017504
526,2018-04-30,train,0,0,0.22022176,0.028340885903468865,0.1242813218961314
526,2018-09-30,train,0,0,0.24995694,0.03580876989713292,0.14288285277064136
526,2019-05-31,train,1,0,0.33426625,0.0501882077881252,0.19222722657663402
526,2019-11-30,train,0,0,0.3235386,0.0816819348420809,0.20261026812027447
526,2019-12-31,train,1,0,0.3235386,0.07437380147123686,0.19895620143485243
531,2017-12-31,train,0,0,0.20979832,0.02082004717041114,0.11530918414915134
531,2018-01-31,train,0,0,0.19406632,0.028326325507374656,0.11119632069836659
531,2018-02-28,train,8,0,0.19406632,0.031792160182547304,0.11292923803595291
531,2018-03-31,train,11,0,0.19471319,0.036070048564649584,0.1153916193812971
531,2018-04-30,train,10,0,0.19471319,0.036070048564649584,0.1153916193812971
531,2018-05-31,train,0,0,0.19471319,0.03985882852621537,0.11728600936208
531,2018-06-30,train,0,0,0.19471319,0.04302957691289804,0.11887138355542134
531,2018-07-31,train,0,0,0.19471319,0.04782806507429725,0.12127062763612095
531,2018-08-31,train,0,0,0.19471319,0.03575775798101551,0.11523547408948008
531,2018-09-30,train,0,0,0.19471319,0.035883244716084554,0.1152982174570146
531,2018-10-31,train,0,0,0.19471319,0.02216975674934778,0.10844147347364622
531,2018-11-30,train,0,0,0.19471319,0.022695435403964265,0.10870431280095445
531,2018-12-31,train,11,0,0.18313785,0.01431821040982059,0.09872802969154741
531,2019-01-31,train,0,0,0.1948002,0.013529668278424705,0.1041649331782901
531,2019-02-28,train,0,0,0.18313785,0.016004449742869235,0.09957114935807174
531,2019-03-31,train,0,0,0.19564803,0.016509930518331085,0.10607897998246647
531,2019-04-30,train,0,0,0.20091496,0.037993943467587575,0.11945445377372223
531,2019-05-31,train,0,0,0.20091496,0.037993943467587575,0.11945445377372223
531,2019-06-30,train,0,0,0.20091496,0.018809626583030176,0.10986229533144352
531,2019-07-31,train,0,0,0.20091496,0.018710776052867917,0.1098128700663624
531,2019-08-31,train,0,0,0.20091496,0.018710776052867917,0.1098128700663624
531,2019-09-30,train,0,0,0.20091496,0.018193478168549347,0.10955422112420311
531,2019-10-31,train,0,0,0.20091496,0.018193478168549347,0.10955422112420311
531,2019-11-30,train,10,0,0.20091496,0.022767017574646286,0.11184099082725157
531,2019-12-31,train,0,0,0.20091496,0.03627261922486521,0.11859379165236104
533,2017-07-31,test,0,0,0.16982947,0.008163192453420195,0.08899633267642858
533,2017-08-31,test,0,0,0.16982947,0.010162607831049766,0.08999604036524336
533,2017-11-30,test,0,0,0.18235548,0.02426448864808368,0.10330998352701806
533,2018-01-31,test,0,0,0.17181152,0.018231253236622738,0.09502138714496847
533,2019-07-31,test,0,0,0.16864206,0.004200783155667636,0.08642142106210582
533,2019-12-31,test,0,0,0.16864206,0.009137674047867165,0.08888986650820559
538,2017-05-31,train,0,0,0.1790089,0.0052961738114777855,0.09215253746535498
538,2018-01-31,train,3,0,0.25297138,0.0874235704003999,0.17019747567471014
538,2018-02-28,train,0,0,0.25297138,0.10044903304309283,0.1767102069960566
538,2018-03-31,train,3,0,0.2706671,0.36578485551932916,0.3182259807162457
538,2018-04-30,train,33,1,0.2706671,0.39085084890893695,0.3307589774110496
538,2018-05-31,train,64,1,0.8377466,0.998739525609774,0.9182430728939983
538,2018-06-30,train,94,1,0.8377466,0.998978507835136,0.9183625640066793
538,2018-07-31,train,64,1,0.8377466,0.9990646071156503,0.9184056136469365
538,2018-08-31,train,95,1,0.8377466,0.9990646071156503,0.9184056136469365
538,2018-09-30,train,125,1,0.8377466,0.9990646071156503,0.9184056136469365
538,2018-10-31,train,156,1,0.8377466,0.9989975860123345,0.9183721030952785
538,2018-11-30,train,186,1,0.8377466,0.9989975860123345,0.9183721030952785
538,2018-12-31,train,217,1,0.8377466,0.9989964268800834,0.918371523529153
538,2019-01-31,train,248,1,0.8377466,0.9981333822401782,0.9179400012092005
538,2019-02-28,train,92,1,0.8377466,0.999014145428362,0.9183803828032924
538,2019-03-31,train,123,1,0.8377466,0.9991516166654729,0.9184491184218477
538,2019-04-30,train,153,1,0.8377466,0.9992780755711138,0.9185123478746682
538,2019-05-31,train,184,1,0.8377466,0.9992780755711138,0.9185123478746682
538,2019-06-30,train,214,1,0.8377466,0.999088349158886,0.9184174846685543
538,2019-07-31,train,245,1,0.8377466,0.999088349158886,0.9184174846685543
538,2019-08-31,train,276,1,0.8377466,0.999088349158886,0.9184174846685543
538,2019-09-30,train,306,1,0.8377466,0.999088349158886,0.9184174846685543
538,2019-10-31,train,337,1,0.8377466,0.9990808219448319,0.9184137210615273
538,2019-11-30,train,367,1,0.8377466,0.9990808219448319,0.9184137210615273
538,2019-12-31,train,398,1,0.8377466,0.9990808219448319,0.9184137210615273
543,2017-08-31,train,0,0,0.16982947,0.012191115916122283,0.09101029440777962
543,2018-02-28,train,0,0,0.17181152,0.024083078412850137,0.09794729973308217
543,2018-12-31,train,0,0,0.1724001,0.01852740380819367,0.09546375291375184
543,2019-10-31,train,0,0,0.16864206,0.008829582410993856,0.08873582068976893
543,2019-11-30,train,0,0,0.16864206,0.008761238903863074,0.08870164893620354
543,2019-12-31,train,0,0,0.16864206,0.0072037791983220875,0.08792291908343304
612,2018-01-31,train,0,0,0.21442388,0.05763639248072174,0.13603013623088134
612,2018-03-31,train,0,0,0.21512051,0.0587049935713259,0.13691275141908962
612,2019-12-31,train,0,0,0.18269268,0.02314579706532715,0.1029192369239676
613,2017-10-31,train,0,0,0.1790089,0.01156185934712526,0.09528538023317872
613,2017-12-31,train,0,0,0.2032864,0.018469303048363066,0.11087784876262681
613,2019-01-31,train,0,0,0.19758303,0.021950397194891887,0.10976671591474102
613,2019-11-30,train,0,0,0.21121049,0.04462705124756142,0.12791877026031634
613,2019-12-31,train,0,0,0.21121049,0.0381242050291306,0.12466734715110095
636,2017-10-31,train,3,0,0.16846253,0.01011479272372987,0.0892886612511052
636,2019-10-31,train,3,0,0.5859356,0.3649641164341651,0.4754498545427661
636,2019-11-30,train,33,1,0.5859356,0.41195452225536855,0.49894505745336787
636,2019-12-31,train,33,1,0.5569096,0.4262209176234574,0.49156526919266436
662,2017-05-31,train,0,0,0.16982947,0.002326866589187588,0.08607816974431227
662,2019-03-31,train,0,0,0.1724001,0.011006641080538605,0.0917033715499243
662,2019-05-31,train,0,0,0.16864206,0.009705484361772172,0.0891737716651581
662,2019-10-31,train,0,0,0.16864206,0.009289322095235569,0.08896569053188978
662,2019-12-31,train,0,0,0.16864206,0.008761238903863074,0.08870164893620354
675,2017-08-31,train,0,0,0.16846253,0.004552123358654956,0.08650732656856774
675,2018-06-30,train,54,1,0.8377466,0.9977912309874183,0.9177689255828205
675,2018-07-31,train,0,0,0.21178763,0.03755511319995262,0.1246713696736114
675,2018-08-31,train,24,0,0.22097775,0.06997258932009104,0.14547517136044683
675,2018-09-30,train,23,0,0.25763035,0.053180153953492,0.1554052510795292
675,2018-10-31,train,0,0,0.27364475,0.06432580170822454,0.1689852735290543
675,2018-11-30,train,0,0,0.27364475,0.0483239829183905,0.16098436413413728
675,2018-12-31,train,0,0,0.25253072,0.04979862094060078,0.15116467237539835
675,2019-01-31,train,0,0,0.25583,0.011074246114449899,0.13345211801228782
675,2019-02-28,train,0,0,0.37478784,0.06091765593001447,0.21785274659846823
675,2019-03-31,train,0,0,0.40907484,0.08019131962138604,0.24463308127561306
675,2019-04-30,train,0,0,0.40907484,0.08019131962138604,0.24463308127561306
675,2019-05-31,train,0,0,0.46555156,0.114471528870146,0.2900115420134269
675,2019-06-30,train,0,0,0.52576673,0.15960199638055608,0.3426843633445444
675,2019-07-31,train,0,0,0.5739111,0.2031030085437195,0.3885070396836945
675,2019-08-31,train,0,0,0.5739111,0.24392626696829775,0.4089186688959836
675,2019-09-30,train,0,0,0.530251,0.26877922066063403,0.39951512340709927
675,2019-10-31,train,24,0,0.530251,0.26877922066063403,0.39951512340709927
675,2019-11-30,train,0,0,0.5569096,0.3099884400996282,0.4334490304307498
675,2019-12-31,train,0,0,0.49349257,0.3460178982457885,0.419755235872734
705,2019-02-28,train,18,0,0.21512051,0.05956592508468403,0.1373432171757687
705,2019-03-31,train,21,0,0.18269268,0.029977352154934793,0.10633501446877142
705,2019-04-30,train,0,0,0.18269268,0.029977352154934793,0.10633501446877142
705,2019-05-31,train,0,0,0.18269268,0.03526823683829215,0.1089804568104501
705,2019-06-30,train,20,0,0.18269268,0.03244520230483304,0.10756893954372054
705,2019-07-31,train,51,1,0.8377466,0.9989707662192193,0.918358693198721
705,2019-08-31,train,52,1,0.8377466,0.9989707662192193,0.918358693198721
705,2019-09-30,train,82,1,0.8377466,0.9989707662192193,0.918358693198721
705,2019-10-31,train,113,1,0.8377466,0.9989707662192193,0.918358693198721
705,2019-11-30,train,143,1,0.8377466,0.99896588740177,0.9183562537899963
705,2019-12-31,train,174,1,0.8377466,0.9989622691682368,0.9183544446732297
715,2018-12-31,train,46,1,0.8377466,0.9987669422770716,0.9182567812276472
715,2019-01-31,train,16,0,0.3575157,0.03603132661832322,0.19677350966459983
715,2019-02-28,train,44,1,0.8377466,0.9989717559598168,0.9183591880690197
715,2019-03-31,train,44,1,0.8377466,0.9993264202756144,0.9185365202269185
715,2019-04-30,train,74,1,0.8377466,0.9993264202756144,0.9185365202269185
715,2019-05-31,train,46,1,0.8377466,0.9996063633828721,0.9186764917805474
715,2019-06-30,train,76,1,0.8377466,0.9996063633828721,0.9186764917805474
715,2019-07-31,train,107,1,0.8377466,0.9994824921608927,0.9186145561695577
715,2019-08-31,train,138,1,0.8377466,0.9994824921608927,0.9186145561695577
715,2019-09-30,train,77,1,0.8377466,0.9994824921608927,0.9186145561695577
715,2019-10-31,train,108,1,0.8377466,0.9994824921608927,0.9186145561695577
715,2019-11-30,train,107,1,0.8377466,0.9994824921608927,0.9186145561695577
715,2019-12-31,train,138,1,0.8377466,0.9995132529549837,0.9186299365666032
730,2017-06-30,val,0,0,0.16982947,0.0008774175760442727,0.0853534452377406
730,2017-07-31,val,0,0,0.16982947,0.0008774175760442727,0.0853534452377406
730,2017-08-31,val,0,0,0.16982947,0.002794037665571162,0.08631175528250405
730,2017-10-31,val,0,0,0.16982947,0.004920129689818001,0.08737480129462748
730,2018-04-30,val,4,0,0.18196113,0.012469333470938052,0.09721523377352825
730,2018-05-31,val,5,0,0.19599283,0.015152648421981737,0.10557273791872403
730,2018-06-30,val,35,1,0.19599283,0.015152648421981737,0.10557273791872403
730,2018-07-31,val,66,1,0.8377466,0.9973851063004788,0.9175658632393507
730,2018-08-31,val,97,1,0.8377466,0.997487641036316,0.9176171306072693
730,2018-09-30,val,127,1,0.8377466,0.9976960319462586,0.9177213260622405
730,2018-10-31,val,158,1,0.8377466,0.99769405340574,0.9177203367919813
730,2018-11-30,val,188,1,0.8377466,0.99769405340574,0.9177203367919813
730,2018-12-31,val,219,1,0.8377466,0.9975290747046568,0.9176378474414397
730,2019-01-31,val,250,1,0.8377466,0.9949630220529083,0.9163548211155654
730,2019-02-28,val,278,1,0.8377466,0.9976538677073935,0.9177002439428081
730,2019-03-31,val,309,1,0.8377466,0.9976318460271543,0.9176892331026885
730,2019-04-30,val,339,1,0.8377466,0.9976318460271543,0.9176892331026885
730,2019-05-31,val,370,1,0.8377466,0.9976965927188433,0.917721606448533
730,2019-06-30,val,400,1,0.8377466,0.9976965927188433,0.917721606448533
730,2019-07-31,val,431,1,0.8377466,0.9976965927188433,0.917721606448533
730,2019-08-31,val,462,1,0.8377466,0.9979077431216422,0.9178271816499324
730,2019-09-30,val,492,1,0.8377466,0.9979077431216422,0.9178271816499324
730,2019-10-31,val,523,1,0.8377466,0.9979077431216422,0.9178271816499324
730,2019-11-30,val,553,1,0.8377466,0.9979077431216422,0.9178271816499324
730,2019-12-31,val,584,1,0.8377466,0.9979077431216422,0.9178271816499324
735,2018-08-31,train,0,0,0.1724001,0.01591515335601582,0.0941576276876629
735,2019-03-31,train,0,0,0.1724001,0.006730854933845683,0.08956547847657784
735,2019-10-31,train,0,0,0.1724001,0.008435671523585249,0.09041788677144762
735,2019-11-30,train,0,0,0.1724001,0.008823484768568328,0.09061179339393917
735,2019-12-31,train,0,0,0.1724001,0.0096950046419233,0.09104755333061665
739,2019-03-31,train,0,0,0.1724001,0.010773040886678069,0.09158657145299404
739,2019-04-30,train,0,0,0.1724001,0.010773040886678069,0.09158657145299404
739,2019-05-31,train,0,0,0.1724001,0.011049559978917723,0.09172483099911385
739,2019-06-30,train,0,0,0.1724001,0.013186371040079867,0.09279323652969493
739,2019-07-31,train,0,0,0.1724001,0.012354097738760993,0.0923770998790355
739,2019-08-31,train,0,0,0.1724001,0.01471860124941237,0.09355935163436119
739,2019-09-30,train,15,0,0.1724001,0.01536887941365482,0.09388449071648242
739,2019-10-31,train,0,0,0.1724001,0.009362160305322262,0.09088113116231614
739,2019-11-30,train,15,0,0.1724001,0.015330629274362186,0.09386536564683609
739,2019-12-31,train,46,1,0.8377466,0.9986251952061271,0.9181859076921749
744,2017-12-31,train,1,0,0.17587322,0.014672996012986057,0.09527310798993724
744,2018-01-31,train,1,0,0.216019,0.03244903755288101,0.12423402106811988
744,2018-02-28,train,0,0,0.22059853,0.032524174486446386,0.1265613541180134
744,2019-01-31,train,1,0,0.2795896,0.05514556399810827,0.1673675787043001
744,2019-02-28,train,0,0,0.4404745,0.4006174251312474,0.4205459676620592
744,2019-03-31,train,31,1,0.46423122,0.6178317595987379,0.5410314912333518
744,2019-04-30,train,61,1,0.8377466,0.999600263847366,0.9186734420127943
744,2019-05-31,train,92,1,0.8377466,0.999600263847366,0.9186734420127943
744,2019-06-30,train,31,1,0.6086136,0.8724671606479275,0.7405403854577833
744,2019-07-31,train,31,1,0.6538841,0.8839462697187647,0.7689151912768475
744,2019-08-31,train,32,1,0.6538841,0.9189672412380695,0.7864256770364999
744,2019-09-30,train,31,1,0.6538841,0.9189672412380695,0.7864256770364999
744,2019-10-31,train,62,1,0.8377466,0.9996409529164856,0.9186937865473541
744,2019-11-30,train,31,1,0.61289126,0.9129705342358144,0.7629308955225245
744,2019-12-31,train,62,1,0.8377466,0.9996412607813734,0.918693940479798
761,2018-12-31,train,1,0,0.19478269,0.038270276201540644,0.11652648270764669
761,2019-01-31,train,32,1,0.38535136,0.38496854526875807,0.38515995255648294
761,2019-02-28,train,0,0,0.1786209,0.012220247089961885,0.09542057588701433
761,2019-03-31,train,1,0,0.1786209,0.012084962161973446,0.0953529334230201
761,2019-04-30,train,0,0,0.17210318,0.009097948313530248,0.09060056489744582
761,2019-05-31,train,1,0,0.17210318,0.007703193724405923,0.08990318760288366
761,2019-06-30,train,0,0,0.17210318,0.0069733690224396796,0.08953827525190053
761,2019-07-31,train,1,0,0.17210318,0.0069599114632299805,0.08953154647229568
761,2019-08-31,train,1,0,0.17210318,0.007535027316649514,0.08981910439900545
761,2019-09-30,train,0,0,0.17210318,0.007474920200941017,0.0897890508411512
761,2019-10-31,train,1,0,0.17210318,0.006925053355970127,0.08951411741866576
761,2019-11-30,train,0,0,0.17210318,0.005122484069255535,0.08861283277530846
761,2019-12-31,train,1,0,0.17210318,0.004911702750704013,0.0885074421160327
764,2017-07-31,test,0,0,0.1790089,0.0037805659434799878,0.09139473353135608
764,2019-01-31,test,42,1,0.8377466,0.9975926077401951,0.9176696139592089
764,2019-02-28,test,39,1,0.8377466,0.9987017687645013,0.918224194471362
764,2019-03-31,test,70,1,0.8377466,0.9989259561959607,0.9183362881870917
764,2019-04-30,test,69,1,0.8377466,0.9989199646191094,0.918333292398666
764,2019-05-31,test,41,1,0.8377466,0.9990733062851184,0.9184099632316705
764,2019-06-30,test,71,1,0.8377466,0.9992161371478514,0.918481378663037
764,2019-07-31,test,102,1,0.8377466,0.9990101490413777,0.9183783846098001
764,2019-08-31,test,133,1,0.8377466,0.9990101490413777,0.9183783846098001
764,2019-09-30,test,163,1,0.8377466,0.9990101490413777,0.9183783846098001
764,2019-10-31,test,194,1,0.8377466,0.9990101490413777,0.9183783846098001
764,2019-11-30,test,224,1,0.8377466,0.9990101490413777,0.9183783846098001
764,2019-12-31,test,255,1,0.8377466,0.9990019767985522,0.9183742984883874
774,2017-12-31,train,0,0,0.1681722,0.00348013175632814,0.08582616365505387
774,2018-01-31,train,10,0,0.17798863,0.005291115390260416,0.09163987445185552
774,2018-02-28,train,7,0,0.18346347,0.005510229870640294,0.09448684950916124
774,2018-03-31,train,10,0,0.18346347,0.006880184119449207,0.0951718266335657
774,2018-04-30,train,9,0,0.18346347,0.006880184119449207,0.0951718266335657
774,2018-05-31,train,10,0,0.18306623,0.007112179495544477,0.09508920674406054
774,2018-06-30,train,9,0,0.18306623,0.007112179495544477,0.09508920674406054
774,2018-07-31,train,40,1,0.8377466,0.9990600877944008,0.9184033539863117
774,2018-08-31,train,10,0,0.18306623,0.016619191752651002,0.0998427128726138
774,2018-09-30,train,9,0,0.18306623,0.021791899439718515,0.10242906671614756
774,2018-10-31,train,40,1,0.8377466,0.9993750430837219,0.9185608316309724
774,2018-11-30,train,70,1,0.8377466,0.999463808131313,0.9186052141547678
774,2018-12-31,train,71,1,0.8377466,0.999513966737492,0.9186302934578574
774,2019-01-31,train,102,1,0.8377466,0.9990877179431328,0.9184171690606777
774,2019-02-28,train,99,1,0.8377466,0.9993861959709944,0.9185664080746085
774,2019-03-31,train,100,1,0.8377466,0.9994537913895423,0.9186002057838825
774,2019-04-30,train,99,1,0.8377466,0.9994537913895423,0.9186002057838825
774,2019-05-31,train,99,1,0.8377466,0.9994537913895423,0.9186002057838825
774,2019-06-30,train,40,1,0.8377466,0.999452183679574,0.9185994019288983
774,2019-07-31,train,10,0,0.20083807,0.03192797615663453,0.11638302512236558
774,2019-08-31,train,41,1,0.8377466,0.999452183679574,0.9185994019288983
774,2019-09-30,train,71,1,0.8377466,0.999452183679574,0.9185994019288983
774,2019-10-31,train,71,1,0.8377466,0.9995314272526638,0.9186390237154431
774,2019-11-30,train,101,1,0.8377466,0.9995314272526638,0.9186390237154431
774,2019-12-31,train,101,1,0.8377466,0.9997609369407755,0.918753778559499
777,2018-04-30,test,0,0,0.17441522,0.010497480969945941,0.09245634840991117
777,2019-07-31,test,1,0,0.22075157,0.06235615684173522,0.14155386275838822
777,2019-12-31,test,1,0,0.22075157,0.09167287766344503,0.1562122231692431
792,2017-07-31,train,0,0,0.1681722,0.00035198410807412073,0.08426208983092687
792,2017-09-30,train,0,0,0.1681722,0.0009661081112030926,0.08456915183249135
792,2018-06-30,train,56,1,0.8377466,0.9985332276722082,0.9181399239252155
792,2018-07-31,train,87,1,0.8377466,0.9993905856650016,0.9185686029216121
792,2018-08-31,train,118,1,0.8377466,0.9992304048614944,0.9184885125198585
792,2018-09-30,train,148,1,0.8377466,0.9993257667230591,0.9185361934506409
792,2018-10-31,train,179,1,0.8377466,0.9993257667230591,0.9185361934506409
792,2018-11-30,train,209,1,0.8377466,0.9993257667230591,0.9185361934506409
792,2018-12-31,train,240,1,0.8377466,0.9992753178354146,0.9185109690068186
792,2019-01-31,train,271,1,0.8377466,0.998700879123437,0.9182237496508299
792,2019-02-28,train,299,1,0.8377466,0.9992753178354146,0.9185109690068186
792,2019-03-31,train,330,1,0.8377466,0.999355115874583,0.9185508680264028
792,2019-04-30,train,360,1,0.8377466,0.9993952245248188,0.9185709223515207
792,2019-05-31,train,391,1,0.8377466,0.9993928309405048,0.9185697255593637
792,2019-06-30,train,421,1,0.8377466,0.9994289126392194,0.918587766408721
792,2019-07-31,train,452,1,0.8377466,0.9997480213730898,0.9187473207756562
792,2019-08-31,train,483,1,0.8377466,0.9998515211062542,0.9187990706422384
792,2019-09-30,train,513,1,0.8377466,0.9998515211062542,0.9187990706422384
792,2019-10-31,train,544,1,0.8377466,0.9998515211062542,0.9187990706422384
792,2019-11-30,train,574,1,0.8377466,0.9998515211062542,0.9187990706422384
792,2019-12-31,train,605,1,0.8377466,0.9998515211062542,0.9187990706422384
800,2017-12-31,test,0,0,0.16982947,0.023485476754964305,0.09665747482720063
800,2018-09-30,test,3,0,0.1724001,0.028752328195325173,0.10057621510731758
800,2018-11-30,test,3,0,0.1724001,0.027567626403151763,0.09998386421123089
800,2018-12-31,test,0,0,0.1724001,0.024768665319196,0.098584383669253
800,2019-01-31,test,4,0,0.19040185,0.010571997626789884,0.1004869248788399
800,2019-02-28,test,32,1,0.1724001,0.01891406201456494,0.09565708201693747
800,2019-03-31,test,0,0,0.1724001,0.013696052960326336,0.09304807748981817
800,2019-04-30,test,0,0,0.16864206,0.007153152457152294,0.08789760571284815
800,2019-05-31,test,0,0,0.16864206,0.007153152457152294,0.08789760571284815
800,2019-06-30,test,0,0,0.16864206,0.008450750614481261,0.08854640479151263
800,2019-07-31,test,0,0,0.16864206,0.00798382695246575,0.08831294296050488
800,2019-08-31,test,0,0,0.16864206,0.00484825138706978,0.0867451551778069
800,2019-09-30,test,0,0,0.16864206,0.00484825138706978,0.0867451551778069
800,2019-10-31,test,0,0,0.16864206,0.00484825138706978,0.0867451551778069
800,2019-11-30,test,0,0,0.16864206,0.00484825138706978,0.0867451551778069
800,2019-12-31,test,0,0,0.16864206,0.006211278644006773,0.08742666880627539
834,2017-08-31,val,0,0,0.1790089,0.0022846457883191696,0.09064677345377567
834,2017-09-30,val,0,0,0.1790089,0.007867596571595255,0.09343824884541371
834,2019-01-31,val,0,0,0.20692593,0.018838023801939843,0.11288197619731086
834,2019-04-30,val,0,0,0.18313785,0.016004449742869235,0.09957114935807174
834,2019-12-31,val,0,0,0.20091496,0.018193478168549347,0.10955422112420311
846,2018-03-31,val,0,0,0.20520487,0.028589734170967194,0.11689730422404103
846,2018-04-30,val,0,0,0.20520487,0.027398047202627934,0.1163014607398714
846,2019-12-31,val,0,0,0.21121049,0.038211465884355235,0.12471097757871326
849,2019-05-31,train,16,0,0.18134555,0.02253733459110265,0.10194144339857104
849,2019-06-30,train,46,1,0.8377466,0.9984089604834895,0.9180777903308561
849,2019-07-31,train,0,0,0.18174118,0.02399302236516728,0.10286710020045169
849,2019-08-31,train,0,0,0.18174118,0.02399302236516728,0.10286710020045169
849,2019-09-30,train,0,0,0.17462453,0.013326055463854368,0.09397529396251038
849,2019-10-31,train,0,0,0.17462453,0.01297210928698619,0.09379832087407629
849,2019-11-30,train,0,0,0.17462453,0.01297210928698619,0.09379832087407629
849,2019-12-31,train,0,0,0.17462453,0.014495335408071758,0.09455993393461908
860,2017-10-31,test,0,0,0.16982947,0.0026713466120265473,0.08625040975573176
860,2017-11-30,test,0,0,0.16982947,0.004920129689818001,0.08737480129462748
860,2017-12-31,test,0,0,0.16982947,0.007486193630627866,0.0886578332650324
860,2018-08-31,test,0,0,0.19599283,0.023771314456481566,0.10988207093597394
860,2018-09-30,test,0,0,0.16857491,0.002805158113446004,0.08569003622482527
860,2018-10-31,test,0,0,0.16857491,0.003132662172694715,0.08585378825444963
860,2018-11-30,test,0,0,0.16857491,0.0037768708540632996,0.08617589259513392
860,2018-12-31,test,0,0,0.16857491,0.003715557936343661,0.08614523613627409
860,2019-01-31,test,0,0,0.17500468,0.0015504081067721212,0.08827754204557738
860,2019-02-28,test,0,0,0.16857491,0.0029451128001032434,0.08576001356815388
860,2019-03-31,test,0,0,0.16857491,0.0029220967453655175,0.08574850554078502
860,2019-04-30,test,0,0,0.16857491,0.0029220967453655175,0.08574850554078502
860,2019-05-31,test,0,0,0.16857491,0.0029220967453655175,0.08574850554078502
860,2019-06-30,test,0,0,0.16857491,0.003004181871588083,0.0857895481038963
860,2019-07-31,test,0,0,0.16857491,0.0033803655593590432,0.08597763994778179
860,2019-08-31,test,0,0,0.16857491,0.0033803655593590432,0.08597763994778179
860,2019-09-30,test,0,0,0.16857491,0.0022558204225897474,0.08541536737939714
860,2019-10-31,test,0,0,0.16857491,0.0022558204225897474,0.08541536737939714
860,2019-11-30,test,0,0,0.16857491,0.0022558204225897474,0.08541536737939714
860,2019-12-31,test,0,0,0.16857491,0.002461787923090208,0.08551835112964737
876,2018-03-31,val,1,0,0.19328654,0.0194087252828843,0.10634763170348438
876,2019-04-30,val,0,0,0.1724001,0.00899547923531846,0.09069779062731423
876,2019-10-31,val,1,0,0.16864206,0.004200783155667636,0.08642142106210582
876,2019-12-31,val,0,0,0.16864206,0.005490077139351854,0.08706606805394793
883,2019-12-31,train,0,0,0.21426854,0.007843706474017165,0.11105612092480613
887,2017-11-30,train,0,0,0.16982947,0.009208775439917645,0.08951912416967729
887,2018-01-31,train,1,0,0.16982947,0.013617111634217088,0.09172329226682702
887,2018-02-28,train,0,0,0.19512627,0.022939533578811903,0.1090328994331056
887,2018-03-31,train,1,0,0.19328654,0.021873107156321823,0.10757982264020315
887,2018-04-30,train,0,0,0.17181152,0.018231253236622738,0.09502138714496847
887,2018-05-31,train,1,0,0.17181152,0.018231253236622738,0.09502138714496847
887,2018-06-30,train,0,0,0.1724001,0.015984454046070035,0.09419227803269002
887,2018-07-31,train,1,0,0.1724001,0.015984454046070035,0.09419227803269002
887,2018-08-31,train,1,0,0.1724001,0.016407985838683286,0.09440404392899664
887,2018-09-30,train,0,0,0.1724001,0.018191090162196253,0.09529559609075312
887,2018-10-31,train,1,0,0.1724001,0.013172831074396776,0.09278646654685338
887,2018-11-30,train,0,0,0.1724001,0.01162678074573647,0.09201344138252324
887,2018-12-31,train,1,0,0.1724001,0.01162678074573647,0.09201344138252324
887,2019-01-31,train,1,0,0.19040185,0.003712369711632047,0.09705711092126097
887,2019-02-28,train,0,0,0.1724001,0.00959106245847461,0.0909955822388923
887,2019-03-31,train,1,0,0.1724001,0.008504103590448035,0.09045210280487902
887,2019-04-30,train,0,0,0.1724001,0.00899547923531846,0.09069779062731423
887,2019-05-31,train,1,0,0.1724001,0.00899547923531846,0.09069779062731423
887,2019-06-30,train,0,0,0.1724001,0.008755534477985192,0.09057781824864759
887,2019-07-31,train,1,0,0.1724001,0.009724266799043629,0.09106218440917681
887,2019-08-31,train,1,0,0.1724001,0.008910848358512403,0.0906554751889112
887,2019-09-30,train,0,0,0.1724001,0.005413180238513222,0.08890664112891161
887,2019-10-31,train,1,0,0.16864206,0.004200783155667636,0.08642142106210582
887,2019-11-30,train,0,0,0.16864206,0.00503202342565121,0.0868370411970976
887,2019-12-31,train,1,0,0.16864206,0.005490077139351854,0.08706606805394793
927,2017-12-31,train,0,0,0.16982947,0.030098577865242435,0.0999640253823397
927,2018-01-31,train,26,0,0.16982947,0.02676572333262623,0.09829759811603159
927,2018-02-28,train,23,0,0.16982947,0.02918822399310825,0.0995088484462726
927,2018-03-31,train,26,0,0.1856473,0.03406996108956204,0.10985862750742369
927,2018-04-30,train,56,1,0.8377466,0.9978715674350609,0.9178090938066418
927,2018-05-31,train,56,1,0.8377466,0.9976038377613233,0.9176752289697729
927,2018-06-30,train,0,0,0.19390014,0.02790235707604829,0.11090124760788651
927,2018-07-31,train,0,0,0.19390014,0.030638620928678546,0.11226937953420164
927,2018-08-31,train,0,0,0.19390014,0.033599589925034985,0.11374986403237985
927,2018-09-30,train,0,0,0.19390014,0.03912440641472059,0.11651227227722266
927,2018-10-31,train,0,0,0.19390014,0.04640665366160452,0.12015339590066462
927,2018-11-30,train,0,0,0.19390014,0.04112260425888965,0.11751137119930719
927,2018-12-31,train,0,0,0.23201784,0.04112260425888965,0.13657022458713983
927,2019-01-31,train,0,0,0.24016841,0.025963741956094227,0.13306607475774454
927,2019-02-28,train,23,0,0.23201784,0.07115959005840336,0.15158871748689667
927,2019-03-31,train,0,0,0.23201784,0.04688802918086731,0.13945293704812867
927,2019-04-30,train,0,0,0.19703248,0.04808704842015811,0.12255976492605958
927,2019-05-31,train,26,0,0.19703248,0.03867860933241919,0.11785554538219012
927,2019-06-30,train,25,0,0.19703248,0.03867860933241919,0.11785554538219012
927,2019-07-31,train,0,0,0.19286261,0.031555989513537504,0.1122093022514091
927,2019-08-31,train,0,0,0.19286261,0.02985088053361946,0.11135674776145008
927,2019-09-30,train,0,0,0.19286261,0.02985088053361946,0.11135674776145008
927,2019-10-31,train,0,0,0.19286261,0.018285519645786605,0.10557406731753366
927,2019-11-30,train,0,0,0.19286261,0.026260912877711245,0.10956176393349597
927,2019-12-31,train,0,0,0.19286261,0.026260912877711245,0.10956176393349597
941,2018-05-31,train,0,0,0.1779169,0.017489033101346353,0.0977029662124049
941,2018-08-31,train,0,0,0.17852186,0.029555267042028762,0.10403856185382002
941,2018-09-30,train,0,0,0.17852186,0.030767988743934792,0.10464492270477303
941,2019-11-30,train,20,0,0.24290538,0.058879521713031874,0.15089245002735335
941,2019-12-31,train,0,0,0.24290538,0.0862409011589437,0.16457313975030924
956,2017-12-31,val,0,0,0.16537526,0.002227715353996358,0.08380148892642597
956,2019-03-31,val,5,0,0.24566941,0.06891602439169275,0.15729271701218778
956,2019-06-30,val,4,0,0.26858875,0.07334758492434026,0.1709681682394147
956,2019-07-31,val,5,0,0.26858875,0.08295697570062015,0.17577286362755465
956,2019-08-31,val,0,0,0.24202909,0.0854080838348095,0.16371858479507884
956,2019-09-30,val,4,0,0.24202909,0.0854080838348095,0.16371858479507884
956,2019-10-31,val,5,0,0.24202909,0.09457301439513018,0.16830105007523918
956,2019-11-30,val,4,0,0.24202909,0.10718418169039214,0.17460663372287016
956,2019-12-31,val,35,1,0.24202909,0.11856394298797467,0.18029651437166144
957,2019-02-28,val,1,0,0.1724001,0.008458447890040317,0.09042927495467516
957,2019-07-31,val,4,0,0.1724001,0.010071738880634592,0.0912359204499723
957,2019-11-30,val,3,0,0.1724001,0.01544345583578735,0.09392177892754867
957,2019-12-31,val,4,0,0.1724001,0.01544345583578735,0.09392177892754867
958,2018-03-31,test,0,0,0.19815955,0.020305720565839482,0.1092326331129292
958,2018-08-31,test,0,0,0.19471319,0.03316999378796956,0.1139415919929571
958,2018-11-30,test,0,0,0.19471319,0.04402583563348241,0.11936951291571353
958,2019-12-31,test,0,0,0.20091496,0.02300306196541657,0.11195901302263672
961,2018-01-31,train,0,0,0.19315694,0.18814107629073185,0.1906490095079567
961,2018-05-31,train,0,0,0.2498078,0.3160079756331284,0.2829078902280251
961,2018-09-30,train,0,0,0.25058272,0.4117592562588943,0.33117099053427046
961,2019-10-31,train,30,0,0.21426854,0.04919972393445247,0.1317341296550238
961,2019-11-30,train,0,0,0.21426854,0.024994229296129086,0.1196313823358621
961,2019-12-31,train,30,0,0.21426854,0.024994229296129086,0.1196313823358621
964,2018-03-31,train,0,0,0.19815955,0.01467585026771285,0.10641769796386588
964,2018-10-31,train,0,0,0.19471319,0.04178458375509325,0.11824888697651895
964,2019-02-28,train,0,0,0.19471319,0.019564406508191832,0.10713879835306823
964,2019-03-31,train,0,0,0.19471319,0.0200295737629412,0.10737138198044292
964,2019-08-31,train,0,0,0.20091496,0.02748605166355938,0.11420050787170813
964,2019-12-31,train,0,0,0.20091496,0.022029311784268688,0.11147213793206279
968,2018-05-31,train,0,0,0.25904673,0.010004359445147094,0.13452554641225556
968,2019-04-30,train,0,0,0.39237767,0.04255344246782009,0.21746555852372024
968,2019-07-31,train,0,0,0.44335583,0.07033270099823569,0.2568442647609358
968,2019-12-31,train,0,0,0.56497794,0.2878315970634421,0.4264047704803447
972,2017-12-31,train,0,0,0.19315694,0.1186092223879459,0.15588308255656375
972,2019-05-31,train,0,0,0.23666216,0.06262785814380854,0.14964501123714552
972,2019-12-31,train,0,0,0.21426854,0.020611081482355322,0.11743980842897521
973,2018-09-30,test,25,0,0.17362185,0.025662500569989543,0.09964217439779155
973,2018-10-31,test,26,0,0.18658808,0.06589628974109564,0.12624218423917727
973,2018-11-30,test,0,0,0.1724001,0.009457295131734747,0.09092869857552237
973,2018-12-31,test,0,0,0.1724001,0.00927471550512462,0.09083740876221731
973,2019-01-31,test,26,0,0.21357758,0.0035897541761169293,0.10858366880415725
973,2019-02-28,test,54,1,0.8377466,0.9977628342068006,0.9177547271925116
973,2019-03-31,test,85,1,0.8377466,0.9977628342068006,0.9177547271925116
973,2019-04-30,test,0,0,0.1724001,0.007933994782455394,0.0901670484008827
973,2019-05-31,test,26,0,0.1724001,0.010071738880634592,0.0912359204499723
973,2019-06-30,test,56,1,0.8377466,0.9982157221290695,0.9179811711536461
973,2019-07-31,test,0,0,0.1724001,0.010071738880634592,0.0912359204499723
973,2019-08-31,test,26,0,0.1724001,0.012582932533866411,0.0924915172765882
973,2019-09-30,test,25,0,0.1724001,0.015143811191066815,0.0937719566051884
973,2019-10-31,test,26,0,0.1724001,0.012964038555697336,0.09268207028750367
973,2019-11-30,test,56,1,0.8377466,0.9982157221290695,0.9179811711536461
973,2019-12-31,test,26,0,0.1724001,0.01544345583578735,0.09392177892754867
1007,2018-05-31,train,0,0,0.21442388,0.07673695999666313,0.14558041998885204
1007,2019-09-30,train,0,0,0.18269268,0.039551874377853895,0.11112227558023097
1007,2019-12-31,train,0,0,0.18269268,0.010988162111762545,0.09684041944718529
1012,2019-01-31,val,0,0,0.41957432,0.016335233424675355,0.21795477687049503
1012,2019-09-30,val,0,0,0.16810887,0.006217157731941496,0.08716301167532363
1012,2019-12-31,val,0,0,0.16810887,0.006549550505886961,0.08732920806229635
1018,2018-06-30,val,25,0,0.19406632,0.02603205692626351,0.11004918640781101
1018,2018-07-31,val,0,0,0.19471319,0.026531198324306733,0.11062219426112568
1018,2018-08-31,val,26,0,0.19471319,0.03316999378796956,0.1139415919929571
1018,2018-09-30,val,56,1,0.8377466,0.9981138870867912,0.9179302536325069
1018,2018-10-31,val,0,0,0.19471319,0.0409161979008978,0.11781469404942121
1018,2018-11-30,val,25,0,0.19471319,0.04402583563348241,0.11936951291571353
1018,2018-12-31,val,56,1,0.8377466,0.9985247545241471,0.9181356873511849
1018,2019-01-31,val,87,1,0.8377466,0.9956910802939524,0.9167188502360875
1018,2019-02-28,val,115,1,0.8377466,0.9985247545241471,0.9181356873511849
1018,2019-03-31,val,0,0,0.19471319,0.023384134710918523,0.10904866245443158
1018,2019-04-30,val,25,0,0.19471319,0.020597081379883947,0.1076551357889143
1018,2019-05-31,val,56,1,0.8377466,0.9987914384291027,0.9182690293036626
1018,2019-06-30,val,86,1,0.8377466,0.9987882917571707,0.9182674559676967
1018,2019-07-31,val,26,0,0.18313785,0.015847181462102802,0.09949251521768851
1018,2019-08-31,val,57,1,0.8377466,0.998712590954674,0.9182296055664483
1018,2019-09-30,val,56,1,0.8377466,0.998910958096701,0.9183287891374619
1018,2019-10-31,val,87,1,0.8377466,0.998910958096701,0.9183287891374619
1018,2019-11-30,val,86,1,0.8377466,0.998910958096701,0.9183287891374619
1018,2019-12-31,val,87,1,0.8377466,0.998910958096701,0.9183287891374619
1026,2017-12-31,train,0,0,0.16982947,0.006901353798050574,0.08836541334874376
1026,2018-01-31,train,0,0,0.16982947,0.009855562445240697,0.08984251767233882
1026,2018-04-30,train,55,1,0.8377466,0.9974612813327189,0.9176039507554707
1026,2018-05-31,train,86,1,0.8377466,0.998178761324585,0.9179626907514038
1026,2018-06-30,train,116,1,0.8377466,0.9980646928511904,0.9179056565147066
1026,2018-07-31,train,147,1,0.8377466,0.9981557267069877,0.9179511734426051
1026,2018-08-31,train,178,1,0.8377466,0.998132016401767,0.9179393182899949
1026,2018-09-30,train,0,0,0.1724001,0.013052590261808425,0.09272634614055922
1026,2018-10-31,train,0,0,0.1724001,0.02311381733606844,0.09775695967768921
1026,2018-11-30,train,24,0,0.1724001,0.016760739976405564,0.09458042099785778
1026,2018-12-31,train,55,1,0.8377466,0.9986852660794922,0.9182159431288575
1026,2019-01-31,train,86,1,0.8377466,0.9966102880756318,0.9171784541269272
1026,2019-02-28,train,114,1,0.8377466,0.9986852660794922,0.9182159431288575
1026,2019-03-31,train,145,1,0.8377466,0.9985911034380239,0.9181688618081233
1026,2019-04-30,train,175,1,0.8377466,0.9985858414861277,0.9181662308321752
1026,2019-05-31,train,206,1,0.8377466,0.9986497623952272,0.918198191286725
1026,2019-06-30,train,236,1,0.8377466,0.9986497623952272,0.918198191286725
1026,2019-07-31,train,267,1,0.8377466,0.9986497623952272,0.918198191286725
1026,2019-08-31,train,298,1,0.8377466,0.9986497623952272,0.918198191286725
1026,2019-09-30,train,328,1,0.8377466,0.9986497623952272,0.918198191286725
1026,2019-10-31,train,359,1,0.8377466,0.9986497623952272,0.918198191286725
1026,2019-11-30,train,389,1,0.8377466,0.9986497623952272,0.918198191286725
1026,2019-12-31,train,420,1,0.8377466,0.9986497623952272,0.918198191286725
1053,2017-09-30,val,0,0,0.1790089,0.002331485630157391,0.09067019337469479
1053,2018-07-31,val,46,1,0.8377466,0.9975023053212619,0.9176244627497423
1053,2018-08-31,val,77,1,0.8377466,0.9980562941924097,0.9179014571853161
1053,2018-09-30,val,107,1,0.8377466,0.9980825006223872,0.917914560400305
1053,2018-10-31,val,138,1,0.8377466,0.9984110741782123,0.9180788471782175
1053,2018-11-30,val,168,1,0.8377466,0.9987122495320668,0.9182294348551447
1053,2018-12-31,val,199,1,0.8377466,0.9988207646351531,0.918283692406688
1053,2019-01-31,val,230,1,0.8377466,0.9964723444106851,0.9171094822944539
1053,2019-02-28,val,258,1,0.8377466,0.9988207646351531,0.918283692406688
1053,2019-03-31,val,289,1,0.8377466,0.9987362942644888,0.9182414572213558
1053,2019-04-30,val,319,1,0.8377466,0.9987362942644888,0.9182414572213558
1053,2019-05-31,val,350,1,0.8377466,0.9987603921345587,0.9182535061563907
1053,2019-06-30,val,380,1,0.8377466,0.9989533169659421,0.9183499685720824
1053,2019-07-31,val,411,1,0.8377466,0.9990981749995959,0.9184223975889092
1053,2019-08-31,val,442,1,0.8377466,0.9990969167731417,0.9184217684756821
1053,2019-09-30,val,472,1,0.8377466,0.9992361113449799,0.9184913657616013
1053,2019-10-31,val,503,1,0.8377466,0.9990353671086413,0.918390993643432
1053,2019-11-30,val,533,1,0.8377466,0.9990353671086413,0.918390993643432
1053,2019-12-31,val,564,1,0.8377466,0.9990353671086413,0.918390993643432
1085,2018-04-30,test,0,0,0.21029924,0.06600854784405016,0.13815389320331706
1085,2018-07-31,test,0,0,0.25297138,0.08218190573123912,0.16757664334012976
1085,2019-04-30,test,0,0,0.25601193,0.07611530440893237,0.1660636187486175
1085,2019-12-31,test,0,0,0.21596128,0.019704078586755006,0.1178326780358244
1087,2017-09-30,train,0,0,0.1790089,0.0018137444511687189,0.09041132278520045
1087,2017-12-31,train,0,0,0.1790089,0.005172645978821833,0.092090773549027
1087,2018-10-31,train,0,0,0.2441203,0.021930908990428617,0.1330256044032801
1087,2019-12-31,train,0,0,0.20541635,0.008823668639004951,0.10712001009789145
1092,2018-10-31,train,0,0,0.41932443,0.3984935456523402,0.40890898674771703
1092,2019-09-30,train,0,0,0.32356885,0.1192848114600301,0.22142683110786082
1092,2019-12-31,train,56,1,0.8377466,0.9990645148862305,0.9184055675322266
1111,2019-07-31,train,56,1,0.8377466,0.9982763712070675,0.9180114956926451
1111,2019-08-31,train,87,1,0.8377466,0.9982763712070675,0.9180114956926451
1111,2019-09-30,train,87,1,0.8377466,0.9982763712070675,0.9180114956926451
1111,2019-10-31,train,118,1,0.8377466,0.9982763712070675,0.9180114956926451
1111,2019-11-30,train,148,1,0.8377466,0.9982763712070675,0.9180114956926451
1111,2019-12-31,train,0,0,0.2722274,0.0211013931700815,0.14666439983592577
1115,2017-12-31,train,0,0,0.1681722,0.0017166754797106492,0.08494443551674513
1115,2018-09-30,train,0,0,0.19758303,0.023814507991875372,0.11069877131323276
1115,2018-10-31,train,0,0,0.18306623,0.014666845268033905,0.09886653963030526
1115,2019-03-31,train,24,0,0.18306623,0.018090131502336966,0.10057818274745678
1115,2019-04-30,train,0,0,0.18306623,0.01689168292422319,0.0999789584583999
1115,2019-05-31,train,0,0,0.18306623,0.01349858055959458,0.09828240727608559
1115,2019-06-30,train,0,0,0.18306623,0.013773414333722119,0.09841982416314936
1115,2019-07-31,train,0,0,0.18306623,0.015410378596923707,0.09923830629475015
1115,2019-08-31,train,0,0,0.18306623,0.015410378596923707,0.09923830629475015
1115,2019-09-30,train,0,0,0.20083807,0.016214958005791324,0.10852651604694397
1115,2019-10-31,train,0,0,0.20083807,0.017567409659621596,0.1092027418738591
1115,2019-11-30,train,0,0,0.20083807,0.017567409659621596,0.1092027418738591
1115,2019-12-31,train,0,0,0.20083807,0.012896890045584117,0.10686748206684037
1127,2018-07-31,train,0,0,0.17302996,0.011737695772181016,0.09238382748699688
1127,2019-11-30,train,0,0,0.1724001,0.012964038555697336,0.09268207028750367
1127,2019-12-31,train,0,0,0.1724001,0.01544345583578735,0.09392177892754867
1137,2018-02-28,test,0,0,0.16982947,0.011475066231636903,0.09065226956553693
1137,2018-11-30,test,0,0,0.1724001,0.01975276633566488,0.09607643417748744
1137,2019-12-31,test,0,0,0.16864206,0.004567000517973121,0.08660452974325857
1138,2018-01-31,val,0,0,0.19315694,0.015138789201795849,0.10414786596348871
1138,2018-02-28,val,0,0,0.19315694,0.040327347382240836,0.11674214505371121
1138,2018-04-30,val,0,0,0.19315694,0.051139230684573746,0.12214808670487766
1138,2018-05-31,val,0,0,0.2595135,0.06372026049515565,0.16161687892387788
1138,2018-06-30,val,12,0,0.2498078,0.08678675634979173,0.16829728058635673
1138,2018-07-31,val,13,0,0.2498078,0.08465333773897732,0.16723057128094954
1138,2018-08-31,val,13,0,0.25058272,0.09371999123069726,0.17215135802017192
1138,2018-09-30,val,43,1,0.8377466,0.9986539759621229,0.9182002980701728
1138,2018-10-31,val,74,1,0.8377466,0.9987995673679712,0.918273093773097
1138,2018-11-30,val,43,1,0.8377466,0.999105563795956,0.9184260919870894
1138,2018-12-31,val,74,1,0.8377466,0.9992252501025956,0.9184859351404091
1138,2019-01-31,val,13,0,0.26514587,0.07840727034089717,0.1717765692019351
1138,2019-02-28,val,0,0,0.25058272,0.18358151225811617,0.21708211853388137
1138,2019-03-31,val,13,0,0.25058272,0.16380504398052464,0.20719388439508563
1138,2019-04-30,val,12,0,0.25058272,0.15511245065796053,0.20284758773380357
1138,2019-05-31,val,13,0,0.25058272,0.13971573755433553,0.19514923118199107
1138,2019-06-30,val,43,1,0.8377466,0.9988952092608703,0.9183209147195465
1138,2019-07-31,val,74,1,0.8377466,0.9988952092608703,0.9183209147195465
1138,2019-08-31,val,105,1,0.8377466,0.9988890463523277,0.9183178332652752
1138,2019-09-30,val,135,1,0.8377466,0.9988874966744306,0.9183170584263266
1138,2019-10-31,val,0,0,0.22726408,0.05641349638191023,0.14183878642661948
1138,2019-11-30,val,0,0,0.21426854,0.030155061122165337,0.12221179824888022
1138,2019-12-31,val,0,0,0.21426854,0.035803060086353956,0.12503579773097453
1141,2019-12-31,val,0,0,0.24659467,0.06571750724804838,0.15615608734137038
1156,2018-07-31,train,0,0,0.18346347,0.00550409772908697,0.09448378343838458
1156,2018-08-31,train,0,0,0.18346347,0.005636969370267995,0.0945502192589751
1156,2018-09-30,train,0,0,0.19758303,0.007328486776914273,0.10245576070575221
1156,2018-10-31,train,0,0,0.19758303,0.009640120095908864,0.10361157736524951
1156,2018-11-30,train,0,0,0.18306623,0.0076309486331183445,0.09534859131284747
1156,2018-12-31,train,0,0,0.18306623,0.008668969151733054,0.09586760157215482
1156,2019-01-31,train,0,0,0.18306623,0.005863118124804679,0.09446467605869063
1156,2019-02-28,train,0,0,0.18306623,0.013018443648629823,0.09804233882060322
1156,2019-03-31,train,0,0,0.18306623,0.012809033974881215,0.0979376339837289
1156,2019-04-30,train,0,0,0.18306623,0.011168615882636108,0.09711742493760635
1156,2019-05-31,train,0,0,0.18306623,0.012524259534153695,0.09779524676336515
1156,2019-06-30,train,17,0,0.18306623,0.016173132534638524,0.09961968326360757
1156,2019-07-31,train,48,1,0.8377466,0.9990361970867604,0.9183914086324916
1156,2019-08-31,train,18,0,0.18306623,0.01709011462640718,0.1000781743094919
1156,2019-09-30,train,48,1,0.8377466,0.9991684356110385,0.9184575278946305
1156,2019-10-31,train,48,1,0.8377466,0.9992966145586591,0.918521617368441
1156,2019-11-30,train,17,0,0.20083807,0.02014822408765019,0.1104931490878734
1156,2019-12-31,train,0,0,0.20083807,0.012294400641940359,0.1065662373650185
1160,2018-10-31,train,0,0,0.19471319,0.03316999378796956,0.1139415919929571
1160,2019-03-31,train,0,0,0.19471319,0.03299769494488044,0.11385544257141254
1160,2019-04-30,train,0,0,0.19471319,0.019815771251120298,0.10726448072453247
1160,2019-05-31,train,19,0,0.19471319,0.020341493279256252,0.10752734173860044
1160,2019-06-30,train,18,0,0.19471319,0.026123971581765857,0.11041858088985525
1160,2019-07-31,train,49,1,0.8377466,0.9987914384291027,0.9182690293036626
1160,2019-08-31,train,80,1,0.8377466,0.9987846973549034,0.918265658766563
1160,2019-09-30,train,110,1,0.8377466,0.9987830022971168,0.9182648112376697
1160,2019-10-31,train,141,1,0.8377466,0.9989705314701318,0.9183585758241772
1160,2019-11-30,train,171,1,0.8377466,0.9989705314701318,0.9183585758241772
1160,2019-12-31,train,202,1,0.8377466,0.9989705314701318,0.9183585758241772
1169,2019-08-31,train,0,0,0.22108944,0.0045246407282366055,0.11280703916609355
1169,2019-12-31,train,0,0,0.22108944,0.0032203309221145284,0.11215488426303251
1184,2017-10-31,train,0,0,0.16982947,0.0018395803829591559,0.08583452664119805
1184,2018-02-28,train,0,0,0.16982947,0.011143137502474143,0.09048630520095555
1184,2018-03-31,train,0,0,0.16982947,0.013564944454749575,0.09169720867709326
1184,2018-09-30,train,0,0,0.1724001,0.015984454046070035,0.09419227803269002
1184,2018-11-30,train,57,1,0.8377466,0.9980015933922703,0.9178741067852465
1184,2018-12-31,train,0,0,0.1724001,0.018191090162196253,0.09529559609075312
1184,2019-01-31,train,27,0,0.19040185,0.004934465126575228,0.09766815862873256
1184,2019-02-28,train,24,0,0.1724001,0.01162678074573647,0.09201344138252324
1184,2019-03-31,train,55,1,0.8377466,0.9983216764874262,0.9180341483328245
1184,2019-04-30,train,26,0,0.1724001,0.010428947662142076,0.09141452484072604
1184,2019-05-31,train,0,0,0.1724001,0.00959106245847461,0.0909955822388923
1184,2019-06-30,train,0,0,0.1724001,0.008504103590448035,0.09045210280487902
1184,2019-07-31,train,27,0,0.1724001,0.00899547923531846,0.09069779062731423
1184,2019-08-31,train,27,0,0.1724001,0.00899547923531846,0.09069779062731423
1184,2019-09-30,train,0,0,0.1724001,0.008755534477985192,0.09057781824864759
1184,2019-10-31,train,27,0,0.1724001,0.010357586608432888,0.09137884431387144
1184,2019-11-30,train,26,0,0.1724001,0.009724266799043629,0.09106218440917681
1184,2019-12-31,train,0,0,0.1724001,0.005413180238513222,0.08890664112891161
1194,2018-07-31,test,0,0,0.17181152,0.0195579724223199,0.09568474673781706
1194,2018-10-31,test,0,0,0.1724001,0.020992076158619602,0.09669608908896479
1194,2019-02-28,test,0,0,0.1724001,0.023637548026774962,0.09801882502304247
1194,2019-12-31,test,0,0,0.16864206,0.007161446342144297,0.08790175265534415
1197,2018-05-31,train,0,0,0.17798863,0.007431167912014709,0.09270990071273266
1197,2018-08-31,train,4,0,0.18346347,0.011198254298557534,0.09733086172311986
1197,2018-09-30,train,3,0,0.19758303,0.016719591106360197,0.10715131287047518
1197,2018-10-31,train,4,0,0.19758303,0.028327842097639652,0.11295543836611491
1197,2018-11-30,train,34,1,0.19758303,0.05047947165392654,0.12403125314425835
1197,2018-12-31,train,65,1,0.8377466,0.9988552370926661,0.9183009286354444
1197,2019-01-31,train,96,1,0.8377466,0.9980174593057987,0.9178820397420107
1197,2019-02-28,train,124,1,0.8377466,0.9991125852364736,0.9184296027073482
1197,2019-03-31,train,155,1,0.8377466,0.9992363401526816,0.9184914801654521
1197,2019-04-30,train,154,1,0.8377466,0.9993077627412562,0.9185271914597395
1197,2019-05-31,train,185,1,0.8377466,0.9993077627412562,0.9185271914597395
1197,2019-06-30,train,215,1,0.8377466,0.9991258314843054,0.918436225831264
1197,2019-07-31,train,246,1,0.8377466,0.9992220773290551,0.9184843487536389
1197,2019-08-31,train,277,1,0.8377466,0.9992220773290551,0.9184843487536389
1197,2019-09-30,train,307,1,0.8377466,0.9992220773290551,0.9184843487536389
1197,2019-10-31,train,4,0,0.20083807,0.02164807581320887,0.11124307495065275
1197,2019-11-30,train,3,0,0.20083807,0.02164807581320887,0.11124307495065275
1197,2019-12-31,train,4,0,0.20083807,0.013217493210410759,0.1070277836492537
1202,2017-11-30,train,0,0,0.16846253,0.0010488421995872453,0.0847556859890339
1202,2018-08-31,train,0,0,0.21178763,0.025804189614040893,0.11879590788065555
1202,2019-09-30,train,56,1,0.8377466,0.9990400945300001,0.9183933573541114
1202,2019-10-31,train,26,0,0.3822974,0.12300792447609502,0.25265266056797303
1202,2019-11-30,train,25,0,0.3822974,0.1708545329092499,0.2765759647845505
1202,2019-12-31,train,0,0,0.42919406,0.2166319431116351,0.32291300302993103
1205,2018-06-30,train,0,0,0.22022176,0.032831165580562226,0.12652646173467808
1205,2018-09-30,train,0,0,0.22022176,0.03734784884118908,0.1287848033649915
1205,2018-12-31,train,56,1,0.8377466,0.999100401449161,0.9184235108136918
1205,2019-01-31,train,87,1,0.8377466,0.9974791527796276,0.9176128864789251
1205,2019-02-28,train,115,1,0.8377466,0.9990591893722948,0.9184029047752587
1205,2019-03-31,train,146,1,0.8377466,0.9990591893722948,0.9184029047752587
1205,2019-04-30,train,176,1,0.8377466,0.999098532579753,0.9184225763789878
1205,2019-05-31,train,207,1,0.8377466,0.999098532579753,0.9184225763789878
1205,2019-06-30,train,237,1,0.8377466,0.999098532579753,0.9184225763789878
1205,2019-07-31,train,268,1,0.8377466,0.9990811509954337,0.9184138855868282
1205,2019-08-31,train,299,1,0.8377466,0.9991614985117799,0.9184540593450012
1205,2019-09-30,train,329,1,0.8377466,0.9991614985117799,0.9184540593450012
1205,2019-10-31,train,360,1,0.8377466,0.9991614985117799,0.9184540593450012
1205,2019-11-30,train,390,1,0.8377466,0.9991614985117799,0.9184540593450012
1205,2019-12-31,train,421,1,0.8377466,0.9991614985117799,0.9184540593450012
1220,2018-02-28,train,0,0,0.16760407,0.0017412906686874769,0.08467268227539522
1220,2018-07-31,train,0,0,0.1779169,0.017489033101346353,0.0977029662124049
1220,2019-01-31,train,0,0,0.21965615,0.017022915315882587,0.11833953491462083
1220,2019-04-30,train,3,0,0.2038358,0.014089705656182751,0.10896275297314524
1220,2019-11-30,train,0,0,0.24290538,0.03753778214597514,0.14022158024382497
1220,2019-12-31,train,4,0,0.24290538,0.05487903944392806,0.14889220889280144
1221,2017-11-30,train,0,0,0.17151584,0.0013773748341645603,0.08644660607295462
1221,2018-10-31,train,0,0,0.22022176,0.045875805185320445,0.13304878153705718
1221,2019-04-30,train,0,0,0.24995694,0.05304908635206446,0.15150301099810712
1221,2019-12-31,train,0,0,0.24645115,0.06434062018823225,0.15539588726973336
1223,2019-09-30,train,1,0,0.20783104,0.10578288119812997,0.15680696061144367
1223,2019-10-31,train,32,1,0.22733799,0.17415891587844626,0.20074845105464822
1223,2019-11-30,train,1,0,0.21121049,0.06629035829599444,0.13875042378453287
1223,2019-12-31,train,2,0,0.21121049,0.03312084071069855,0.12216566499188491
1224,2017-12-31,train,0,0,0.16982947,0.0023262729236221765,0.08607787291152956
1224,2018-03-31,train,54,1,0.8377466,0.9971413946743354,0.9174440074262791
1224,2018-04-30,train,84,1,0.8377466,0.9973344250238835,0.9175405226010531
1224,2018-05-31,train,87,1,0.8377466,0.9976328841716886,0.9176897521749556
1224,2018-06-30,train,0,0,0.19026673,0.027798331809523538,0.10903253010535381
1224,2018-07-31,train,26,0,0.17181152,0.02775134484743162,0.09978143295037291
1224,2018-08-31,train,0,0,0.1680637,0.006528846502156059,0.08729627335064163
1224,2018-09-30,train,0,0,0.16864206,0.006473968715221678,0.08755801384188285
1224,2018-10-31,train,0,0,0.16864206,0.006473968715221678,0.08755801384188285
1224,2018-11-30,train,0,0,0.16864206,0.007116769373917634,0.08787941417123082
1224,2018-12-31,train,0,0,0.16864206,0.008324497540780112,0.08848327825466205
1224,2019-01-31,train,0,0,0.18633975,0.00647040531210632,0.09640507809903488
1224,2019-02-28,train,0,0,0.16864206,0.012550106668540869,0.09059608281854244
1224,2019-03-31,train,0,0,0.16864206,0.012550106668540869,0.09059608281854244
1224,2019-04-30,train,0,0,0.16864206,0.014206695936773414,0.09142437745265872
1224,2019-05-31,train,0,0,0.16864206,0.011612327524587858,0.09012719324656593
1224,2019-06-30,train,0,0,0.16864206,0.008839319288144897,0.08874068912834446
1224,2019-07-31,train,0,0,0.16864206,0.009020156971896691,0.08883110797022035
1224,2019-08-31,train,0,0,0.16864206,0.007197529991324252,0.08791979447993413
1224,2019-09-30,train,0,0,0.16864206,0.007197529991324252,0.08791979447993413
1224,2019-10-31,train,0,0,0.16864206,0.00850310938970244,0.08857258417912323
1224,2019-11-30,train,0,0,0.16864206,0.008033316221363395,0.0883376875949537
1224,2019-12-31,train,0,0,0.16864206,0.008033316221363395,0.0883376875949537
1227,2018-06-30,train,0,0,0.1830784,0.007833214744647942,0.09545580404237936
1227,2018-08-31,train,0,0,0.18346347,0.015382604532145629,0.09942303683991391
1227,2018-11-30,train,0,0,0.18306623,0.014969411756166576,0.09901782287437158
1227,2018-12-31,train,0,0,0.18306623,0.010492280118204942,0.09677925705539077
1227,2019-06-30,train,0,0,0.18306623,0.013758434258184156,0.09841233412538038
1227,2019-10-31,train,0,0,0.20083807,0.018166646473484833,0.10950236028079073
1227,2019-12-31,train,0,0,0.20083807,0.01967862768984052,0.11025835088896857
1286,2017-12-31,val,0,0,0.1649145,0.0008004010973961907,0.0828574523954884
1286,2018-03-31,val,0,0,0.1649145,0.004536730545702057,0.08472561711964134
1286,2018-09-30,val,0,0,0.16760673,0.009288327726802461,0.08844752700779897
1286,2019-03-31,val,0,0,0.19598904,0.008828829814623552,0.10240893616757331
1286,2019-11-30,val,0,0,0.19598904,0.009191391057263765,0.10259021678889342
1286,2019-12-31,val,0,0,0.19598904,0.009191391057263765,0.10259021678889342
1290,2018-03-31,train,0,0,0.1649145,0.0026423553182725198,0.08377842950592658
1290,2018-08-31,train,57,1,0.8377466,0.9979153412082884,0.9178309806932555
1290,2018-09-30,train,0,0,0.19404475,0.0094181408168997,0.10173144736300536
1290,2018-10-31,train,0,0,0.19469157,0.010200333888886354,0.10244595125096936
1290,2018-11-30,train,25,0,0.19469157,0.012539566325759666,0.10361556746940602
1290,2018-12-31,train,56,1,0.8377466,0.9986258583872858,0.9181862392827542
1290,2019-01-31,train,26,0,0.25668737,0.028745990859715048,0.1427166818913062
1290,2019-02-28,train,23,0,0.19460756,0.03989534428193187,0.11725145007408666
1290,2019-03-31,train,54,1,0.8377466,0.9990638760960477,0.9184052481371352
1290,2019-04-30,train,56,1,0.8377466,0.998878948083927,0.9183127841310748
1290,2019-05-31,train,87,1,0.8377466,0.9987986404667257,0.9182726303224742
1290,2019-06-30,train,117,1,0.8377466,0.9987986404667257,0.9182726303224742
1290,2019-07-31,train,148,1,0.8377466,0.9987986404667257,0.9182726303224742
1290,2019-08-31,train,0,0,0.19460756,0.022055195619441897,0.10833137574284167
1290,2019-09-30,train,0,0,0.18763977,0.016014830465157906,0.10182730167857809
1290,2019-10-31,train,0,0,0.18763977,0.014120631688345067,0.10088020229017168
1290,2019-11-30,train,0,0,0.18763977,0.013894601747200735,0.10076718731959951
1290,2019-12-31,train,0,0,0.18763977,0.014468480415649224,0.10105412665382375
1291,2018-03-31,train,0,0,0.1649145,0.0015009372193128003,0.08320772045644671
1291,2018-08-31,train,0,0,0.16760673,0.0037479837777571008,0.08567735503327628
1291,2019-03-31,train,0,0,0.16810887,0.006429394171846058,0.08726912989527591
1291,2019-05-31,train,11,0,0.16810887,0.007915442375531469,0.0880121539971186
1291,2019-08-31,train,42,1,0.8377466,0.9987660062687815,0.9182563132235021
1291,2019-09-30,train,72,1,0.8377466,0.9987660062687815,0.9182563132235021
1291,2019-10-31,train,103,1,0.8377466,0.9985980150714348,0.9181723176248286
1291,2019-11-30,train,133,1,0.8377466,0.9985980150714348,0.9181723176248286
1291,2019-12-31,train,164,1,0.8377466,0.9985980150714348,0.9181723176248286
1295,2018-08-31,train,0,0,0.16880141,0.0146218400489901,0.09171162601767055
1295,2018-10-31,train,0,0,0.1693818,0.017533449607686977,0.09345762346068859
1295,2018-12-31,train,0,0,0.1693818,0.056184006533281775,0.11278290192348597
1295,2019-05-31,train,27,0,0.16810887,0.00930445921719986,0.0887066624179528
1295,2019-06-30,train,0,0,0.16810887,0.00930445921719986,0.0887066624179528
1295,2019-07-31,train,27,0,0.16810887,0.007020909239107174,0.08756488742890646
1295,2019-08-31,train,27,0,0.16810887,0.0075536218919971705,0.08783124375535147
1295,2019-09-30,train,26,0,0.16810887,0.0075536218919971705,0.08783124375535147
1295,2019-10-31,train,0,0,0.16810887,0.005875622334933423,0.08699224397681958
1295,2019-11-30,train,0,0,0.16810887,0.006359246259225477,0.08723405593896562
1295,2019-12-31,train,27,0,0.16810887,0.007663310560220465,0.0878860880894631
1298,2018-10-31,train,0,0,0.17869954,0.007225591900548112,0.09296256500611741
1298,2019-08-31,train,0,0,0.1786209,0.014611432540045832,0.0966161686120563
1298,2019-09-30,train,0,0,0.17210318,0.0110393136089043,0.09157124754513285
1298,2019-10-31,train,0,0,0.17210318,0.008941907344116167,0.09052254441273878
1298,2019-11-30,train,25,0,0.17210318,0.008827085098412756,0.09046513328988708
1298,2019-12-31,train,56,1,0.8377466,0.9982889083704408,0.9180177642743317
1306,2018-06-30,train,54,1,0.8377466,0.9983311738108357,0.9180388969945292
1306,2018-07-31,train,85,1,0.8377466,0.9986811611273445,0.9182138906527836
1306,2018-08-31,train,0,0,0.18390372,0.014379974663309291,0.09914184930923185
1306,2018-09-30,train,0,0,0.18390372,0.013428954023795566,0.098666338989475
1306,2018-10-31,train,24,0,0.18350576,0.01399569590635258,0.09875072727475145
1306,2018-11-30,train,23,0,0.18350576,0.01749526031511973,0.10050050947913503
1306,2018-12-31,train,54,1,0.8377466,0.9994176843324146,0.9185821522553186
1306,2019-01-31,train,85,1,0.8377466,0.998961225199477,0.9183539226888499
1306,2019-02-28,train,113,1,0.8377466,0.9994894866080899,0.9186180533931563
1306,2019-03-31,train,144,1,0.8377466,0.9994894866080899,0.9186180533931563
1306,2019-04-30,train,174,1,0.8377466,0.9995607036456131,0.9186536619119179
1306,2019-05-31,train,205,1,0.8377466,0.9995292112163585,0.9186379156972906
1306,2019-06-30,train,0,0,0.18531553,0.02033280305090793,0.10282416876168672
1306,2019-07-31,train,24,0,0.18531553,0.016436335722157882,0.1008759350973117
1306,2019-08-31,train,55,1,0.8377466,0.9994455946878966,0.9185961074330596
1306,2019-09-30,train,85,1,0.8377466,0.9994455946878966,0.9185961074330596
1306,2019-10-31,train,116,1,0.8377466,0.9994455946878966,0.9185961074330596
1306,2019-11-30,train,146,1,0.8377466,0.999443962865186,0.9185952915217044
1306,2019-12-31,train,177,1,0.8377466,0.999443962865186,0.9185952915217044
1317,2017-11-30,train,0,0,0.1649145,0.0008004010973961907,0.0828574523954884
1317,2019-04-30,train,0,0,0.19598904,0.009686191361702873,0.10283761694111297
1317,2019-06-30,train,0,0,0.19598904,0.01036609816989454,0.1031775703452088
1317,2019-12-31,train,0,0,0.19598904,0.010083602488888014,0.10303632250470554
1319,2019-12-31,val,0,0,0.2078704,0.010593378382206807,0.10923188618683857
1346,2019-05-31,train,1,0,0.25759798,0.05940236138318071,0.15850017213331705
1346,2019-09-30,train,31,1,0.30371886,0.14105856399577957,0.22238871445676733
1346,2019-10-31,train,1,0,0.30371886,0.14002104288836772,0.2218699539030614
1346,2019-11-30,train,0,0,0.29262108,0.12485243169134223,0.2087367538991837
1346,2019-12-31,train,1,0,0.29262108,0.1430746086222933,0.2178478423646592
1363,2018-01-31,test,0,0,0.1649145,0.00042689738764351687,0.08267070054061207
1363,2019-08-31,test,26,0,0.20843917,0.012440723194822187,0.11043994725453085
1363,2019-09-30,test,0,0,0.20843917,0.01270659256327412,0.1105728819387568
1363,2019-10-31,test,26,0,0.22285046,0.015558225690086401,0.11920434126196292
1363,2019-11-30,test,56,1,0.8377466,0.9985616335369487,0.9181541268575857
1363,2019-12-31,test,56,1,0.8377466,0.9994979726677043,0.9186222964229636
1372,2018-05-31,val,0,0,0.1649145,0.0037386040571122216,0.08432655387534642
1372,2018-09-30,val,0,0,0.17809409,0.009974435928774866,0.09403426247999717
1372,2019-06-30,val,0,0,0.1786209,0.015037240310039028,0.0968290724970529
1372,2019-12-31,val,0,0,0.17210318,0.018806508600278774,0.09545484504082008
1387,2018-07-31,test,24,0,0.1823869,0.0062720059554136325,0.09432945545516196
1387,2018-08-31,test,55,1,0.8377466,0.9970662883223498,0.9174064542502862
1387,2018-09-30,test,54,1,0.8377466,0.9969204974494627,0.9173335588138427
1387,2018-10-31,test,54,1,0.8377466,0.997085946659243,0.9174162834187328
1387,2018-11-30,test,84,1,0.8377466,0.9979429156230576,0.9178447679006401
1387,2018-12-31,test,115,1,0.8377466,0.9984005722175117,0.9180735961978672
1387,2019-01-31,test,146,1,0.8377466,0.9960001538294544,0.9168733870038386
1387,2019-02-28,test,174,1,0.8377466,0.9987759852319952,0.918261302705109
1387,2019-03-31,test,205,1,0.8377466,0.9988791355349863,0.9183128778566045
1387,2019-04-30,test,235,1,0.8377466,0.9988791355349863,0.9183128778566045
1387,2019-05-31,test,266,1,0.8377466,0.9988498616659734,0.9182982409220981
1387,2019-06-30,test,296,1,0.8377466,0.9987674729866532,0.918257046582438
1387,2019-07-31,test,327,1,0.8377466,0.9987674729866532,0.918257046582438
1387,2019-08-31,test,358,1,0.8377466,0.998904954531818,0.9183257873550204
1387,2019-09-30,test,388,1,0.8377466,0.998904954531818,0.9183257873550204
1387,2019-10-31,test,419,1,0.8377466,0.998904954531818,0.9183257873550204
1387,2019-11-30,test,449,1,0.8377466,0.9987558556575711,0.9182512379178969
1387,2019-12-31,test,480,1,0.8377466,0.9987558556575711,0.9182512379178969
1388,2018-05-31,train,0,0,0.1649145,0.00550613285050131,0.08521031827204097
1388,2019-12-31,train,0,0,0.19598904,0.011991501347610282,0.10399027193406668
1408,2017-12-31,train,0,0,0.1649145,0.0003577571269971012,0.08263613041028886
1408,2018-06-30,train,0,0,0.1649145,0.0016764970413557013,0.08329550036746816
1408,2018-07-31,train,0,0,0.17794809,0.0033612237984055235,0.09065465562612385
1408,2019-04-30,train,0,0,0.18735293,0.008761610794041261,0.09805726816652899
1408,2019-08-31,train,0,0,0.18735293,0.010042031764295769,0.09869747865165625
1408,2019-11-30,train,0,0,0.2044821,0.015004932825159861,0.10974351313928357
1408,2019-12-31,train,0,0,0.2044821,0.01913570635626384,0.11180889990483556
1434,2017-12-31,test,0,0,0.1649145,0.00115753517819671,0.08303601943588867
1434,2018-05-31,test,0,0,0.1649145,0.005111071619474045,0.08501278765652734
1434,2018-10-31,test,0,0,0.23944359,0.01905458013116756,0.12924908270388563
1434,2019-08-31,test,26,0,0.31352082,0.170106844941168,0.24181383194495687
1434,2019-09-30,test,25,0,0.31352082,0.2594454100497104,0.28648311449922803
1434,2019-10-31,test,56,1,0.8377466,0.9988578755407505,0.9183022478594866
1434,2019-11-30,test,86,1,0.8377466,0.9986967108032604,0.9182216654907416
1434,2019-12-31,test,117,1,0.8377466,0.9986967108032604,0.9182216654907416
1443,2019-06-30,train,0,0,0.31352082,0.1587857904578524,0.23615330470329907
1443,2019-07-31,train,0,0,0.31352082,0.1587857904578524,0.23615330470329907
1443,2019-08-31,train,0,0,0.31352082,0.1946990933328526,0.2541099561407992
1443,2019-09-30,train,0,0,0.27586794,0.10350249846916035,0.18968521873226085
1443,2019-10-31,train,0,0,0.24892248,0.04243977370656639,0.14568112791973903
1443,2019-11-30,train,0,0,0.24892248,0.03543810148964803,0.14218029181127986
1443,2019-12-31,train,0,0,0.24892248,0.037076678076860124,0.1429995801048859
1444,2018-07-31,train,56,1,0.8377466,0.998564426902775,0.9181555235404988
1444,2018-08-31,train,87,1,0.8377466,0.9994824507011897,0.9186145354397062
1444,2018-09-30,train,117,1,0.8377466,0.99956451512207,0.9186555676501463
1444,2018-10-31,train,148,1,0.8377466,0.999571996546403,0.9186593083623129
1444,2018-11-30,train,178,1,0.8377466,0.9995597343985533,0.9186531772883879
1444,2018-12-31,train,209,1,0.8377466,0.9995448971512905,0.9186457586647565
1444,2019-01-31,train,240,1,0.8377466,0.999051631802039,0.9183991259901308
1444,2019-02-28,train,268,1,0.8377466,0.9995627260850238,0.9186546731316232
1444,2019-03-31,train,299,1,0.8377466,0.9995348636730689,0.9186407419256457
1444,2019-04-30,train,329,1,0.8377466,0.9995348636730689,0.9186407419256457
1444,2019-05-31,train,360,1,0.8377466,0.9995348636730689,0.9186407419256457
1444,2019-06-30,train,390,1,0.8377466,0.9994936691018061,0.9186201446400144
1444,2019-07-31,train,421,1,0.8377466,0.9994936691018061,0.9186201446400144
1444,2019-08-31,train,452,1,0.8377466,0.9994936691018061,0.9186201446400144
1444,2019-09-30,train,482,1,0.8377466,0.9995047063165472,0.9186256632473849
1444,2019-10-31,train,513,1,0.8377466,0.9995047063165472,0.9186256632473849
1444,2019-11-30,train,543,1,0.8377466,0.9995047063165472,0.9186256632473849
1444,2019-12-31,train,574,1,0.8377466,0.9995047063165472,0.9186256632473849
1451,2018-06-30,train,0,0,0.1649145,0.0022363771081470043,0.08357544040086382
1451,2019-03-31,train,0,0,0.16810887,0.005971033652722314,0.08703994963571403
1451,2019-06-30,train,0,0,0.16810887,0.006760890684929821,0.08743487815181779
1451,2019-07-31,train,26,0,0.16810887,0.006061284951656356,0.08708507528518106
1451,2019-08-31,train,0,0,0.16810887,0.004570020385949177,0.08633944300232746
1451,2019-09-30,train,0,0,0.16810887,0.00606410905356733,0.08708648733613654
1451,2019-10-31,train,26,0,0.16810887,0.00606410905356733,0.08708648733613654
1451,2019-11-30,train,56,1,0.8377466,0.9983861277772804,0.9180663739777515
1451,2019-12-31,train,0,0,0.16810887,0.004823093158187022,0.08646597938844638
1454,2018-05-31,train,0,0,0.16549736,0.0025744569126622025,0.08403590976317009
1454,2019-12-31,train,0,0,0.20186298,0.018909750622006487,0.11038636328850797
1463,2018-01-31,train,0,0,0.1649145,0.0005947147422802155,0.08275460921793042
1463,2018-07-31,train,26,0,0.1649145,0.0025069771183288056,0.08371074040595472
1463,2018-08-31,train,0,0,0.17752899,0.004520287977802219,0.0910246401365337
1463,2018-09-30,train,0,0,0.18390372,0.00490296740231203,0.09440334567873322
1463,2018-10-31,train,0,0,0.18390372,0.004845877969655437,0.09437480096240493
1463,2018-11-30,train,0,0,0.19804895,0.005414900041935225,0.10173192464178671
1463,2018-12-31,train,0,0,0.19804895,0.005420781728788248,0.10173486548521321
1463,2019-01-31,train,0,0,0.19804895,0.009524151248660483,0.10378655024514934
1463,2019-02-28,train,0,0,0.19804895,0.00900773786535948,0.10352834355349883
1463,2019-03-31,train,0,0,0.19996704,0.011848273018424796,0.10590765731504811
1463,2019-04-30,train,0,0,0.18531553,0.010704016172387079,0.0980097753224263
1463,2019-05-31,train,0,0,0.18531553,0.010704016172387079,0.0980097753224263
1463,2019-06-30,train,0,0,0.18531553,0.010405202721492594,0.09786036859697905
1463,2019-07-31,train,0,0,0.18531553,0.009154698885920309,0.0972351166791929
1463,2019-08-31,train,0,0,0.18531553,0.009807988154937245,0.09756176131370138
1463,2019-09-30,train,0,0,0.18531553,0.010024469784303715,0.09767000212838461
1463,2019-10-31,train,26,0,0.18531553,0.009967162735166407,0.09764134860381596
1463,2019-11-30,train,56,1,0.8377466,0.9990583541924581,0.9184024871853405
1463,2019-12-31,train,0,0,0.20325142,0.011496183043127469,0.10737380224734804
1470,2018-06-30,val,0,0,0.16549736,0.0028203016877147687,0.08415883215069637
1470,2019-08-31,val,56,1,0.8377466,0.9980172316416591,0.9178819259099409
1470,2019-09-30,val,86,1,0.8377466,0.9980603904076197,0.9179035052929212
1470,2019-10-31,val,117,1,0.8377466,0.9980603904076197,0.9179035052929212
1470,2019-11-30,val,147,1,0.8377466,0.9980603904076197,0.9179035052929212
1470,2019-12-31,val,178,1,0.8377466,0.9980603904076197,0.9179035052929212
1481,2018-05-31,train,0,0,0.1649145,0.0020845932211262692,0.08349954845735345
1481,2019-12-31,train,0,0,0.16810887,0.005947192354299143,0.08702802898650244
1497,2018-04-30,train,0,0,0.1649145,0.003716144560101135,0.08431532412684088
1497,2019-06-30,train,0,0,0.16810887,0.02702726909049441,0.09756806735460008
1497,2019-07-31,train,0,0,0.16810887,0.02041817045497056,0.09426351803683816
1497,2019-08-31,train,16,0,0.16810887,0.01646257394145862,0.09228571978008218
1497,2019-09-30,train,46,1,0.8377466,0.9988345823245007,0.9182906012513616
1497,2019-10-31,train,46,1,0.8377466,0.9988345823245007,0.9182906012513616
1497,2019-11-30,train,46,1,0.8377466,0.9988345823245007,0.9182906012513616
1497,2019-12-31,train,0,0,0.16810887,0.010450983690571332,0.08927992465463853
1517,2019-05-31,val,0,0,0.20637304,0.013556525383370741,0.10996478064555805
1517,2019-11-30,val,0,0,0.2206813,0.01431174619464023,0.11749652049674562
1517,2019-12-31,val,0,0,0.2350182,0.020824109320787796,0.12792115152127953
1531,2018-05-31,train,0,0,0.1649145,0.0022891984629556626,0.08360185107826815
1531,2018-06-30,train,0,0,0.1649145,0.0028677156382792487,0.08389110966592994
1531,2019-04-30,train,0,0,0.24760383,0.03933968127186216,0.14347175747362334
1531,2019-11-30,train,55,1,0.8377466,0.9989057873419506,0.9183262037600866
1531,2019-12-31,train,55,1,0.8377466,0.9990583541924581,0.9184024871853405
1550,2018-08-31,val,0,0,0.1649145,0.006602099090654753,0.0857583013921177
1550,2019-05-31,val,0,0,0.1786209,0.030604133131887826,0.10461251890797729
1550,2019-12-31,val,0,0,0.17210318,0.028410626012128692,0.10025690374674504
1557,2018-07-31,train,0,0,0.1649145,0.0017484051800912984,0.08333145443683597
1557,2019-05-31,train,16,0,0.18531553,0.016303892242115498,0.10080971335729051
1557,2019-06-30,train,46,1,0.8377466,0.9990621249859497,0.9184043725820862
1557,2019-07-31,train,0,0,0.18531553,0.013276294174166219,0.09929591432331587
1557,2019-08-31,train,16,0,0.18531553,0.011576737090166034,0.09844613578131578
1557,2019-09-30,train,46,1,0.8377466,0.9989919692452949,0.9183692947117588
1557,2019-10-31,train,77,1,0.8377466,0.9990139319360097,0.9183802760571163
1557,2019-11-30,train,0,0,0.18531553,0.011756951084933699,0.0985362427786996
1557,2019-12-31,train,16,0,0.20652889,0.013602827649469936,0.11006585740107087
1566,2018-11-30,train,0,0,0.16760673,0.0034872324868338227,0.08554697938781465
1566,2019-03-31,train,0,0,0.16818382,0.00784622144627975,0.08801501995289528
1566,2019-12-31,train,0,0,0.16810887,0.006648992956869348,0.08737892928778755
1571,2018-01-31,train,0,0,0.1649145,0.0006132439882842054,0.08276387384093242
1571,2018-03-31,train,0,0,0.1649145,0.0005947147422802155,0.08275460921793042
1571,2018-06-30,train,0,0,0.1649145,0.0011747401408266083,0.08304462191720362
1571,2018-11-30,train,0,0,0.18390372,0.004845877969655437,0.09437480096240493
1571,2019-12-31,train,0,0,0.18531553,0.01053604779927973,0.09792579113587262
1588,2018-06-30,train,0,0,0.1649145,0.0026215763396152383,0.08376804001659793
1588,2019-01-31,train,0,0,0.19014503,0.005132297697037283,0.0976386641573756
1588,2019-09-30,train,20,0,0.1786209,0.011670236068623894,0.09514557037634533
1588,2019-10-31,train,51,1,0.8377466,0.9985004262348784,0.9181235232065506
1588,2019-11-30,train,51,1,0.8377466,0.9985004262348784,0.9181235232065506
1588,2019-12-31,train,51,1,0.8377466,0.9984959791963541,0.9181212996872884
1596,2019-12-31,test,0,0,0.17252803,0.007270865710995095,0.08989944709957713
1598,2018-02-28,train,0,0,0.1649145,0.000730353317178627,0.08282242850537963
1598,2019-12-31,train,0,0,0.19598904,0.012729053323963664,0.10435904792224336
1599,2019-05-31,train,21,0,0.16810887,0.00953857162381339,0.08882371862125957
1599,2019-06-30,train,51,1,0.8377466,0.9979828812256126,0.9178647507019176
1599,2019-07-31,train,51,1,0.8377466,0.9986288652987282,0.9181877427384755
1599,2019-08-31,train,52,1,0.8377466,0.9985306691165177,0.9181386446473702
1599,2019-09-30,train,82,1,0.8377466,0.9985254380240851,0.9181360291011539
1599,2019-10-31,train,82,1,0.8377466,0.9986154687053391,0.9181810444417808
1599,2019-11-30,train,0,0,0.16810887,0.008710409011557712,0.08840963731513173
1599,2019-12-31,train,0,0,0.16810887,0.005061748984532698,0.08658530730161923
1612,2018-07-31,test,0,0,0.1649145,0.0035950600090719443,0.08425478185132629
1612,2018-08-31,test,0,0,0.1649145,0.004602491946033143,0.08475849781980689
1612,2019-03-31,test,0,0,0.17869954,0.013828852708006758,0.09626419540984674
1612,2019-12-31,test,0,0,0.17210318,0.01191594302720501,0.0920095622542832
1619,2018-04-30,train,0,0,0.1649145,0.0004302863231822538,0.08267239500838144
1619,2018-11-30,train,0,0,0.20689595,0.009726850479526051,0.10831139896794295
1619,2019-10-31,train,14,0,0.20843917,0.013438715145761221,0.11093894323000036
1619,2019-11-30,train,0,0,0.20843917,0.013438715145761221,0.11093894323000036
1619,2019-12-31,train,0,0,0.22285046,0.014845693590375826,0.11884807521210762
1624,2018-10-31,test,0,0,0.19141684,0.008491095673478903,0.09995397019954387
1624,2019-06-30,test,0,0,0.19598904,0.022624866050009317,0.1093069542852662
1624,2019-12-31,test,0,0,0.19598904,0.012729053323963664,0.10435904792224336
1638,2018-05-31,train,0,0,0.1649145,0.003957296847281895,0.08443590027043126
1638,2019-04-30,train,31,1,0.3540122,0.6386535198426221,0.49633285556912293
1638,2019-05-31,train,31,1,0.3540122,0.7542179826179902,0.554115086956807
1638,2019-06-30,train,31,1,0.3540122,0.7436969077542496,0.5488545495249366
1638,2019-07-31,train,1,0,0.3540122,0.7101749162944933,0.5320935537950585
1638,2019-08-31,train,1,0,0.3540122,0.6373048283564579,0.4956585098260408
1638,2019-09-30,train,0,0,0.3540122,0.6373048283564579,0.4956585098260408
1638,2019-10-31,train,1,0,0.3540122,0.7105623121523067,0.5322872517239652
1638,2019-11-30,train,31,1,0.3540122,0.7434550695108011,0.5487336304032124
1638,2019-12-31,train,1,0,0.24892248,0.29100162345603947,0.2699620527944756
1642,2018-03-31,train,0,0,0.1649145,0.00042246565052166856,0.08266848467205115
1642,2018-10-31,train,0,0,0.1886759,0.004001210097848704,0.0963385527155694
1642,2019-08-31,train,3,0,0.16810887,0.007211471918599238,0.0876601687686525
1642,2019-11-30,train,0,0,0.16810887,0.005702872344771829,0.08690586898173878
1642,2019-12-31,train,3,0,0.16810887,0.005702872344771829,0.08690586898173878
1649,2018-10-31,train,0,0,0.18390372,0.005031872464481305,0.09446779820981786
1649,2018-12-31,train,0,0,0.18390372,0.004845877969655437,0.09437480096240493
1649,2019-12-31,train,0,0,0.18531553,0.009039813729951107,0.09717767410120831
1658,2018-04-30,test,0,0,0.1649145,0.0006988038195205757,0.08280665375655061
1658,2019-11-30,test,0,0,0.1786209,0.016596157970116886,0.09760853132709182
1658,2019-12-31,test,0,0,0.17210318,0.013576028668818184,0.09283960507508979
1674,2018-05-31,test,0,0,0.1649145,0.00241229248507064,0.08366339808932563
1674,2019-01-31,test,0,0,0.2219641,0.008593645705749593,0.11527887583472828
1674,2019-02-28,test,0,0,0.24826723,0.04961559194874379,0.1489414126602392
1674,2019-03-31,test,31,1,0.24826723,0.047342294286774174,0.1478047638292544
1674,2019-04-30,test,61,1,0.8377466,0.9986925777335719,0.9182195989558972
1674,2019-05-31,test,92,1,0.8377466,0.9989758952082923,0.9183612576932575
1674,2019-06-30,test,122,1,0.8377466,0.9989758952082923,0.9183612576932575
1674,2019-07-31,test,153,1,0.8377466,0.9989758952082923,0.9183612576932575
1674,2019-08-31,test,184,1,0.8377466,0.9989314337097719,0.9183390269439973
1674,2019-09-30,test,214,1,0.8377466,0.9988548816398408,0.9183007509090317
1674,2019-10-31,test,245,1,0.8377466,0.9988548816398408,0.9183007509090317
1674,2019-11-30,test,275,1,0.8377466,0.9988798278076308,0.9183132239929268
1674,2019-12-31,test,306,1,0.8377466,0.9988797792306308,0.9183131997044267
1681,2019-10-31,train,0,0,0.2257854,0.026216973188797094,0.12600118881626898
1681,2019-12-31,train,0,0,0.2257854,0.03028787651853314,0.128036640481137
1693,2019-03-31,test,0,0,0.17839707,0.015853262729249935,0.09712516853551197
1693,2019-04-30,test,25,0,0.17839707,0.02003293110072317,0.09921500272124859
1693,2019-05-31,test,56,1,0.8377466,0.9989459441258058,0.9183462821520143
1693,2019-06-30,test,0,0,0.30041075,0.08032388247943453,0.19036731500375537
1693,2019-07-31,test,0,0,0.25759798,0.08032388247943453,0.16896093268144396
1693,2019-08-31,test,0,0,0.25759798,0.07723669770218022,0.1674173402928168
1693,2019-09-30,test,0,0,0.25759798,0.10456129589684378,0.18107963939014857
1693,2019-10-31,test,26,0,0.25759798,0.09867110093357,0.1781345419085117
1693,2019-11-30,test,56,1,0.8377466,0.9990828860302104,0.9184147531042166
1693,2019-12-31,test,87,1,0.8377466,0.9994170490233664,0.9185818346007946
1704,2019-02-28,train,23,0,0.17260453,0.0037106706137893983,0.0881576008317589
1704,2019-03-31,train,0,0,0.17260453,0.007484911803481508,0.09004472142660495
1704,2019-04-30,train,25,0,0.17260453,0.005277573503419687,0.08894105227657403
1704,2019-05-31,train,56,1,0.8377466,0.9986941044112435,0.9182203622947331
1704,2019-06-30,train,86,1,0.8377466,0.9987501139480253,0.918248367063124
1704,2019-07-31,train,87,1,0.8377466,0.9987501139480253,0.918248367063124
1704,2019-08-31,train,118,1,0.8377466,0.9986958629551539,0.9182212415666883
1704,2019-09-30,train,148,1,0.8377466,0.9988165297300322,0.9182815749541274
1704,2019-10-31,train,179,1,0.8377466,0.998635517245885,0.9181910687120538
1704,2019-11-30,train,209,1,0.8377466,0.9986651779654678,0.9182058990718452
1704,2019-12-31,train,240,1,0.8377466,0.9986651779654678,0.9182058990718452
1726,2019-12-31,val,0,0,0.17252803,0.004632773178677899,0.08858040083341853
1733,2019-10-31,train,0,0,0.18531553,0.00930004986439113,0.09730779216842832
1733,2019-12-31,train,0,0,0.18531553,0.010125281544712579,0.09772040800858904
1744,2019-06-30,train,0,0,0.16810887,0.006429394171846058,0.08726912989527591
1744,2019-12-31,train,0,0,0.16810887,0.007919123492010856,0.0880139945553583
1751,2019-01-31,test,0,0,0.18312822,0.003259072632391092,0.09319364772776705
1751,2019-05-31,test,0,0,0.17252803,0.00821090670060927,0.09036946759438423
1751,2019-12-31,test,0,0,0.17252803,0.008546397639794137,0.09053721306397666
1762,2018-07-31,train,0,0,0.1649145,0.0015009372193128003,0.08320772045644671
1762,2019-01-31,train,0,0,0.18521999,0.0017964947723088183,0.09350824149959969
1762,2019-12-31,train,0,0,0.16810887,0.007919123492010856,0.0880139945553583
1773,2018-09-30,train,0,0,0.16549736,0.001337586649875987,0.08341747463177698
1773,2018-11-30,train,0,0,0.17793086,0.004890542937795873,0.09141070232464897
1773,2019-02-28,train,0,0,0.17853588,0.012706420628833384,0.09562114964356402
1773,2019-08-31,train,0,0,0.2399438,0.03079368300912804,0.135368742682924
1773,2019-11-30,train,0,0,0.2399438,0.03005690274722738,0.13500035255197368
1773,2019-12-31,train,0,0,0.2841135,0.0369609074810747,0.16053720201152583
1783,2018-08-31,val,0,0,0.1649145,0.0008863644877289711,0.0829004340906548
1783,2019-01-31,val,29,0,0.18390372,0.002526033012425108,0.09321487848378976
1783,2019-02-28,val,26,0,0.18350576,0.004015783592108236,0.09376077111762929
1783,2019-03-31,val,0,0,0.18350576,0.006646894593452209,0.09507632661830127
1783,2019-04-30,val,0,0,0.18350576,0.01969457243279792,0.10160016553797413
1783,2019-05-31,val,0,0,0.18531553,0.004361314424588011,0.09483842444852676
1783,2019-06-30,val,28,0,0.18531553,0.0039758994439718885,0.0946457169582187
1783,2019-07-31,val,29,0,0.18531553,0.003954469322781517,0.09463500189762351
1783,2019-08-31,val,0,0,0.18531553,0.003954469322781517,0.09463500189762351
1783,2019-09-30,val,28,0,0.18531553,0.003444075020647369,0.09437980474655644
1783,2019-10-31,val,29,0,0.18531553,0.003444075020647369,0.09437980474655644
1783,2019-11-30,val,59,1,0.8377466,0.9974695482047414,0.917608084191482
1783,2019-12-31,val,0,0,0.18531553,0.003527847784875985,0.09442169112867076
1787,2018-05-31,train,0,0,0.16537526,0.00040818196698069536,0.08289172223291814
1787,2018-11-30,train,0,0,0.17913072,0.0063969618715069435,0.09276383999174942
1787,2018-12-31,train,0,0,0.17913072,0.007954570441517974,0.09354264427675493
1787,2019-01-31,train,0,0,0.17913072,0.00249394396959098,0.09081233104079144
1787,2019-02-28,train,0,0,0.17913072,0.007612417240975203,0.09337156767648354
1787,2019-03-31,train,0,0,0.17913072,0.007065013462317505,0.09309786578715469
1787,2019-04-30,train,0,0,0.17913072,0.011437051401293901,0.09528388475664289
1787,2019-05-31,train,0,0,0.21792872,0.03376819933516125,0.12584846091798116
1787,2019-06-30,train,0,0,0.2273492,0.047892714477049965,0.13762096064113957
1787,2019-07-31,train,0,0,0.22039784,0.027986029873810946,0.12419193739221629
1787,2019-08-31,train,0,0,0.22039784,0.028637552559885385,0.12451769873525351
1787,2019-09-30,train,0,0,0.22039784,0.024854754797600288,0.12262629985411097
1787,2019-10-31,train,0,0,0.22039784,0.023276949635973376,0.12183739727329751
1787,2019-11-30,train,0,0,0.22039784,0.020180683152971012,0.12028926403179632
1787,2019-12-31,train,0,0,0.22039784,0.020621342670627034,0.12050959379062434
1789,2018-10-31,test,34,1,0.20684633,0.024479694709765885,0.11566301064967512
1789,2018-11-30,test,3,0,0.23944359,0.031225574099040698,0.1353345796878222
1789,2018-12-31,test,4,0,0.23944359,0.03272662437193435,0.13608510482426903
1789,2019-01-31,test,4,0,0.21380943,0.010335814766428328,0.11207262268282049
1789,2019-02-28,test,1,0,0.25651798,0.06451276632203744,0.16051537142224157
1789,2019-03-31,test,32,1,0.25651798,0.07125305689333337,0.16388551670788953
1789,2019-04-30,test,62,1,0.8377466,0.9988297468708596,0.9182881835245411
1789,2019-05-31,test,65,1,0.8377466,0.99899899295297,0.9183728065655963
1789,2019-06-30,test,95,1,0.8377466,0.9990833671732249,0.9184149936757238
1789,2019-07-31,test,126,1,0.8377466,0.9990833671732249,0.9184149936757238
1789,2019-08-31,test,157,1,0.8377466,0.9990435671017166,0.9183950936399696
1789,2019-09-30,test,187,1,0.8377466,0.998975040023429,0.9183608301008258
1789,2019-10-31,test,218,1,0.8377466,0.998975040023429,0.9183608301008258
1789,2019-11-30,test,248,1,0.8377466,0.998974995571132,0.9183608078746773
1789,2019-12-31,test,279,1,0.8377466,0.9989973277083081,0.9183719739432654
1811,2018-08-31,train,0,0,0.1649145,0.0027027515632424594,0.08380862762841154
1811,2018-10-31,train,0,0,0.18385834,0.008932764152044125,0.09639554958510105
1811,2019-02-28,train,0,0,0.22960773,0.01053395541416629,0.1200708432590317
1811,2019-03-31,train,24,0,0.22960773,0.014055030184237587,0.12183138064406734
1811,2019-04-30,train,0,0,0.22960773,0.01713129766690668,0.12336951438540189
1811,2019-05-31,train,0,0,0.24760383,0.01751490255482853,0.13255936811510652
1811,2019-06-30,train,0,0,0.24760383,0.02122749686383639,0.13441566526961046
1811,2019-07-31,train,0,0,0.23046745,0.019103796410873054,0.1247856250049246
1811,2019-08-31,train,0,0,0.23046745,0.018322679470990765,0.12439506653498345
1811,2019-09-30,train,0,0,0.23046745,0.015195121799524251,0.1228312876992502
1811,2019-10-31,train,0,0,0.23046745,0.015195121799524251,0.1228312876992502
1811,2019-11-30,train,0,0,0.23046745,0.013465481278667226,0.12196646743882168
1811,2019-12-31,train,0,0,0.23046745,0.013761569040774711,0.12211451131987543
1826,2019-04-30,train,34,1,0.18350576,0.3297343299159061,0.2566200442795282
1826,2019-05-31,train,4,0,0.18336262,0.023176113665157427,0.10326936587693983
1826,2019-06-30,train,3,0,0.18531553,0.009834978263903577,0.09757525636818455
1826,2019-07-31,train,4,0,0.18531553,0.007998875730747396,0.09665720510160646
1826,2019-08-31,train,4,0,0.18531553,0.007998875730747396,0.09665720510160646
1826,2019-09-30,train,3,0,0.18531553,0.006970132022736943,0.09614283324760123
1826,2019-10-31,train,4,0,0.18531553,0.006970132022736943,0.09614283324760123
1826,2019-11-30,train,3,0,0.18531553,0.007010699677293011,0.09616311707487926
1826,2019-12-31,train,4,0,0.18531553,0.007165886452882209,0.09624071046267386
1836,2019-12-31,val,0,0,0.18531553,0.0070705850514234175,0.09619305976194446
1850,2019-05-31,train,0,0,0.22964835,0.26167317537821927,0.2456607635237654
1850,2019-10-31,train,0,0,0.27160388,0.13418010432065725,0.20289199331671595
1850,2019-12-31,train,0,0,0.27160388,0.1675303192595666,0.21956710078617064
1861,2019-12-31,train,0,0,0.17252803,0.007911056935505062,0.09021954271183212
1865,2018-05-31,train,0,0,0.1649145,0.0007301666802311691,0.0828223351869059
1865,2018-09-30,train,0,0,0.1649145,0.007073752307010875,0.08599412800029575
1865,2018-12-31,train,0,0,0.16760673,0.008685996243380713,0.08814636126608809
1865,2019-01-31,train,23,0,0.18521999,0.0029855705171852502,0.09410277937203791
1865,2019-02-28,train,51,1,0.8377466,0.9968485687592102,0.9172975944687165
1865,2019-03-31,train,0,0,0.16818382,0.011818619438503394,0.0900012189490071
1865,2019-04-30,train,0,0,0.16818382,0.01230348314775623,0.09024365080363352
1865,2019-05-31,train,0,0,0.16818382,0.012848044592515349,0.09051593152601307
1865,2019-06-30,train,0,0,0.19598904,0.023136656155745592,0.10956284933813433
1865,2019-07-31,train,0,0,0.19598904,0.021763462027591367,0.10887625227405721
1865,2019-08-31,train,23,0,0.19598904,0.021763462027591367,0.10887625227405721
1865,2019-09-30,train,53,1,0.8377466,0.99888724608689,0.9183169331325562
1865,2019-10-31,train,84,1,0.8377466,0.9988075321953601,0.9182770761867913
1865,2019-11-30,train,114,1,0.8377466,0.9988075321953601,0.9182770761867913
1865,2019-12-31,train,145,1,0.8377466,0.9988335086564402,0.9182900644173314
1873,2018-08-31,train,0,0,0.1649145,0.001770384133425352,0.08334244391350298
1873,2019-02-28,train,0,0,0.2064608,0.0101389582303377,0.10829988098875741
1873,2019-09-30,train,0,0,0.20843917,0.018622880593770826,0.11353102595400516
1873,2019-12-31,train,0,0,0.20843917,0.013438715145761221,0.11093894323000036
1889,2018-10-31,val,51,1,0.8377466,0.9954227702801894,0.916584695229206
1889,2018-11-30,val,81,1,0.8377466,0.9972729652515745,0.9175097927148985
1889,2018-12-31,val,112,1,0.8377466,0.9983461834059141,0.9180464017920684
1889,2019-01-31,val,143,1,0.8377466,0.9950126628564275,0.9163796415173251
1889,2019-02-28,val,171,1,0.8377466,0.9983853187500948,0.9180659694641587
1889,2019-03-31,val,202,1,0.8377466,0.9983953108978055,0.9180709655380141
1889,2019-04-30,val,232,1,0.8377466,0.9986998128980356,0.9182232165381291
1889,2019-05-31,val,263,1,0.8377466,0.9988279785409242,0.9182872993595734
1889,2019-06-30,val,293,1,0.8377466,0.99899748010838,0.9183720501433013
1889,2019-07-31,val,324,1,0.8377466,0.9990819817281222,0.9184143009531724
1889,2019-08-31,val,355,1,0.8377466,0.9990819817281222,0.9184143009531724
1889,2019-09-30,val,385,1,0.8377466,0.9990421215584528,0.9183943708683378
1889,2019-10-31,val,416,1,0.8377466,0.9989734910154322,0.9183600555968274
1889,2019-11-30,val,446,1,0.8377466,0.9989734910154322,0.9183600555968274
1889,2019-12-31,val,477,1,0.8377466,0.998995812349526,0.9183712162638743
1929,2019-02-28,train,0,0,0.16760673,0.003582325427001191,0.08559452585789833
1929,2019-04-30,train,0,0,0.16818382,0.003718357317508804,0.0859510878885098
1929,2019-08-31,train,0,0,0.16810887,0.004921610095026314,0.08651523785686603
1929,2019-09-30,train,0,0,0.16810887,0.004717586144580931,0.08641322588164334
1929,2019-10-31,train,27,0,0.16810887,0.006061284951656356,0.08708507528518106
1929,2019-11-30,train,57,1,0.8377466,0.9978864539232489,0.9178165370507358
1929,2019-12-31,train,0,0,0.16810887,0.004570020385949177,0.08633944300232746
1942,2019-06-30,train,0,0,0.1786209,0.023606382141445278,0.10111364341275603
1942,2019-11-30,train,56,1,0.8377466,0.9988623130262685,0.9183044666022455
1942,2019-12-31,train,87,1,0.8377466,0.9986882939283929,0.9182174570533077
1946,2019-12-31,train,0,0,0.17252803,0.008568620879696738,0.09054832468392796
1969,2019-01-31,train,0,0,0.18390372,0.003354675534524211,0.09362919974483931
1969,2019-12-31,train,0,0,0.2244153,0.0814364161975804,0.15292585923709587
1977,2019-03-31,train,0,0,0.17869954,0.01106570408221483,0.09488262109695077
1977,2019-12-31,train,0,0,0.1786209,0.02564522901368436,0.10213306684887556
1996,2019-02-28,train,0,0,0.17201541,0.0018176808364293864,0.0869165472391795
1996,2019-12-31,train,0,0,0.17252803,0.0035516711218940115,0.08803984980502659
1998,2018-10-31,test,0,0,0.1649145,0.0037386040571122216,0.08432655387534642
1998,2019-07-31,test,0,0,0.1786209,0.015679521233345508,0.09715021295870614
1998,2019-10-31,test,0,0,0.1786209,0.013208630966007814,0.0959147678250373
1998,2019-12-31,test,0,0,0.1786209,0.011925023313396038,0.0952729639987314
1999,2018-08-31,train,0,0,0.1649145,0.002252925983226994,0.08358371483840381
1999,2018-11-30,train,0,0,0.1649145,0.007382675769140441,0.08614858973136054
1999,2019-01-31,train,0,0,0.18950975,0.005334388605949631,0.09742206900924312
1999,2019-03-31,train,0,0,0.17869954,0.012727069955295009,0.09571330403349086
1999,2019-12-31,train,0,0,0.1786209,0.045552268078431976,0.11208658638124938
2007,2018-08-31,val,0,0,0.1649145,0.0018856718192937993,0.08340008775643722
2007,2019-04-30,val,0,0,0.16818382,0.014292340438976269,0.09123807944924353
2007,2019-12-31,val,0,0,0.19598904,0.016230751646166008,0.10610989708334453
2012,2018-10-31,train,0,0,0.1649145,0.00268828865578177,0.0838013961746812
2012,2019-08-31,train,0,0,0.21539026,0.01450581270419539,0.11494803884607047
2012,2019-12-31,train,0,0,0.21539026,0.012413121579294568,0.11390169328362006
2018,2019-10-31,train,0,0,0.20843917,0.028094586216852603,0.11826687876554605
2018,2019-12-31,train,0,0,0.20843917,0.017598765116234844,0.11301896821523717
2027,2018-08-31,test,0,0,0.16537526,0.0015450610762054082,0.0834601617875305
2027,2019-02-28,test,0,0,0.17913072,0.0074593335764141,0.09329502584420299
2027,2019-08-31,test,1,0,0.2273492,0.02311095052411438,0.12523007866467178
2027,2019-09-30,test,31,1,0.2074799,0.017667610326838817,0.11257375224403159
2027,2019-10-31,test,31,1,0.2074799,0.015812102477862054,0.11164599831954321
2027,2019-11-30,test,0,0,0.2074799,0.01635794822455569,0.11191892119289003
2027,2019-12-31,test,1,0,0.2074799,0.015311059935426004,0.11139547704832518
2028,2019-12-31,train,0,0,0.17252803,0.0033891775909282227,0.0879586030395437
2030,2019-09-30,train,0,0,0.44416717,0.6234464087158956,0.5338067878321071
2030,2019-10-31,train,31,1,0.44416717,0.7356953501698644,0.5899312585590915
2030,2019-11-30,train,31,1,0.45753303,0.3888305446987757,0.42318178820040864
2030,2019-12-31,train,1,0,0.2476834,0.17044402151720808,0.20906371369668386
2051,2018-10-31,test,0,0,0.1649145,0.008115634821084584,0.0865150692573326
2051,2018-12-31,test,0,0,0.19061388,0.018945893893467743,0.10477988732349244
2051,2019-07-31,test,0,0,0.19460756,0.061094801600884485,0.12785117873356297
2051,2019-08-31,test,0,0,0.19460756,0.06763304725290066,0.13112030155957105
2051,2019-09-30,test,0,0,0.19460756,0.06096742135375964,0.12778748861000055
2051,2019-10-31,test,0,0,0.19460756,0.05010413788743539,0.12235584687683843
2051,2019-11-30,test,0,0,0.19460756,0.03928315130683776,0.11694535358653961
2051,2019-12-31,test,0,0,0.19460756,0.03469934301331337,0.11465344943977741
2065,2018-08-31,train,0,0,0.1649145,0.0025585920193171535,0.08373654785644889
2065,2018-11-30,train,0,0,0.1649145,0.008624957240239059,0.08676973046690985
2065,2018-12-31,train,0,0,0.20684633,0.015561620969008259,0.1112039737792963
2065,2019-01-31,train,0,0,0.21380943,0.005894019289234919,0.10985172494422378
2065,2019-03-31,train,0,0,0.23944359,0.01905458013116756,0.12924908270388563
2065,2019-04-30,train,25,0,0.25651798,0.02268812553446322,0.13960305102845444
2065,2019-05-31,train,26,0,0.25651798,0.03808441786179411,0.1473011971921199
2065,2019-06-30,train,25,0,0.25651798,0.048868553666967976,0.15269326509470682
2065,2019-07-31,train,0,0,0.31352082,0.20396545098957375,0.25874313496915974
2065,2019-08-31,train,0,0,0.31352082,0.27569368167229774,0.2946072503105217
2065,2019-09-30,train,0,0,0.31352082,0.2767414804830256,0.29513114971588567
2065,2019-10-31,train,0,0,0.31352082,0.2442123921234214,0.27886660553608356
2065,2019-11-30,train,0,0,0.31352082,0.18812030938264895,0.2508205641656973
2065,2019-12-31,train,0,0,0.31352082,0.18812030938264895,0.2508205641656973
2070,2018-05-31,test,0,0,0.16549736,0.00028815514456629417,0.08289275887912213
2070,2018-10-31,test,0,0,0.16549736,0.0016009247422508132,0.0835491436779644
2070,2019-02-28,test,0,0,0.18144865,0.0075152620033148146,0.09448195767182724
2070,2019-08-31,test,0,0,0.242082,0.03830380406058961,0.14019290191966857
2070,2019-10-31,test,0,0,0.18793188,0.026006944648175403,0.10696941250152835
2070,2019-12-31,test,0,0,0.18793188,0.01950925413575319,0.10372056724531724
2071,2018-12-31,train,0,0,0.18385834,0.013931112852524168,0.09889472393534106
2071,2019-06-30,train,0,0,0.22960773,0.039930958514337304,0.1347693448091172
2071,2019-12-31,train,0,0,0.23046745,0.05954492024454178,0.14500618692175896
2077,2018-06-30,train,0,0,0.1649145,0.0006972648894808232,0.08280588429153073
2077,2019-04-30,train,0,0,0.17869954,0.01106570408221483,0.09488262109695077
2077,2019-09-30,train,56,1,0.8377466,0.9987984634900038,0.9182725418341132
2077,2019-10-31,train,56,1,0.8377466,0.9987463084626735,0.9182464643204481
2077,2019-11-30,train,86,1,0.8377466,0.9986565118602455,0.9182015660192341
2077,2019-12-31,train,87,1,0.8377466,0.9988623130262685,0.9183044666022455
2080,2018-07-31,test,0,0,0.1649145,0.0007301666802311691,0.0828223351869059
2080,2019-10-31,test,26,0,0.19598904,0.02170296486879309,0.10884600369465808
2080,2019-11-30,test,0,0,0.19598904,0.021543386015817595,0.10876621426817033
2080,2019-12-31,test,26,0,0.19598904,0.021543386015817595,0.10876621426817033
2092,2018-11-30,test,0,0,0.1649145,0.0029007154414654257,0.08390760956752302
2092,2018-12-31,test,0,0,0.1649145,0.005480155437669224,0.08519732956562492
2092,2019-08-31,test,0,0,0.16810887,0.009407658074261888,0.08875826184648382
2092,2019-09-30,test,0,0,0.16810887,0.008573391305686651,0.0883411284621962
2092,2019-10-31,test,0,0,0.16810887,0.008573391305686651,0.0883411284621962
2092,2019-11-30,test,27,0,0.16810887,0.01054972727091515,0.08932929644481045
2092,2019-12-31,test,0,0,0.16810887,0.010207533140531222,0.08915819937961848
2094,2019-03-31,train,0,0,0.20689595,0.009726850479526051,0.10831139896794295
2094,2019-08-31,train,0,0,0.20843917,0.014505607802683467,0.11147238955846149
2094,2019-10-31,train,3,0,0.20843917,0.017361528055845416,0.11290034968504246
2094,2019-12-31,train,0,0,0.20843917,0.01307385891531417,0.11075651511477684
2107,2018-10-31,val,0,0,0.1649145,0.003661101031518289,0.08428780236254946
2107,2019-01-31,val,0,0,0.21380943,0.003444953236676746,0.10862719191794469
2107,2019-12-31,val,0,0,0.21539026,0.015933264710664242,0.1156617648493049
2108,2019-02-28,train,49,1,0.8377466,0.9987273029911792,0.9182369615847009
2108,2019-03-31,train,80,1,0.8377466,0.9987273029911792,0.9182369615847009
2108,2019-04-30,train,79,1,0.8377466,0.9987637761571205,0.9182551981676716
2108,2019-05-31,train,82,1,0.8377466,0.9987571814260027,0.9182519008021126
2108,2019-06-30,train,112,1,0.8377466,0.9991049620757174,0.91842579112697
2108,2019-07-31,train,143,1,0.8377466,0.9991433377099997,0.9184449789441111
2108,2019-08-31,train,174,1,0.8377466,0.999261190117104,0.9185039051476633
2108,2019-09-30,train,204,1,0.8377466,0.999261190117104,0.9185039051476633
2108,2019-10-31,train,235,1,0.8377466,0.9993642344447341,0.9185554273114784
2108,2019-11-30,train,265,1,0.8377466,0.9993366214941306,0.9185416208361766
2108,2019-12-31,train,296,1,0.8377466,0.9992890764113154,0.918517848294769
2120,2018-06-30,train,0,0,0.1649145,0.0006527837080817175,0.08278364370083117
2120,2019-04-30,train,0,0,0.17869954,0.008871454430002266,0.09378549627084448
2120,2019-12-31,train,0,0,0.1786209,0.015037240310039028,0.0968290724970529
2124,2018-08-31,train,52,1,0.8377466,0.9960320503059858,0.9168893352421043
2124,2018-09-30,train,82,1,0.8377466,0.9976329123166242,0.9176897662474235
2124,2018-10-31,train,113,1,0.8377466,0.9984036122307881,0.9180751162045053
2124,2018-11-30,train,143,1,0.8377466,0.9984987093547852,0.918122664766504
2124,2018-12-31,train,174,1,0.8377466,0.9984910236583864,0.9181188219183045
2124,2019-01-31,train,205,1,0.8377466,0.9980347173585412,0.9178906687683819
2124,2019-02-28,train,233,1,0.8377466,0.999207997269915,0.9184773087240689
2124,2019-03-31,train,264,1,0.8377466,0.999207997269915,0.9184773087240689
2124,2019-04-30,train,294,1,0.8377466,0.9991808023989045,0.9184637112885636
2124,2019-05-31,train,325,1,0.8377466,0.9992540407668952,0.918500330472559
2124,2019-06-30,train,355,1,0.8377466,0.9992301721560215,0.9184883961671221
2124,2019-07-31,train,386,1,0.8377466,0.9993293591864219,0.9185379896823223
2124,2019-08-31,train,417,1,0.8377466,0.9994216602277209,0.9185841402029717
2124,2019-09-30,train,447,1,0.8377466,0.9993072121344213,0.918526916156322
2124,2019-10-31,train,478,1,0.8377466,0.9993072121344213,0.918526916156322
2124,2019-11-30,train,508,1,0.8377466,0.9993539518255242,0.9185502860018735
2124,2019-12-31,train,539,1,0.8377466,0.9992825601844015,0.9185145901813121
2133,2018-11-30,train,0,0,0.1649145,0.0026787290228661356,0.08379661635822339
2133,2019-12-31,train,0,0,0.20843917,0.024074759962560494,0.1162569656384
2142,2019-12-31,val,0,0,0.1786209,0.013433633139211866,0.09602726891163932
2151,2018-07-31,val,0,0,0.16549736,0.0005201987512297447,0.08300878068245386
2151,2018-10-31,val,0,0,0.16549736,0.002495357843569889,0.08399636022862393
2151,2019-12-31,val,0,0,0.19272204,0.017838905177608538,0.10528047130609323
2158,2019-08-31,train,0,0,0.16810887,0.019827554058901093,0.09396820983880343
2158,2019-09-30,train,0,0,0.16810887,0.011994033435529893,0.09005144952711783
2158,2019-10-31,train,0,0,0.16810887,0.011994033435529893,0.09005144952711783
2158,2019-11-30,train,0,0,0.16810887,0.01643273852440098,0.09227080207155336
2158,2019-12-31,train,0,0,0.16810887,0.014747165872361682,0.09142801574553372
2167,2018-07-31,val,0,0,0.1649145,0.0002651810094424116,0.08258984235151152
2167,2019-02-28,val,33,1,0.18637325,0.0023075257680634054,0.0943403872321953
2167,2019-03-31,val,33,1,0.17201541,0.002078988685901269,0.08704720116391544
2167,2019-04-30,val,35,1,0.17201541,0.002098339183368012,0.08705687641264882
2167,2019-05-31,val,66,1,0.8377466,0.9951776933931111,0.9164621567856669
2167,2019-06-30,val,35,1,0.17260453,0.002472509000177566,0.08753852002495298
2167,2019-07-31,val,35,1,0.17260453,0.005037117974898535,0.08882082451231346
2167,2019-08-31,val,66,1,0.8377466,0.9967568822942003,0.9172517512362115
2167,2019-09-30,val,0,0,0.17252803,0.0038103312363309935,0.08816917986224508
2167,2019-10-31,val,5,0,0.17252803,0.0038103312363309935,0.08816917986224508
2167,2019-11-30,val,35,1,0.17252803,0.0036522059546905397,0.08809011722142486
2167,2019-12-31,val,66,1,0.8377466,0.9966566504569491,0.9172016353175858
2190,2019-10-31,train,3,0,0.28290612,0.1605246578725063,0.22171538646379527
2190,2019-11-30,train,2,0,0.28290612,0.21768148738797677,0.2502938012215305
2190,2019-12-31,train,33,1,0.28290612,0.2454419775091276,0.26417404628210595
2194,2019-01-31,val,0,0,0.17545961,0.0027455932797432188,0.08910260085768701
2194,2019-02-28,val,0,0,0.19284111,0.009492873887627033,0.10116699325065251
2194,2019-03-31,val,0,0,0.17809409,0.009974435928774866,0.09403426247999717
2194,2019-04-30,val,0,0,0.17809409,0.008133347530196643,0.09311371828070807
2194,2019-05-31,val,11,0,0.17869954,0.011830706425163564,0.09526512226842514
2194,2019-06-30,val,41,1,0.8377466,0.9985251557489542,0.9181358879635884
2194,2019-07-31,val,72,1,0.8377466,0.9986068410336431,0.9181767306059329
2194,2019-08-31,val,42,1,0.8377466,0.9986878988961297,0.9182172595371763
2194,2019-09-30,val,72,1,0.8377466,0.9987984634900038,0.9182725418341132
2194,2019-10-31,val,103,1,0.8377466,0.9987984634900038,0.9182725418341132
2194,2019-11-30,val,133,1,0.8377466,0.9987463084626735,0.9182464643204481
2194,2019-12-31,val,0,0,0.1786209,0.01276057601349253,0.09569074034877965
2204,2019-03-31,val,0,0,0.17793086,0.014300599959310942,0.0961157308354065
2204,2019-12-31,val,0,0,0.2399438,0.05799923337005453,0.14897151786338725
2209,2018-06-30,train,0,0,0.1649145,0.0007665646272902969,0.08284053416043546
2209,2019-03-31,train,0,0,0.19485886,0.007826606328647012,0.10134273513921135
2209,2019-04-30,train,0,0,0.19485886,0.009395698396054104,0.1021272811729149
2209,2019-10-31,train,0,0,0.2598555,0.042272635389833384,0.15106407209707734
2209,2019-12-31,train,0,0,0.2598555,0.041239289103585285,0.15054739895395328
2211,2019-02-28,test,0,0,0.17441522,0.0054272845237338194,0.08992125018680511
2211,2019-11-30,test,1,0,0.24566941,0.0428649132182845,0.14426716142548365
2211,2019-12-31,test,2,0,0.24566941,0.03827118340501155,0.14197029651884718
2214,2018-08-31,val,0,0,0.1649145,0.0007301666802311691,0.0828223351869059
2214,2019-06-30,val,43,1,0.8377466,0.9976945295411245,0.9177205748596735
2214,2019-07-31,val,43,1,0.8377466,0.9983378950012519,0.9180422575897373
2214,2019-08-31,val,74,1,0.8377466,0.99884650364088,0.9182965619095513
2214,2019-09-30,val,104,1,0.8377466,0.9989335442056518,0.9183400821919372
2214,2019-10-31,val,135,1,0.8377466,0.9989335442056518,0.9183400821919372
2214,2019-11-30,val,165,1,0.8377466,0.99888724608689,0.9183169331325562
2214,2019-12-31,val,196,1,0.8377466,0.9988075321953601,0.9182770761867913
2223,2018-08-31,train,0,0,0.16537526,0.0005125564222288124,0.0829439094605422
2223,2019-12-31,train,0,0,0.24193658,0.06971078462201624,0.15582368198433652
2228,2019-01-31,val,0,0,0.17058456,0.0013144996944303897,0.0859495295675216
2228,2019-12-31,val,0,0,0.2453974,0.03525837655563262,0.14032789019594147
2241,2018-08-31,train,0,0,0.1649145,0.000632502376546031,0.08277350303506333
2241,2019-02-28,train,0,0,0.19284111,0.009783059682718009,0.10131208614819799
2241,2019-04-30,train,0,0,0.17809409,0.012438071453795335,0.0952660802425074
2241,2019-05-31,train,0,0,0.17869954,0.01106570408221483,0.09488262109695077
2241,2019-07-31,train,53,1,0.8377466,0.9986068410336431,0.9181767306059329
2241,2019-08-31,train,84,1,0.8377466,0.9986878988961297,0.9182172595371763
2241,2019-09-30,train,114,1,0.8377466,0.9987984634900038,0.9182725418341132
2241,2019-10-31,train,145,1,0.8377466,0.9987984634900038,0.9182725418341132
2241,2019-11-30,train,175,1,0.8377466,0.9987984634900038,0.9182725418341132
2241,2019-12-31,train,206,1,0.8377466,0.9986565118602455,0.9182015660192341
2242,2019-10-31,test,5,0,0.19598904,0.02248752329694705,0.10923828290873507
2242,2019-11-30,test,4,0,0.19598904,0.02485186464051653,0.1104204535805198
2242,2019-12-31,test,5,0,0.19598904,0.021412464487724044,0.10870075350412356
2247,2018-09-30,val,0,0,0.16537526,0.000692456821301104,0.08303385966007834
2247,2018-11-30,val,0,0,0.16537526,0.0021469997329889843,0.08376113111592229
2247,2019-12-31,val,0,0,0.22039784,0.03782140429024616,0.1291096246004339
2252,2019-05-31,train,5,0,0.17853588,0.04902246616865669,0.11377917241347568
2252,2019-12-31,train,5,0,0.21024199,0.020424797425474723,0.11533339286337595
2267,2018-08-31,train,0,0,0.1649145,0.001118243691086468,0.08301637369233354
2267,2019-10-31,train,0,0,0.1786209,0.026566771966074574,0.10259383832507067
2267,2019-12-31,train,0,0,0.1786209,0.024111828726802405,0.10136636670543459
2269,2018-07-31,train,0,0,0.16537526,0.0002468661588518667,0.08281106432885373
2269,2019-01-31,train,0,0,0.16537526,0.0006568554627934505,0.08301605898082452
2269,2019-07-31,train,0,0,0.17441522,0.0033421657611753387,0.08887869080552586
2269,2019-12-31,train,0,0,0.2314492,0.012422195284432428,0.121935698493752
2270,2019-12-31,val,0,0,0.19598904,0.023986841788438438,0.10998794215448075
2275,2019-03-31,val,0,0,0.16760673,0.003582325427001191,0.08559452585789833
2275,2019-12-31,val,0,0,0.16810887,0.006760890684929821,0.08743487815181779
2284,2019-12-31,train,0,0,0.19996704,0.012092406992038117,0.10602972430185478
2300,2018-11-30,train,0,0,0.1649145,0.004290687175089918,0.08460259543433528
2300,2019-03-31,train,0,0,0.20512792,0.009873931139611198,0.10750092791016051
2300,2019-04-30,train,10,0,0.19485886,0.007826606328647012,0.10134273513921135
2300,2019-05-31,train,11,0,0.20963025,0.009925488232220175,0.10977786958150315
2300,2019-06-30,train,41,1,0.8377466,0.9976450808941995,0.917695850536211
2300,2019-07-31,train,41,1,0.8377466,0.998432718054461,0.9180896691163418
2300,2019-08-31,train,42,1,0.8377466,0.9984998735374981,0.9181232468578604
2300,2019-09-30,train,72,1,0.8377466,0.9990051668917421,0.9183758935349824
2300,2019-10-31,train,41,1,0.8377466,0.9989955848410331,0.918371102509628
2300,2019-11-30,train,71,1,0.8377466,0.9989955848410331,0.918371102509628
2300,2019-12-31,train,72,1,0.8377466,0.9987683017893937,0.9182574609838081
2313,2019-08-31,test,0,0,0.16818382,0.012019050549629377,0.09010143450457009
2313,2019-12-31,test,0,0,0.16810887,0.010842912293506535,0.08947588895610614
2314,2018-07-31,train,0,0,0.1649145,0.000730353317178627,0.08282242850537963
2314,2019-03-31,train,0,0,0.19141684,0.010777051261270197,0.10109694799343952
2314,2019-12-31,train,0,0,0.19598904,0.023986841788438438,0.10998794215448075
2320,2018-07-31,train,0,0,0.16537526,0.00042327865738230904,0.08289927057811895
2320,2018-10-31,train,0,0,0.16537526,0.00209817450891952,0.08373671850388756
2320,2019-12-31,train,0,0,0.26853776,0.20912389091921474,0.23883082535004926
2324,2019-03-31,train,0,0,0.18390372,0.004893282159021221,0.09439850305708782
2324,2019-11-30,train,50,1,0.8377466,0.9989996740343671,0.9183731471062948
2324,2019-12-31,train,81,1,0.8377466,0.9989562438146907,0.9183514319964567
2364,2018-07-31,train,0,0,0.1649145,0.0005398202256010621,0.08272716195959084
2364,2019-01-31,train,0,0,0.1649145,0.0013780895563060152,0.08314629662494333
2364,2019-05-31,train,40,1,0.8377466,0.9979907984279783,0.9178687093031005
2364,2019-06-30,train,40,1,0.8377466,0.9980483372201572,0.9178974786991899
2364,2019-07-31,train,40,1,0.8377466,0.9979700170707989,0.9178583186245108
2364,2019-08-31,train,71,1,0.8377466,0.9986068410336431,0.9181767306059329
2364,2019-09-30,train,9,0,0.17252803,0.008375875958688418,0.0904519522234238
2364,2019-10-31,train,40,1,0.8377466,0.9987984634900038,0.9182725418341132
2364,2019-11-30,train,40,1,0.8377466,0.9987984634900038,0.9182725418341132
2364,2019-12-31,train,40,1,0.8377466,0.9987463084626735,0.9182464643204481
2381,2018-08-31,train,0,0,0.1649145,0.0005136030908983947,0.08271405339223951
2381,2019-03-31,train,0,0,0.1886759,0.003972728274550946,0.09632431180392052
2381,2019-12-31,train,0,0,0.16810887,0.004717586144580931,0.08641322588164334
2402,2019-03-31,test,0,0,0.18144865,0.006679625462501399,0.09406413940142053
2402,2019-12-31,test,0,0,0.18793188,0.027106605100646823,0.10751924272776406
2410,2019-11-30,train,0,0,0.19598904,0.022624866050009317,0.1093069542852662
2410,2019-12-31,train,0,0,0.19598904,0.021763462027591367,0.10887625227405721
2418,2019-01-31,val,0,0,0.1649145,0.002259636833331394,0.083587070263456
2418,2019-12-31,val,0,0,0.1786209,0.01417043957015125,0.096395672127109
2422,2019-02-28,train,0,0,0.1649145,0.003058755693437078,0.08398662969350885
2422,2019-08-31,train,0,0,0.17869954,0.013200416069497753,0.09594997709059223
2422,2019-09-30,train,0,0,0.17869954,0.007872694632058922,0.09328611637187281
2422,2019-12-31,train,0,0,0.1786209,0.010872074599707597,0.09474648964188719
2430,2019-04-30,train,0,0,0.17809409,0.011230516134143035,0.09466230258268125
2430,2019-07-31,train,0,0,0.17869954,0.013163632442325286,0.095931585277006
2430,2019-08-31,train,0,0,0.17869954,0.02529211011735611,0.1019958241145214
2430,2019-09-30,train,0,0,0.17869954,0.01957926729291844,0.09913940270230258
2430,2019-10-31,train,0,0,0.1786209,0.02244382188368461,0.10053236328387569
2430,2019-11-30,train,0,0,0.1786209,0.02244382188368461,0.10053236328387569
2430,2019-12-31,train,0,0,0.1786209,0.02244382188368461,0.10053236328387569
2434,2018-09-30,train,0,0,0.1649145,0.0014375565000545431,0.08317603009681758
2434,2018-11-30,train,0,0,0.1649145,0.003107310234064412,0.08401090696382252
2434,2019-03-31,train,0,0,0.2647986,0.026926199227743166,0.14586240531512737
2434,2019-06-30,train,45,1,0.8377466,0.9989904317302052,0.9183685259542139
2434,2019-07-31,train,76,1,0.8377466,0.9990866051233713,0.918416612650797
2434,2019-08-31,train,107,1,0.8377466,0.9989913817780759,0.9183690009781493
2434,2019-09-30,train,14,0,0.3643812,0.0742389702669553,0.21931008219082018
2434,2019-10-31,train,45,1,0.8377466,0.9991674547485789,0.9184570374634008
2434,2019-11-30,train,75,1,0.8377466,0.9990594027737609,0.9184030114759918
2434,2019-12-31,train,106,1,0.8377466,0.9990594027737609,0.9184030114759918
2454,2018-12-31,train,0,0,0.16549736,0.002259460210015328,0.08387841141184665
2454,2019-12-31,train,46,1,0.8377466,0.9991717428103647,0.9184591814942937
2461,2019-06-30,train,0,0,0.17793086,0.00961493268486461,0.09377289719818334
2461,2019-12-31,train,48,1,0.8377466,0.9983363590382415,0.9180414896082321
2474,2019-08-31,train,47,1,0.8377466,0.9990927969209198,0.9184197085495712
2474,2019-09-30,train,15,0,0.18350576,0.05407671534912153,0.11879123699613593
2474,2019-10-31,train,16,0,0.18531553,0.013347974306466252,0.09933175438946588
2474,2019-11-30,train,46,1,0.8377466,0.9985836151929229,0.9181651176855727
2474,2019-12-31,train,0,0,0.18531553,0.007998875730747396,0.09665720510160646
2476,2018-08-31,test,0,0,0.16549736,0.0004790399818700263,0.082988201297774
2476,2019-05-31,test,0,0,0.17793086,0.025182889968847405,0.10155687584017474
2476,2019-10-31,test,0,0,0.29602405,0.14037136049587542,0.21819770739236977
2476,2019-12-31,test,0,0,0.2892726,0.03758528734896924,0.16342894686090126
2477,2019-04-30,train,0,0,0.1886759,0.0036483704299003997,0.09616213288159525
2477,2019-07-31,train,16,0,0.16818382,0.0038902816642266444,0.08603705006186872
2477,2019-08-31,train,47,1,0.8377466,0.9969243840015309,0.9173355020898768
2477,2019-09-30,train,77,1,0.8377466,0.9974810409156832,0.917613830546953
2477,2019-10-31,train,0,0,0.16810887,0.006985996842698315,0.08754743123070204
2477,2019-11-30,train,0,0,0.16810887,0.006429394171846058,0.08726912989527591
2477,2019-12-31,train,0,0,0.16810887,0.006429394171846058,0.08726912989527591
2491,2018-11-30,train,0,0,0.1649145,0.0011251483411833462,0.08301982601738199
2491,2019-03-31,train,0,0,0.17574498,0.004597004011161991,0.09017099229240809
2491,2019-12-31,train,0,0,0.17252803,0.007784706967139721,0.09015636772764946
2506,2019-07-31,train,0,0,0.22960773,0.0111415303511708,0.12037463072753395
2506,2019-12-31,train,0,0,0.23046745,0.021961342221799785,0.12621439791038797
2531,2019-02-28,train,0,0,0.1649145,0.00223967714165473,0.08357709041761768
2531,2019-03-31,train,0,0,0.1649145,0.00441590253954335,0.08466520311656199
2531,2019-12-31,train,0,0,0.17252803,0.00848480197487964,0.09050641523151941
2543,2019-01-31,val,3,0,0.16549736,0.0008695215100119951,0.08318344206184498
2543,2019-07-31,val,0,0,0.17853588,0.04439693845847083,0.11146640855838275
2543,2019-08-31,val,3,0,0.17853588,0.03618897180198688,0.10736242523014078
2543,2019-09-30,val,2,0,0.17853588,0.07674639748237493,0.1276411380703348
2543,2019-10-31,val,3,0,0.24079731,0.10469250019784634,0.17274490563271377
2543,2019-11-30,val,2,0,0.29668543,0.19633571750356568,0.2465105724654288
2543,2019-12-31,val,33,1,0.3081194,0.18182059334329997,0.24496998988892751
2544,2018-11-30,train,0,0,0.16537526,0.0011989129093534117,0.0832870877041045
2544,2019-12-31,train,0,0,0.22884254,0.027986029873810946,0.12841428572462138
2590,2018-09-30,train,547,1,0.8377466,0.9998774064681774,0.9188120133232001
2590,2018-10-31,train,578,1,0.8377466,0.9998774064681774,0.9188120133232001
2590,2018-11-30,train,608,1,0.8377466,0.9998774064681774,0.9188120133232001
2590,2018-12-31,train,639,1,0.8377466,0.9998774064681774,0.9188120133232001
2590,2019-01-31,train,670,1,0.8377466,0.999873457393966,0.9188100387860944
2590,2019-02-28,train,698,1,0.8377466,0.9998774055996346,0.9188120128889286
2590,2019-03-31,train,729,1,0.8377466,0.9998774055996346,0.9188120128889286
2590,2019-04-30,train,759,1,0.8377466,0.9998774055996346,0.9188120128889286
2590,2019-05-31,train,790,1,0.8377466,0.9998774051645046,0.9188120126713637
2590,2019-06-30,train,820,1,0.8377466,0.9998774051645046,0.9188120126713637
2590,2019-07-31,train,851,1,0.8377466,0.9998774051645046,0.9188120126713637
2590,2019-08-31,train,882,1,0.8377466,0.9998774051645046,0.9188120126713637
2590,2019-09-30,train,912,1,0.8377466,0.9998774051645046,0.9188120126713637
2590,2019-10-31,train,943,1,0.8377466,0.9998774051645046,0.9188120126713637
2590,2019-11-30,train,973,1,0.8377466,0.9998774051645046,0.9188120126713637
2590,2019-12-31,train,1004,1,0.8377466,0.9998774051645046,0.9188120126713637
2591,2018-09-30,train,384,1,0.8377466,0.9998686157236466,0.9188076179509346
2591,2018-10-31,train,415,1,0.8377466,0.9998686157236466,0.9188076179509346
2591,2018-11-30,train,445,1,0.8377466,0.9998686157236466,0.9188076179509346
2591,2018-12-31,train,476,1,0.8377466,0.9998686157236466,0.9188076179509346
2591,2019-01-31,train,507,1,0.8377466,0.9998325442404024,0.9187895822093125
2591,2019-02-28,train,535,1,0.8377466,0.9998591938926443,0.9188029070354335
2591,2019-03-31,train,566,1,0.8377466,0.9998591938926443,0.9188029070354335
2591,2019-04-30,train,596,1,0.8377466,0.9998591938926443,0.9188029070354335
2591,2019-05-31,train,627,1,0.8377466,0.9998591938926443,0.9188029070354335
2591,2019-06-30,train,657,1,0.8377466,0.9998591938926443,0.9188029070354335
2591,2019-07-31,train,688,1,0.8377466,0.9998591938926443,0.9188029070354335
2591,2019-08-31,train,719,1,0.8377466,0.9998591938926443,0.9188029070354335
2591,2019-09-30,train,749,1,0.8377466,0.9998591938926443,0.9188029070354335
2591,2019-10-31,train,780,1,0.8377466,0.9998591938926443,0.9188029070354335
2591,2019-11-30,train,810,1,0.8377466,0.9998591938926443,0.9188029070354335
2591,2019-12-31,train,841,1,0.8377466,0.9998591938926443,0.9188029070354335
2595,2018-09-30,train,58,1,0.8377466,0.9993036939413736,0.9185251570597981
2595,2018-10-31,train,0,0,0.17466389,0.006039537181143147,0.09035171180451124
2595,2018-11-30,train,0,0,0.17466389,0.009208104256262752,0.09193599534207104
2595,2018-12-31,train,28,0,0.17466389,0.027486455625258872,0.1010751710265691
2595,2019-01-31,train,59,1,0.8377466,0.9991514027248897,0.9184490114515562
2595,2019-02-28,train,87,1,0.8377466,0.9994705843559315,0.9186086022670771
2595,2019-03-31,train,118,1,0.8377466,0.9994705843559315,0.9186086022670771
2595,2019-04-30,train,148,1,0.8377466,0.9994705843559315,0.9186086022670771
2595,2019-05-31,train,0,0,0.17466389,0.007707487668566316,0.09118568704822283
2595,2019-06-30,train,27,0,0.17466389,0.006576260169339845,0.09062007329860959
2595,2019-07-31,train,28,0,0.17466389,0.0066145506754753955,0.09063921855167736
2595,2019-08-31,train,59,1,0.8377466,0.999504794833925,0.9186257075060738
2595,2019-09-30,train,89,1,0.8377466,0.999504794833925,0.9186257075060738
2595,2019-10-31,train,120,1,0.8377466,0.9995520132007347,0.9186493166894787
2595,2019-11-30,train,150,1,0.8377466,0.9995559834292128,0.9186513018037177
2595,2019-12-31,train,181,1,0.8377466,0.9998243980191305,0.9187855090986765
2600,2018-12-31,val,0,0,0.17504679,0.010625590164200472,0.09283618841505846
2600,2019-09-30,val,48,1,0.8377466,0.9995691313389541,0.9186578757585884
2600,2019-10-31,val,79,1,0.8377466,0.9995691313389541,0.9186578757585884
2600,2019-11-30,val,109,1,0.8377466,0.9995691313389541,0.9186578757585884
2600,2019-12-31,val,79,1,0.8377466,0.9995961406945642,0.9186713804363934
2603,2019-01-31,train,56,1,0.8377466,0.9990981988212277,0.9184224094997252
2603,2019-02-28,train,84,1,0.8377466,0.999569467583929,0.9186580438810759
2603,2019-03-31,train,115,1,0.8377466,0.9995614115689897,0.9186540158736062
2603,2019-04-30,train,114,1,0.8377466,0.9997389906340263,0.9187428054061244
2603,2019-05-31,train,114,1,0.8377466,0.9998150979956872,0.918780859086955
2603,2019-06-30,train,116,1,0.8377466,0.9998263501146071,0.9187864851464149
2603,2019-07-31,train,86,1,0.8377466,0.9998263501146071,0.9187864851464149
2603,2019-08-31,train,117,1,0.8377466,0.9998163438507514,0.9187814820144871
2603,2019-09-30,train,116,1,0.8377466,0.9998158030807244,0.9187812116294736
2603,2019-10-31,train,147,1,0.8377466,0.9998025946964901,0.9187746074373564
2603,2019-11-30,train,177,1,0.8377466,0.999795930144292,0.9187712751612573
2603,2019-12-31,train,208,1,0.8377466,0.9996652746862286,0.9187059474322257
2606,2018-09-30,train,92,1,0.8377466,0.9986252708729945,0.9181859455256085
2606,2018-10-31,train,123,1,0.8377466,0.999027112098491,0.9183868661383568
2606,2018-11-30,train,153,1,0.8377466,0.9991759375504419,0.9184612788643323
2606,2018-12-31,train,184,1,0.8377466,0.9995086928116939,0.9186276564949583
2606,2019-01-31,train,215,1,0.8377466,0.999482011315168,0.9186143157466953
2606,2019-02-28,train,243,1,0.8377466,0.9998671366378066,0.9188068784080146
2606,2019-03-31,train,274,1,0.8377466,0.9998797456674634,0.918813182922843
2606,2019-04-30,train,304,1,0.8377466,0.9998608196256483,0.9188037199019354
2606,2019-05-31,train,335,1,0.8377466,0.9998948939127532,0.9188207570454879
2606,2019-06-30,train,365,1,0.8377466,0.9998686910041038,0.9188076555911633
2606,2019-07-31,train,396,1,0.8377466,0.9998686910041038,0.9188076555911633
2606,2019-08-31,train,427,1,0.8377466,0.9998686910041038,0.9188076555911633
2606,2019-09-30,train,457,1,0.8377466,0.9998686910041038,0.9188076555911633
2606,2019-10-31,train,488,1,0.8377466,0.9998686910041038,0.9188076555911633
2606,2019-11-30,train,518,1,0.8377466,0.9998592745708549,0.9188029473745387
2606,2019-12-31,train,549,1,0.8377466,0.9998592745708549,0.9188029473745387
2607,2019-03-31,train,0,0,0.18439452,0.00678620916766193,0.09559036633452905
2607,2019-08-31,train,0,0,0.18399571,0.007633768426540096,0.09581473862487207
2607,2019-09-30,train,20,0,0.18399571,0.00722078411302971,0.09560824646811687
2607,2019-10-31,train,0,0,0.18399571,0.0066588566156128015,0.09532728271940842
2607,2019-11-30,train,20,0,0.18399571,0.005722396148534814,0.09485905248586943
2607,2019-12-31,train,0,0,0.18399571,0.006275363514650044,0.09513553616892705
2610,2019-01-31,train,42,1,0.8377466,0.9990460952320815,0.9183963577051522
2610,2019-02-28,train,70,1,0.8377466,0.9995093772128266,0.9186279986955246
2610,2019-03-31,train,101,1,0.8377466,0.9996237431305649,0.9186851816543937
2610,2019-04-30,train,131,1,0.8377466,0.9996537646578697,0.9187001924180462
2610,2019-05-31,train,162,1,0.8377466,0.9996595115178109,0.9187030658480168
2610,2019-06-30,train,192,1,0.8377466,0.9996097001454872,0.918678160161855
2610,2019-07-31,train,223,1,0.8377466,0.9996948012158339,0.9187207106970283
2610,2019-08-31,train,254,1,0.8377466,0.9996333052102108,0.9186899626942167
2610,2019-09-30,train,284,1,0.8377466,0.9996556886577939,0.9187011544180083
2610,2019-10-31,train,315,1,0.8377466,0.99968852361333,0.9187175718957763
2610,2019-11-30,train,345,1,0.8377466,0.99968852361333,0.9187175718957763
2610,2019-12-31,train,376,1,0.8377466,0.9997820656638219,0.9187643429210223
2618,2019-12-31,test,0,0,0.22130041,0.03180521140399111,0.12655280982406206
2620,2018-12-31,train,0,0,0.16549736,0.0012625444923866221,0.08337995355303231
2620,2019-06-30,train,0,0,0.17793086,0.025182889968847405,0.10155687584017474
2620,2019-08-31,train,55,1,0.8377466,0.998086812831929,0.9179167165050759
2620,2019-09-30,train,85,1,0.8377466,0.9987101895551371,0.9182284048666799
2620,2019-10-31,train,85,1,0.8377466,0.9987651067268505,0.9182558634525366
2620,2019-11-30,train,54,1,0.8377466,0.9989796429024264,0.9183631315403245
2620,2019-12-31,train,0,0,0.3081194,0.18182059334329997,0.24496998988892751
2621,2019-01-31,val,0,0,0.1649145,0.0004325062458731517,0.08267350496972689
2621,2019-04-30,val,0,0,0.17752899,0.004439009413083974,0.09098400085417459
2621,2019-06-30,val,0,0,0.18390372,0.006189184991555936,0.09504645447335518
2621,2019-10-31,val,0,0,0.18350576,0.01730611947244637,0.10040593905779835
2621,2019-12-31,val,0,0,0.18531553,0.004894392516823619,0.09510496349464456
2622,2018-10-31,train,0,0,0.1649145,0.00041604503852681713,0.08266527436605373
2622,2019-08-31,train,52,1,0.8377466,0.9980483372201572,0.9178974786991899
2622,2019-09-30,train,82,1,0.8377466,0.9985444671357528,0.9181455436569878
2622,2019-10-31,train,82,1,0.8377466,0.9986068410336431,0.9181767306059329
2622,2019-11-30,train,0,0,0.17252803,0.00821090670060927,0.09036946759438423
2622,2019-12-31,train,21,0,0.17252803,0.008717392577674834,0.09062271053291701
2633,2018-09-30,test,0,0,0.1649145,0.0007189869433216865,0.08281674531845115
2633,2019-08-31,test,0,0,0.17869954,0.014746002427423244,0.09672277026955498
2633,2019-09-30,test,0,0,0.17869954,0.017500646601211322,0.09810009235644901
2633,2019-10-31,test,11,0,0.17869954,0.02014440967188293,0.09942197389178482
2633,2019-11-30,test,41,1,0.8377466,0.9986878988961297,0.9182172595371763
2633,2019-12-31,test,0,0,0.1786209,0.04577763809831651,0.11219927139119164
2637,2018-10-31,val,0,0,0.1649145,0.0010742504447709819,0.0829943770691758
2637,2019-06-30,val,0,0,0.16760673,0.00791430945248014,0.08776051787063781
2637,2019-12-31,val,0,0,0.16810887,0.01978440136423089,0.09394663349146831
2638,2019-09-30,train,0,0,0.17869954,0.01404852059515781,0.09637402935342226
2638,2019-10-31,train,15,0,0.17869954,0.014416761405092151,0.09655814975838943
2638,2019-11-30,train,0,0,0.1786209,0.014058805264586673,0.09633985497432672
2638,2019-12-31,train,0,0,0.1786209,0.014920589198946291,0.09677074694150653
2642,2019-01-31,train,0,0,0.1649145,0.0010674745720587867,0.0829909891328197
2642,2019-12-31,train,0,0,0.29390013,0.12755020543125672,0.2107251688052585
2649,2019-11-30,test,0,0,0.18904932,0.025166054204024266,0.10710768631841609
2649,2019-12-31,test,0,0,0.16810887,0.012756275610190751,0.09043257061444825
2663,2018-09-30,train,0,0,0.1649145,0.0005902430557333667,0.082752373374657
2663,2018-10-31,train,5,0,0.1649145,0.0005902430557333667,0.082752373374657
2663,2019-05-31,train,5,0,0.1886759,0.0035178786160245095,0.0960968869746573
2663,2019-06-30,train,4,0,0.16760673,0.003582325427001191,0.08559452585789833
2663,2019-07-31,train,5,0,0.16760673,0.003603823160693202,0.08560527472474434
2663,2019-08-31,train,5,0,0.16818382,0.003718357317508804,0.0859510878885098
2663,2019-09-30,train,4,0,0.16818382,0.003733061584767663,0.08595844002213923
2663,2019-10-31,train,5,0,0.16818382,0.0043974798006030935,0.08629064913005695
2663,2019-11-30,train,4,0,0.18904932,0.008898341031732334,0.09897382973227013
2663,2019-12-31,train,5,0,0.16810887,0.0053365724024410826,0.08672271901057342
2670,2019-04-30,train,0,0,0.17058456,0.005779306512526315,0.08818193297656955
2670,2019-08-31,train,0,0,0.17441522,0.013396022140931834,0.09390561899540412
2670,2019-12-31,train,0,0,0.21629716,0.092730148810458,0.15451365668491115
2680,2019-10-31,train,3,0,0.1693818,0.06125714453962329,0.11531947092665673
2680,2019-11-30,train,33,1,0.31660327,0.20811665729682677,0.2623599652250659
2680,2019-12-31,train,0,0,0.16810887,0.008722012971877106,0.08841543929529143
2687,2019-09-30,train,3,0,0.22232789,0.007045639006663082,0.11468676350929773
2687,2019-11-30,train,3,0,0.29390013,0.032727371132199964,0.16331375165573012
2687,2019-12-31,train,4,0,0.2244153,0.025381873316701213,0.12489858779665627
2697,2018-11-30,train,0,0,0.16537526,0.0003847339398447474,0.08287999821935017
2697,2019-02-28,train,0,0,0.16537526,0.004446756107388926,0.08491100930312226
2697,2019-12-31,train,0,0,0.2273492,0.11618101142712497,0.1717651091161771
2708,2018-10-31,train,0,0,0.1649145,0.0006393066518495942,0.0827769051727151
2708,2019-11-30,train,53,1,0.8377466,0.9988377329737682,0.9182921765759955
2708,2019-12-31,train,0,0,0.17252803,0.009317101576165153,0.09092256503216217
2709,2018-12-31,train,0,0,0.16549736,0.0018359331272032324,0.0836666478704406
2709,2019-07-31,train,35,1,0.17793086,0.061991406215426696,0.11996113396346439
2709,2019-08-31,train,0,0,0.17853588,0.06517593850043328,0.12185590857936399
2709,2019-09-30,train,0,0,0.17853588,0.05334084751840258,0.11593836308834862
2709,2019-10-31,train,5,0,0.17853588,0.1057984798812622,0.14216717926977845
2709,2019-11-30,train,4,0,0.24079731,0.26581977335496604,0.25330854221127364
2709,2019-12-31,train,35,1,0.31837878,0.40095879483618735,0.35966878557403087
2725,2019-10-31,test,3,0,0.19695553,0.07559479214624656,0.13627516199090128
2725,2019-11-30,test,2,0,0.2883261,0.11657505643858773,0.20245058542735508
2725,2019-12-31,test,3,0,0.3433773,0.18151367563094722,0.26244548389358335
2737,2019-07-31,train,0,0,0.17201541,0.0018959379592111926,0.08695567580057041
2737,2019-12-31,train,0,0,0.17252803,0.003827821531275959,0.08817792500971756
2740,2018-12-31,train,0,0,0.1649145,0.001288428275360855,0.08310146598447074
2740,2019-03-31,train,44,1,0.8377466,0.9984361178286982,0.9180913690034604
2740,2019-04-30,train,15,0,0.17711991,0.010260607502283078,0.09369025910964679
2740,2019-05-31,train,0,0,0.19672227,0.00794804267197628,0.1023351558651019
2740,2019-06-30,train,0,0,0.20212275,0.008612192060867298,0.10536746997948455
2740,2019-07-31,train,16,0,0.20212275,0.009061563051492562,0.10559215547479718
2740,2019-08-31,train,47,1,0.8377466,0.998279950671282,0.9180132854247522
2740,2019-09-30,train,77,1,0.8377466,0.9980203355485316,0.9178834778633771
2740,2019-10-31,train,108,1,0.8377466,0.9995660108281007,0.9186563155031617
2740,2019-11-30,train,138,1,0.8377466,0.9997453042199207,0.9187459621990717
2740,2019-12-31,train,169,1,0.8377466,0.9997453042199207,0.9187459621990717
2742,2019-08-31,val,0,0,0.16818382,0.007843428700785382,0.0880136235801481
2742,2019-12-31,val,0,0,0.19598904,0.0239052865943203,0.10994716455742168
2745,2019-02-28,test,0,0,0.1649145,0.0013687264602611636,0.0831416150769209
2745,2019-12-31,test,0,0,0.18531553,0.016303892242115498,0.10080971335729051
2749,2019-12-31,train,0,0,0.19930282,0.007175517440565538,0.10323916989601062
2756,2019-01-31,train,26,0,0.1649145,0.00065428658264123,0.08278439513811092
2756,2019-02-28,train,0,0,0.1649145,0.002385553344605419,0.08365002851909302
2756,2019-03-31,train,0,0,0.1649145,0.0039932406134346515,0.08445387215350764
2756,2019-04-30,train,0,0,0.1649145,0.004825461582327253,0.08486998263795394
2756,2019-05-31,train,0,0,0.19991949,0.009685451609747457,0.10480247180802467
2756,2019-06-30,train,0,0,0.20689595,0.011437035721965137,0.1091664915891625
2756,2019-07-31,train,0,0,0.20689595,0.01130472887811702,0.10910033816723844
2756,2019-08-31,train,26,0,0.22232789,0.012584730845607664,0.11745630942877001
2756,2019-09-30,train,25,0,0.22232789,0.015990926784757106,0.11915940739834474
2756,2019-10-31,train,56,1,0.8377466,0.9987773405956866,0.9182619803869546
2756,2019-11-30,train,0,0,0.18350576,0.04850000219107689,0.11600288041711361
2756,2019-12-31,train,0,0,0.18531553,0.04387514112602033,0.11459533779924293
2764,2019-12-31,train,0,0,0.29602405,0.14037136049587542,0.21819770739236977
2774,2019-12-31,train,0,0,0.29602405,0.14037136049587542,0.21819770739236977
2775,2019-09-30,train,4,0,0.1693818,0.013858559079290277,0.09162017819649024
2775,2019-10-31,train,5,0,0.1693818,0.019031713339315203,0.09420675532650269
2775,2019-11-30,train,4,0,0.1693818,0.07300532502380574,0.12119356116874797
2775,2019-12-31,train,5,0,0.25721273,0.012801147453955759,0.1350069378579517
2796,2019-06-30,test,0,0,0.2764409,0.01044174265837419,0.14344131565081947
2796,2019-12-31,test,0,0,0.28748837,0.014654168877646053,0.15107127000572518
2848,2019-07-31,train,0,0,0.17201541,0.0022083580926641143,0.08711188586729687
2848,2019-12-31,train,0,0,0.21995936,0.006652302453822227,0.11330583289757686
2850,2019-03-31,train,0,0,0.16537526,0.0016616653719187353,0.08351846393538716
2850,2019-08-31,train,0,0,0.18316899,0.004660432035294265,0.09391471221773182
2850,2019-09-30,train,0,0,0.18316899,0.005572240059750741,0.09437061622996006
2850,2019-10-31,train,0,0,0.17441522,0.0062038136007410765,0.09030951472530874
2850,2019-11-30,train,0,0,0.17441522,0.010595294098132185,0.09250525497400429
2850,2019-12-31,train,0,0,0.17617355,0.009390304850801475,0.09278192886077595
2858,2019-03-31,test,0,0,0.1649145,0.002423851810856243,0.08366917775221844
2858,2019-12-31,test,0,0,0.16818382,0.011830056933193434,0.09000693769635212
2868,2019-01-31,train,0,0,0.16537526,0.00035073201007052425,0.08286299725446306
2868,2019-10-31,train,21,0,0.17441522,0.032342287681260753,0.10337875176556857
2868,2019-11-30,train,0,0,0.17441522,0.04497429291836639,0.10969475438412139
2868,2019-12-31,train,21,0,0.17441522,0.04886722888610797,0.11164122236799219
2877,2019-12-31,train,0,0,0.38338143,0.09409213891029561,0.23873678262233836
2899,2019-03-31,train,0,0,0.1649145,0.002851891574817057,0.08388319763419884
2899,2019-12-31,train,0,0,0.16818382,0.01780903842461926,0.09299642844206503
2907,2019-12-31,train,0,0,0.19804895,0.008264854220774649,0.10315690173120641
2936,2019-02-28,test,0,0,0.1649145,0.001177113146993276,0.08304580842028696
2936,2019-12-31,test,0,0,0.16818382,0.004094550922140284,0.08613918469082554
2939,2018-12-31,train,0,0,0.1649145,0.0005452858157890583,0.08272989475468484
2939,2019-07-31,train,39,1,0.8377466,0.9978120562511905,0.9177793382147066
2939,2019-08-31,train,40,1,0.8377466,0.9983461834059141,0.9180464017920684
2939,2019-09-30,train,0,0,0.18390372,0.004763945103054973,0.0943338345291047
2939,2019-10-31,train,0,0,0.19804895,0.004972236261143128,0.10151059275139065
2939,2019-11-30,train,8,0,0.19804895,0.004972236261143128,0.10151059275139065
2939,2019-12-31,train,39,1,0.8377466,0.9985595785645354,0.918153099371379
2949,2018-11-30,test,0,0,0.1649145,0.0005902430557333667,0.082752373374657
2949,2019-05-31,test,0,0,0.1649145,0.0022363771081470043,0.08357544040086382
2949,2019-11-30,test,25,0,0.16818382,0.003718357317508804,0.0859510878885098
2949,2019-12-31,test,56,1,0.8377466,0.9967068968482246,0.9172267585132237
2956,2018-11-30,train,0,0,0.1649145,0.00042689738764351687,0.08267070054061207
2956,2019-12-31,train,0,0,0.2064608,0.04797355762721302,0.12721718068719506
2969,2019-01-31,test,0,0,0.1649145,0.00033634090253924047,0.08262542229805993
2969,2019-06-30,test,1,0,0.1649145,0.0032727946347074033,0.08409364916414401
2969,2019-08-31,test,0,0,0.17201541,0.006699824106712354,0.08935761887432099
2969,2019-12-31,test,0,0,0.17260453,0.010498707049585675,0.09155161904965703
2978,2019-05-31,train,0,0,0.16549736,0.00281921459750059,0.08415828860558928
2978,2019-07-31,train,1,0,0.1752033,0.01613823881510168,0.09567076618851855
2978,2019-10-31,train,1,0,0.17853588,0.04902246616865669,0.11377917241347568
2978,2019-12-31,train,1,0,0.17853588,0.07674639748237493,0.1276411380703348
2982,2019-03-31,train,1,0,0.1649145,0.040047988964630514,0.10248124632910557
2982,2019-06-30,train,31,1,0.32159355,0.7450960388618999,0.5333447958448675
2982,2019-07-31,train,31,1,0.49780905,0.8789741951999379,0.688391623833642
2982,2019-08-31,train,32,1,0.50626576,0.862741032656266,0.6845033960621723
2982,2019-09-30,train,62,1,0.8377466,0.9995610401344173,0.91865383015632
2982,2019-10-31,train,0,0,0.38338143,0.4721957553029879,0.4277885908186845
2982,2019-11-30,train,0,0,0.38338143,0.4500490048021335,0.4167152155682573
2982,2019-12-31,train,31,1,0.3751862,0.6020392333263463,0.48861271911831233
2984,2019-08-31,val,0,0,0.18390372,0.0074103986577539775,0.0956570613064542
2984,2019-09-30,val,27,0,0.18390372,0.0074103986577539775,0.0956570613064542
2984,2019-10-31,val,58,1,0.8377466,0.9976004723298817,0.9176735462540522
2984,2019-11-30,val,88,1,0.8377466,0.9975837764332971,0.9176651983057599
2984,2019-12-31,val,119,1,0.8377466,0.9982444251144417,0.9179955226463321
2995,2019-12-31,train,0,0,0.20131682,0.033239146337419596,0.11727798246617607
3014,2019-04-30,train,0,0,0.1649145,0.0021178719964938977,0.08351618784503727
3014,2019-06-30,train,0,0,0.1649145,0.003352513409957597,0.08413350855176911
3014,2019-12-31,train,0,0,0.18350576,0.022135963294494486,0.10282086096882241
3057,2019-11-30,val,0,0,0.18350576,0.0064523853397729335,0.09497907199146163
3057,2019-12-31,val,0,0,0.18350576,0.005311994129611085,0.09440887638638071
3061,2019-12-31,train,0,0,0.16818382,0.009581785469134444,0.08888280196432262
3062,2019-12-31,train,0,0,0.16818382,0.009581785469134444,0.08888280196432262
3064,2019-12-31,train,0,0,0.22232789,0.007045639006663082,0.11468676350929773
3065,2019-12-31,val,0,0,0.17869954,0.007944348918086026,0.09332194351488636
3068,2019-06-30,train,0,0,0.1649145,0.0026833443778149267,0.08379892403569777
3068,2019-10-31,train,0,0,0.16760673,0.003518706172350369,0.08556271623057292
3068,2019-12-31,train,1,0,0.16818382,0.003718357317508804,0.0859510878885098
3073,2018-12-31,train,0,0,0.1649145,0.0005168067172891183,0.08271565520543488
3073,2019-02-28,train,0,0,0.1649145,0.0005011898745400122,0.08270784678406032
3073,2019-05-31,train,0,0,0.1649145,0.0019931835098738874,0.08345384360172725
3073,2019-10-31,train,0,0,0.18390372,0.00835270574018828,0.09612821484767135
3073,2019-12-31,train,0,0,0.19804895,0.009676368073390914,0.10386265865751455
3074,2019-06-30,train,0,0,0.16537526,0.0029206130851761997,0.08414793779201589
3074,2019-12-31,train,0,0,0.17441522,0.019766520289761367,0.09709086806981888
3076,2019-01-31,val,0,0,0.1649145,0.0004656258625336056,0.08269006477805711
3076,2019-12-31,val,0,0,0.17260453,0.0018444253185173423,0.08722447818412286
3078,2019-10-31,train,0,0,0.16760673,0.009070173286218723,0.0883384497875071
3078,2019-12-31,train,1,0,0.16818382,0.009581785469134444,0.08888280196432262
3093,2019-01-31,train,0,0,0.1649145,0.0004683410276634427,0.08269142236062203
3093,2019-05-31,train,0,0,0.1649145,0.001930168796453659,0.08342233624501715
3093,2019-06-30,train,0,0,0.1649145,0.0022363771081470043,0.08357544040086382
3093,2019-12-31,train,0,0,0.16818382,0.003718357317508804,0.0859510878885098
3095,2019-03-31,val,0,0,0.1649145,0.0011658293828961724,0.0830401665382384
3095,2019-11-30,val,0,0,0.2064608,0.011842787559680884,0.109151795653429
3095,2019-12-31,val,0,0,0.2064608,0.011842787559680884,0.109151795653429
3098,2019-12-31,train,0,0,0.17913072,0.02012222010641628,0.09962646910920409
3117,2019-04-30,train,0,0,0.1649145,0.0020098186377532205,0.08346216116566692
3117,2019-11-30,train,0,0,0.20689595,0.011739657053781457,0.10931780225507066
3117,2019-12-31,train,0,0,0.2064608,0.011949438806427282,0.10920512127680221
3122,2019-12-31,train,0,0,0.17853588,0.04528288157651676,0.11190938011740573
3162,2019-10-31,train,0,0,0.16760673,0.011450359521569921,0.0895285429051827
3162,2019-12-31,train,0,0,0.16818382,0.009581785469134444,0.08888280196432262
3166,2019-06-30,train,0,0,0.1649145,0.002048751889301502,0.08348162779144107
3166,2019-09-30,train,0,0,0.1886759,0.003972728274550946,0.09632431180392052
3166,2019-12-31,train,0,0,0.16818382,0.003718357317508804,0.0859510878885098
3170,2019-10-31,train,4,0,0.19981234,0.013410876551613838,0.10661160715388537
3170,2019-11-30,train,3,0,0.19981234,0.013410876551613838,0.10661160715388537
3170,2019-12-31,train,4,0,0.21485905,0.0249716725070711,0.1199153629998086
3172,2019-02-28,val,0,0,0.1649145,0.00042689738764351687,0.08267070054061207
3172,2019-05-31,val,0,0,0.1649145,0.0018763267386844088,0.08339541521613252
3172,2019-12-31,val,0,0,0.2064608,0.011842787559680884,0.109151795653429
3181,2019-12-31,train,0,0,0.22960773,0.012469264002155806,0.12103849755302645
3187,2019-03-31,train,0,0,0.16549736,0.0009199461239160136,0.083208654368797
3187,2019-11-30,train,0,0,0.20147206,0.003582325427001191,0.10252719215962562
3187,2019-12-31,train,0,0,0.20213743,0.003718357317508804,0.10292789142969327
3189,2019-10-31,train,56,1,0.8377466,0.9983120898170376,0.9180293549976302
3189,2019-11-30,train,56,1,0.8377466,0.9983120898170376,0.9180293549976302
3189,2019-12-31,train,87,1,0.8377466,0.9984706389308136,0.9181086295545181
3193,2019-02-28,train,0,0,0.1649145,0.0004022061061334071,0.08265835489985701
3193,2019-09-30,train,0,0,0.20689595,0.011573470968336464,0.10923470921234817
3193,2019-12-31,train,0,0,0.2064608,0.0065901388275081615,0.10652547128734265
3200,2019-11-30,test,0,0,0.16760673,0.007469983849230085,0.08753835506901278
3200,2019-12-31,test,0,0,0.16818382,0.00789205460804933,0.08803793653378007
3211,2019-12-31,train,0,0,0.16818382,0.009581785469134444,0.08888280196432262
3223,2019-02-28,train,0,0,0.1649145,0.0010819802627987237,0.08299824197818968
3223,2019-09-30,train,0,0,0.20366079,0.02151411299042373,0.11258744957115485
3223,2019-10-31,train,16,0,0.19404475,0.024080955449422185,0.1090628546792666
3223,2019-11-30,train,46,1,0.8377466,0.9981241320229897,0.9179353761006062
3223,2019-12-31,train,46,1,0.8377466,0.9984250487418476,0.9180858344600351
3236,2019-12-31,test,0,0,0.17853588,0.061566895639368804,0.12005138714883173
3242,2019-12-31,train,0,0,0.17869954,0.01106570408221483,0.09488262109695077
3248,2019-11-30,train,46,1,0.8377466,0.9978530928439548,0.9177998565110888
3248,2019-12-31,train,77,1,0.8377466,0.9983490307807401,0.9180478254794814
3257,2019-09-30,train,41,1,0.8377466,0.9977607520852094,0.917753686131716
3257,2019-10-31,train,41,1,0.8377466,0.9985373544745543,0.9181419873263885
3257,2019-11-30,train,71,1,0.8377466,0.9985180640779864,0.9181323421281045
3257,2019-12-31,train,102,1,0.8377466,0.9985662589269293,0.918156439552576
3258,2019-03-31,train,0,0,0.1649145,0.0005677650329783398,0.08274113436327948
3258,2019-05-31,train,0,0,0.1649145,0.0011124044114903494,0.08301345405253549
3258,2019-09-30,train,18,0,0.19991949,0.004395925127360272,0.10215770856683108
3258,2019-10-31,train,19,0,0.20689595,0.006443850108873465,0.10666989878261667
3258,2019-11-30,train,18,0,0.20689595,0.006368933697424456,0.10663244057689215
3258,2019-12-31,train,49,1,0.8377466,0.997172848722257,0.9174597344502398
3269,2019-12-31,train,0,0,0.19981234,0.01667323680127936,0.10824278727871814
3274,2019-03-31,train,0,0,0.1649145,0.00016647888012791905,0.08254049128685427
3274,2019-10-31,train,0,0,0.21342309,0.005579361115602331,0.10950122465427105
3274,2019-12-31,train,0,0,0.2657359,0.007039289376933666,0.13638759190926913
3275,2019-12-31,val,0,0,0.17201541,0.005553666849213989,0.08878454024557181
3282,2019-02-28,test,0,0,0.1649145,0.001688927599877414,0.08330171564672902
3282,2019-08-31,test,0,0,0.16552627,0.02430476971545831,0.09491552029092618
3282,2019-12-31,test,0,0,0.22071423,0.018579257703294803,0.11964674203419211
3285,2019-12-31,val,0,0,0.17809409,0.010146904164013577,0.09412049659761652
3289,2019-06-30,train,0,0,0.1649145,0.0023751854469752274,0.08364484457027793
3289,2019-12-31,train,0,0,0.16880141,0.013692217410652945,0.09124681469850197
3300,2019-12-31,val,0,0,0.2674458,0.13238626616666946,0.19991603442763406
3314,2019-02-28,test,0,0,0.1649145,0.0012278874417468646,0.08307119556766375
3314,2019-11-30,test,0,0,0.23944359,0.022816877045669263,0.13113023116113648
3314,2019-12-31,test,0,0,0.23944359,0.022816877045669263,0.13113023116113648
3325,2019-06-30,train,0,0,0.1649145,0.004536730545702057,0.08472561711964134
3325,2019-10-31,train,23,0,0.1886759,0.013216517004213446,0.10094620616875177
3325,2019-11-30,train,53,1,0.8377466,0.9971119975176816,0.9174293088479522
3325,2019-12-31,train,53,1,0.8377466,0.9967566039867705,0.9172516120824965
3328,2019-03-31,train,0,0,0.1649145,0.0013552074707403221,0.08313485558216048
3328,2019-08-31,train,54,1,0.8377466,0.9969959237638368,0.9173712719710297
3328,2019-09-30,train,84,1,0.8377466,0.9980199627021344,0.9178832914401786
3328,2019-10-31,train,115,1,0.8377466,0.9982631667425234,0.9180048934603731
3328,2019-11-30,train,145,1,0.8377466,0.9988882340382411,0.9183174271082319
3328,2019-12-31,train,0,0,0.3233335,0.025590342444775042,0.17446192213028547
3331,2019-02-28,train,0,0,0.1649145,0.0008797619262118448,0.08289713280989623
3331,2019-11-30,train,0,0,0.16760673,0.011450359521569921,0.0895285429051827
3331,2019-12-31,train,0,0,0.16760673,0.010411635162092557,0.08900918072544402
3342,2019-12-31,test,0,0,0.17441522,0.0037747702640994123,0.08909499305698791
3346,2019-02-28,train,0,0,0.1649145,0.0005136030908983947,0.08271405339223951
3346,2019-12-31,train,0,0,0.16760673,0.003518706172350369,0.08556271623057292
3361,2019-05-31,train,0,0,0.1649145,0.004674350741735969,0.0847944272176583
3361,2019-10-31,train,0,0,0.18303382,0.008453195740533815,0.0957435098537569
3361,2019-12-31,train,0,0,0.16760673,0.007466016706360643,0.08753637149757806
3363,2019-12-31,val,0,0,0.17809409,0.012438071453795335,0.0952660802425074
3369,2019-03-31,train,0,0,0.1649145,0.0006972648894808232,0.08280588429153073
3369,2019-12-31,train,0,0,0.17809409,0.012438071453795335,0.0952660802425074
3374,2019-12-31,train,56,1,0.8377466,0.9985097562636298,0.9181281882209262
3386,2019-09-30,test,0,0,0.1649145,0.0017114490131505914,0.08331297635336561
3386,2019-12-31,test,0,0,0.17201541,0.001923966504999748,0.08696969007346468
3388,2019-08-31,train,3,0,0.1649145,0.009710658622008223,0.08731258115779443
3388,2019-11-30,train,33,1,0.23157096,0.06443338929155427,0.1480021741913704
3388,2019-12-31,train,3,0,0.23157096,0.034401231126547346,0.13298609510886694
3392,2019-04-30,train,0,0,0.1649145,0.0005011898745400122,0.08270784678406032
3392,2019-07-31,train,0,0,0.1649145,0.0016535317440986796,0.08328401771883966
3392,2019-12-31,train,0,0,0.18390372,0.00835270574018828,0.09612821484767135
3409,2019-12-31,val,5,0,0.17441522,0.010726467341446994,0.0925708415956617
3410,2019-09-30,train,0,0,0.1649145,0.0025956372567187682,0.0837550704751497
3410,2019-10-31,train,0,0,0.17794809,0.004247166732791043,0.0910976270933166
3410,2019-12-31,train,0,0,0.16760673,0.003582325427001191,0.08559452585789833
3422,2019-07-31,train,0,0,0.1649145,0.005689845752062837,0.08530217472282173
3422,2019-12-31,train,0,0,0.18390372,0.01992014290105224,0.10191193342810333
3423,2019-06-30,test,0,0,0.1649145,0.00250243117970228,0.08370846743664145
3423,2019-08-31,test,1,0,0.1649145,0.006513079254030937,0.08571379147380578
3423,2019-09-30,test,0,0,0.1649145,0.007184283101531637,0.08604939339755613
3423,2019-10-31,test,31,1,0.17606965,0.009222552876644427,0.09264609997519507
3423,2019-11-30,test,61,1,0.8377466,0.9967349381045054,0.917240779141364
3423,2019-12-31,test,62,1,0.8377466,0.996808757041433,0.9172776886098278
3432,2019-06-30,train,0,0,0.1649145,0.011068475977326861,0.08799148983545374
3432,2019-12-31,train,0,0,0.22675988,0.057710646132380694,0.1422352634567772
3445,2019-12-31,val,0,0,0.44807982,0.38560665206958133,0.4168432382586066
3462,2019-12-31,train,0,0,0.17441522,0.010726467341446994,0.0925708415956617
3465,2019-12-31,test,0,0,0.17201541,0.007012435098855149,0.08951392437039239
3469,2019-03-31,train,0,0,0.1649145,0.0011110653452022796,0.08301278451939145
3469,2019-05-31,train,0,0,0.1649145,0.0008004010973961907,0.0828574523954884
3469,2019-12-31,train,0,0,0.16760673,0.011450359521569921,0.0895285429051827
3473,2019-12-31,train,0,0,0.21380943,0.020747490386523817,0.11727846049286823
3474,2019-07-31,train,47,1,0.8377466,0.9975431150036796,0.9176448675909512
3474,2019-08-31,train,78,1,0.8377466,0.9991098060187412,0.918428213098482
3474,2019-09-30,train,108,1,0.8377466,0.9992420708628974,0.9184943455205601
3474,2019-10-31,train,139,1,0.8377466,0.9994098469431024,0.9185782335606625
3474,2019-11-30,train,169,1,0.8377466,0.9995197351415059,0.9186331776598643
3474,2019-12-31,train,200,1,0.8377466,0.9994966512068071,0.9186216356925149
3479,2019-09-30,test,0,0,0.1649145,0.0037386040571122216,0.08432655387534642
3479,2019-12-31,test,0,0,0.17809409,0.009974435928774866,0.09403426247999717
3508,2019-08-31,train,0,0,0.1649145,0.0019655414697298266,0.08344002258165523
3508,2019-12-31,train,0,0,0.20689595,0.018331979503882576,0.11261396348012122
3516,2019-12-31,val,0,0,0.20689595,0.11359295051363011,0.16024444898499499
3531,2019-12-31,val,0,0,0.1886759,0.0046210529963473445,0.09664847416481873
3539,2019-06-30,train,0,0,0.16549736,0.0011293057332387244,0.08331333417345835
3539,2019-12-31,train,0,0,0.17793086,0.021435475680545157,0.09968316869602362
3565,2019-11-30,train,59,1,0.8377466,0.9962745712831494,0.917010595730686
3565,2019-12-31,train,90,1,0.8377466,0.9964527753338069,0.9170996977560149
3566,2019-09-30,train,4,0,0.1649145,0.0011222170979443005,0.08301836039576246
3566,2019-10-31,train,5,0,0.1649145,0.0013704078769211467,0.08314245578525088
3566,2019-11-30,train,4,0,0.17574498,0.002054133560912384,0.08889955706728328
3566,2019-12-31,train,5,0,0.18600048,0.0021670838710664917,0.0940837825594842
3568,2019-06-30,val,0,0,0.16549736,0.0004868472208626202,0.0829921049172703
3568,2019-09-30,val,0,0,0.16549736,0.002769514121781689,0.08413343836772984
3568,2019-12-31,val,0,0,0.17793086,0.026215788333679255,0.10207332502259067
3590,2019-06-30,train,0,0,0.1649145,0.00048764187009425243,0.08270107278183744
3590,2019-10-31,train,5,0,0.1649145,0.0029007154414654257,0.08390760956752302
3590,2019-11-30,train,4,0,0.19048211,0.007133436512125263,0.0988077731486026
3590,2019-12-31,train,0,0,0.1899865,0.010395608282534524,0.10019105272315355
3597,2019-12-31,test,0,0,0.26661587,0.036136318110713134,0.15137609286272963
3606,2019-10-31,test,0,0,0.1649145,0.0015905039214234031,0.08325250380750202
3606,2019-12-31,test,0,0,0.18390372,0.004439009413083974,0.0941713666841192
3608,2019-12-31,train,0,0,0.18637325,0.0010366234303545168,0.09370493606334086
3623,2019-07-31,train,0,0,0.1649145,0.0023525359790716235,0.08363351983632612
3623,2019-09-30,train,0,0,0.1649145,0.004339600907208308,0.08462705230039447
3623,2019-10-31,train,0,0,0.1649145,0.004588939238438273,0.08475172146600946
3623,2019-12-31,train,0,0,0.20366079,0.009509446532614476,0.10658511634225024
3631,2019-05-31,val,0,0,0.1649145,0.00020530831275210153,0.08255990600316636
3631,2019-07-31,val,0,0,0.1649145,0.0005064728147061701,0.0827104882541434
3631,2019-12-31,val,0,0,0.17888087,0.0027606023704920993,0.09082073635637337
3635,2019-12-31,val,0,0,0.17888087,0.011415767514810467,0.09514831892853255
3637,2019-12-31,train,0,0,0.20140012,0.0076326388409410605,0.10451637746347361
3639,2019-06-30,train,0,0,0.1649145,0.00047923799827091903,0.08269687084592578
3639,2019-12-31,train,0,0,0.17905962,0.004677651832085853,0.09186863825201094
3644,2019-12-31,val,0,0,0.17942154,0.0006530328858576984,0.09003728848043495
3656,2019-06-30,train,0,0,0.1649145,0.0007289167365929002,0.08282171021508676
3656,2019-07-31,train,0,0,0.1649145,0.0019643111208331857,0.0834394074072069
3656,2019-12-31,train,0,0,0.18560687,0.00952438490136612,0.09756562598816627
3658,2019-12-31,val,0,0,0.18570325,0.007889932538866858,0.09679659016221755
3662,2019-12-31,val,0,0,0.17942154,0.005263161942979634,0.09234235300899592
3663,2019-12-31,train,0,0,0.19301659,0.009620904501004184,0.10131874659445046
3667,2019-12-31,test,0,0,0.1738733,0.01460726297189756,0.09424028414631866
3670,2019-08-31,train,0,0,0.1649145,0.0006515835778293636,0.08278304363570499
3670,2019-12-31,train,0,0,0.17752899,0.0037268470493660314,0.09062791967231562
3674,2019-07-31,train,0,0,0.1649145,0.0019271765283152532,0.08342084011094794
3674,2019-12-31,train,0,0,0.2416149,0.006167574920189253,0.12389123399949664
3675,2019-12-31,test,0,0,0.17574498,0.0025929791070401246,0.08916897984034715
3683,2019-12-31,test,41,1,0.8377466,0.9976907274158545,0.9177186737970386
3687,2019-07-31,train,0,0,0.1649145,0.0004873168083020592,0.08270091025094134
3687,2019-08-31,train,0,0,0.1649145,0.0012256462038905836,0.08307007494873561
3687,2019-12-31,train,0,0,0.17388299,0.006936432506344596,0.09040971179093017
3701,2019-11-30,val,0,0,0.1649145,0.0027297350652219993,0.08382211937940132
3701,2019-12-31,val,0,0,0.19592316,0.004798513226549166,0.10036083885671712
3704,2019-09-30,train,0,0,0.1649145,0.0020696239837547843,0.08349206383866771
3704,2019-10-31,train,0,0,0.1649145,0.0026575027130172875,0.08378600320329896
3704,2019-12-31,train,0,0,0.19048211,0.011156396582104957,0.10081925318359246
3706,2019-07-31,train,0,0,0.1649145,0.000525816283149515,0.08272015998836507
3706,2019-12-31,train,0,0,0.17388299,0.007127297951291875,0.09050514451340382
3708,2019-12-31,test,0,0,0.17095135,0.013170124003002007,0.09206073776320067
3709,2019-07-31,train,0,0,0.1649145,0.001006371692858875,0.08296043769321976
3709,2019-08-31,train,0,0,0.1649145,0.0009249799854790069,0.08291974183952981
3709,2019-10-31,train,0,0,0.1649145,0.002048751889301502,0.08348162779144107
3709,2019-12-31,train,0,0,0.19048211,0.004105717518238108,0.09729391365165903
3717,2019-10-31,val,0,0,0.1649145,0.0017461749566597248,0.08333033932512017
3717,2019-12-31,val,0,0,0.17488405,0.004292083463079053,0.08958806727379874
3720,2019-12-31,test,0,0,0.19061388,0.017906029489766648,0.1042599551216419
3721,2019-12-31,train,0,0,0.19061388,0.01981358488225178,0.10521373281788446
3724,2019-05-31,train,0,0,0.16537526,0.0002949486194438766,0.08283510555914973
3724,2019-11-30,train,0,0,0.16537526,0.005531393897942019,0.0854533281983988
3724,2019-12-31,train,0,0,0.16537526,0.005396326152842025,0.08538579432584881
3732,2019-08-31,train,0,0,0.1649145,0.002911247404054268,0.08391287554881745
3732,2019-12-31,train,0,0,0.1649145,0.006846176086132773,0.0858803398898567
3738,2019-12-31,train,0,0,0.1649145,0.00476462266493432,0.08483956317925748
3743,2019-10-31,test,0,0,0.1649145,0.0022927709102617167,0.08360363730192118
3743,2019-12-31,test,0,0,0.1649145,0.004440391539704088,0.08467744761664235
3744,2019-10-31,train,0,0,0.16552627,0.003375509689353249,0.08445089027787364
3744,2019-12-31,train,0,0,0.16552627,0.0026753863435991405,0.0841008286049966
3751,2019-12-31,test,0,0,0.1649145,0.003115467320640255,0.08401498550711044
3755,2019-09-30,train,0,0,0.16537526,0.0013670441057655682,0.08337115330231058
3755,2019-10-31,train,0,0,0.16537526,0.003832595401677734,0.08460392895026667
3755,2019-12-31,train,0,0,0.16537526,0.004788023609841419,0.08508164305434851
3757,2019-12-31,test,56,1,0.8377466,0.9966773032144759,0.9172119616963492
3759,2019-05-31,train,0,0,0.1649145,0.0003744772134387679,0.0826444904535097
3759,2019-07-31,train,0,0,0.1649145,0.00041069083012155603,0.08266259726185109
3759,2019-09-30,train,0,0,0.1704597,0.0013144563320371546,0.08588707947150336
3759,2019-10-31,train,17,0,0.17108782,0.005771080043282877,0.08842944820044775
3759,2019-11-30,train,0,0,0.17711991,0.004632415580442321,0.09087616314872642
3759,2019-12-31,train,0,0,0.17711991,0.005747367113246432,0.09143363891512847
3764,2019-12-31,train,0,0,0.16537526,0.005884087622535309,0.08562967506069545
3767,2019-12-31,train,0,0,0.16549736,0.003889856406826885,0.08469360951025243
3773,2019-09-30,train,0,0,0.1649145,0.0015544156404767799,0.0832344596670287
3773,2019-12-31,train,0,0,0.1649145,0.005682988167928452,0.08529874593075454
3779,2019-06-30,train,0,0,0.16549736,0.0006961108262823987,0.08309673671998019
3779,2019-12-31,train,0,0,0.16549736,0.006179472129743113,0.08583841737171055
3785,2019-11-30,val,0,0,0.1649145,0.0037386040571122216,0.08432655387534642
3785,2019-12-31,val,0,0,0.1649145,0.005103621447666523,0.08500906257062357
3787,2019-08-31,train,0,0,0.1649145,0.0007588937535027674,0.0828366987235417
3787,2019-10-31,train,0,0,0.16552627,0.0022188342642117213,0.08387255256530288
3787,2019-11-30,train,0,0,0.17711991,0.007189042361869763,0.09215447653944013
3787,2019-12-31,train,0,0,0.17711991,0.009002007070067335,0.09306095889353892
3790,2019-12-31,test,0,0,0.16537526,0.0039391214329729946,0.08465719196591429
3798,2019-12-31,train,0,0,0.1649145,0.004825461582327253,0.08486998263795394
3800,2019-09-30,train,0,0,0.1649145,0.0028477007623331093,0.08388110222795687
3800,2019-11-30,train,15,0,0.1649145,0.005210978327823631,0.08506274101070213
3800,2019-12-31,train,16,0,0.1649145,0.007354000510883206,0.08613425210223191
3806,2019-07-31,train,0,0,0.1649145,0.00042689738764351687,0.08267070054061207
3806,2019-12-31,train,0,0,0.1649145,0.0027297350652219993,0.08382211937940132
3808,2019-07-31,val,0,0,0.1649145,0.0005452858157890583,0.08272989475468484
3808,2019-10-31,val,0,0,0.1649145,0.0011071448459193582,0.08301082426975
3808,2019-12-31,val,0,0,0.1649145,0.002256945495962771,0.0835857245947717
3810,2019-12-31,val,0,0,0.1649145,0.008140213262053962,0.0865273584778173
3817,2019-12-31,train,0,0,0.1649145,0.006940397263744831,0.08592745047866272
3819,2019-09-30,train,0,0,0.1649145,0.002177174549577707,0.08354583912157917
3819,2019-12-31,train,0,0,0.1649145,0.004723504618436061,0.08481900415600835
3838,2019-10-31,val,0,0,0.1649145,0.005471481421923633,0.08519299255775213
3838,2019-12-31,val,0,0,0.1649145,0.012700381232050511,0.08880744246281556
3843,2019-12-31,val,0,0,0.1649145,0.0026833443778149267,0.08379892403569777
3847,2019-12-31,train,0,0,0.1649145,0.012700381232050511,0.08880744246281556
3848,2019-12-31,val,0,0,0.16537526,0.001348269665031676,0.08336176608194364
3850,2019-10-31,train,0,0,0.1649145,0.0017493487809292808,0.08333192623725495
3850,2019-12-31,train,0,0,0.1649145,0.0015629241413022941,0.08323871391744146
3864,2019-12-31,train,0,0,0.1649145,0.010161498679572388,0.08753800118657651
3869,2019-10-31,test,0,0,0.1649145,0.003484665025615723,0.08419958435959818
3869,2019-11-30,test,0,0,0.1649145,0.004509188263281121,0.08471184597843087
3869,2019-12-31,test,0,0,0.1649145,0.006393931829411113,0.08565421776149587
3870,2019-10-31,train,0,0,0.1649145,0.00195996960336884,0.08343723664847473
3870,2019-12-31,train,0,0,0.1649145,0.0014030867199321879,0.08315879520675641
3887,2019-11-30,train,0,0,0.16537526,0.0057419129427790745,0.08555858772081733
3887,2019-12-31,train,0,0,0.16537526,0.006738058949915563,0.08605666072438557
3888,2019-08-31,test,0,0,0.16537526,0.00037764748404826935,0.08287645499145194
3888,2019-12-31,test,0,0,0.16537526,0.0024109448149874486,0.08389310365692151
3892,2019-11-30,val,56,1,0.8377466,0.9910936249064068,0.9144201225423148
3892,2019-12-31,val,56,1,0.8377466,0.993879859649646,0.9158132399139343
3893,2019-12-31,train,0,0,0.1649145,0.0015916528868344692,0.08325307829020755
3894,2019-11-30,train,0,0,0.16537526,0.0033705067242625003,0.08437288461155905
3894,2019-12-31,train,0,0,0.16537526,0.0024678462655185573,0.08392155438218707
3895,2019-12-31,val,0,0,0.1649145,0.007682049780131531,0.08629827673685608
3897,2019-10-31,test,0,0,0.1649145,0.0013285362574120716,0.08312151997549636
3897,2019-12-31,test,0,0,0.1649145,0.004172540317272959,0.0845435220054268
3900,2019-11-30,train,0,0,0.1649145,0.0021222204954614915,0.08351836209452106
3900,2019-12-31,train,0,0,0.1649145,0.0028679894299261806,0.08389124656175341
3901,2019-11-30,val,0,0,0.1649145,0.0027200048271266495,0.08381725426035364
3901,2019-12-31,val,0,0,0.1649145,0.0037386040571122216,0.08432655387534642
3902,2019-12-31,test,0,0,0.1649145,0.0022400520079372656,0.08357727785075894
3917,2019-12-31,train,0,0,0.1649145,0.0047855840635745986,0.08485004387857761
3919,2019-09-30,train,0,0,0.16537526,0.0015890608301236892,0.08348216166448964
3919,2019-12-31,train,0,0,0.16537526,0.002939060953925589,0.0841571617263906
3933,2019-12-31,train,0,0,0.1649145,0.0028743599536295342,0.08389443182360508
3934,2019-11-30,train,52,1,0.8377466,0.992880496617449,0.9153135583978358
3934,2019-12-31,train,0,0,0.1649145,0.0027852745329476104,0.08384988911326412
3936,2019-07-31,val,0,0,0.1649145,0.0013054511318548766,0.08310997741271775
3936,2019-09-30,val,0,0,0.1649145,0.002961909827448104,0.08393820676051436
3936,2019-12-31,val,0,0,0.18606243,0.027543804328838756,0.10680311485191175
3947,2019-12-31,train,0,0,0.1649145,0.002098199346022603,0.08350635151980161
3948,2019-12-31,test,0,0,0.1649145,0.005210978327823631,0.08506274101070213
3954,2019-12-31,train,0,0,0.16537526,0.005531393897942019,0.0854533281983988
3966,2019-12-31,train,0,0,0.1649145,0.0038568699358713606,0.084385686814726
3973,2019-12-31,test,0,0,0.1649145,0.001333731518094181,0.0831241176058374
3975,2019-07-31,train,0,0,0.1649145,0.0008731275379080155,0.08289381561574433
3975,2019-12-31,train,0,0,0.16552627,0.007325027807811296,0.08642564933710267
3978,2019-10-31,val,0,0,0.16537526,0.0012185022575969728,0.08329688237822629
3978,2019-12-31,val,0,0,0.16537526,0.0053077881515989946,0.08534152532522729
3979,2019-09-30,val,0,0,0.1649145,0.001494689588057531,0.08320459664081908
3979,2019-12-31,val,0,0,0.18606243,0.016192006804442733,0.10112721608971374
3989,2019-12-31,train,0,0,0.1649145,0.0011577919582686827,0.08303614782592465
3990,2019-10-31,val,0,0,0.16537526,0.000994750959423879,0.08318500672913974
3990,2019-12-31,val,0,0,0.16537526,0.0022078544468242312,0.08379155847283991
3992,2019-12-31,train,0,0,0.1649145,0.005391470547165651,0.08515298712037314
3993,2019-12-31,train,0,0,0.16537526,0.0033236459924629756,0.08434945424565929
4007,2019-11-30,train,0,0,0.1649145,0.0008345594823645769,0.0828745315879726
4007,2019-12-31,train,4,0,0.1649145,0.0008340271104275258,0.08287426540200407
4008,2019-11-30,train,0,0,0.16552627,0.0006474393356549748,0.08308685510102451
4008,2019-12-31,train,0,0,0.16552627,0.0015637903798464755,0.08354503062312026
4009,2019-12-31,train,0,0,0.1649145,0.003490173990789505,0.08420233884218506
4012,2019-12-31,train,0,0,0.16552627,0.003317765580958032,0.08442201822367604
4024,2019-12-31,train,5,0,0.1649145,0.0017435131647063568,0.0833290084291435
4026,2019-12-31,test,0,0,0.1649145,0.00204596894533534,0.08348023631945799
4027,2019-09-30,val,0,0,0.16537526,0.0004218798874993029,0.08289857119317745
4027,2019-12-31,val,0,0,0.16537526,0.0033705067242625003,0.08437288461155905
4029,2019-10-31,test,0,0,0.1649145,0.003479060120379401,0.08419678190698002
4029,2019-12-31,test,0,0,0.1649145,0.005883967203733698,0.08539923544865716
4035,2019-12-31,train,0,0,0.1649145,0.002303124715064431,0.08360881420432253
4036,2019-12-31,train,0,0,0.1649145,0.003397982217074637,0.08415624295532763
4038,2019-12-31,val,0,0,0.16549736,0.002069228444762888,0.08378329552922044
4048,2019-08-31,train,0,0,0.16552627,0.00010179272414715494,0.0828140317952706
4048,2019-12-31,train,0,0,0.16552627,0.0005229165760347855,0.08302459372121442
4052,2019-09-30,val,0,0,0.1649145,0.0011751552883824039,0.08304482949098152
4052,2019-10-31,val,0,0,0.1649145,0.003761664165960221,0.08433808392977042
4052,2019-12-31,val,0,0,0.1649145,0.005821729544265815,0.08536811661892323
4054,2019-12-31,train,0,0,0.1649145,0.003929971562576074,0.08442223762807835
4058,2019-12-31,train,0,0,0.1649145,0.0011848640569928981,0.08304968387528676
4063,2019-12-31,val,0,0,0.1649145,0.0011189989973729901,0.08301675134547681
4064,2019-12-31,val,0,0,0.1649145,0.005328818413681017,0.08512166105363082
4066,2019-12-31,train,0,0,0.1649145,0.0011189989973729901,0.08301675134547681
4069,2019-10-31,test,0,0,0.16552627,0.0006889479522400175,0.08310760940931702
4069,2019-12-31,test,0,0,0.16552627,0.0006031079929318059,0.08306468942966293
4070,2019-11-30,val,51,1,0.8377466,0.9848200800425431,0.9112833501103829
4070,2019-12-31,val,82,1,0.8377466,0.9905308612124399,0.9141387406953313
4076,2019-12-31,train,0,0,0.1649145,0.0015922869592831946,0.08325339532643192
4077,2019-10-31,test,0,0,0.1649145,0.0010172687445803151,0.08296588621908046
4077,2019-12-31,test,0,0,0.1649145,0.0015189344620512798,0.08321671907781596
4078,2019-12-31,val,0,0,0.181441,0.0007642696762807625,0.0911026319098834
4080,2019-12-31,train,0,0,0.1649145,0.003501026579769561,0.08420776513667509
4088,2019-09-30,train,0,0,0.1649145,0.00042689738764351687,0.08267070054061207
4088,2019-12-31,train,0,0,0.1649145,0.0016973601493919528,0.08330593192148629
4090,2019-10-31,train,0,0,0.1649145,0.001481206400401345,0.08319785504699098
4090,2019-12-31,train,0,0,0.1649145,0.001448883673369463,0.08318169368347504
4095,2019-11-30,test,0,0,0.1649145,0.001280895849366096,0.08309769977147337
4095,2019-12-31,test,0,0,0.1649145,0.0012788388637003463,0.08309667127864048
4100,2019-10-31,val,0,0,0.1649145,0.0007299891993697251,0.08282224644647518
4100,2019-12-31,val,0,0,0.1649145,0.0032416257459730864,0.08407806471977686
4105,2019-12-31,test,0,0,0.1649145,0.004733664475355187,0.08482408408446791
4107,2019-12-31,train,0,0,0.1649145,0.0025650037985372126,0.08373975374605892
4110,2019-12-31,train,0,0,0.1649145,0.00211059242910539,0.083512548061343
4111,2019-12-31,train,0,0,0.16537526,0.0016108328008467942,0.08349304764985119
4113,2019-12-31,train,3,0,0.16537526,0.005644013973223404,0.08550963823603949
4117,2019-12-31,train,0,0,0.16549736,0.0031913788060323666,0.08434437070985518
4122,2019-12-31,test,0,0,0.1649145,0.004221350443845324,0.08456792706871298
4125,2019-11-30,train,0,0,0.16826606,0.0002941983192546014,0.08428012814369712
4125,2019-12-31,train,0,0,0.16826606,0.0006474815481852322,0.08445676975816244
4134,2019-12-31,test,0,0,0.1649145,0.0015009372193128003,0.08320772045644671
4136,2019-12-31,train,0,0,0.16552627,0.002333072816291907,0.08392967184134298
4137,2019-12-31,train,0,0,0.1704597,0.0014920202791504267,0.08597586144505999
4149,2019-12-31,train,0,0,0.1649145,0.0025161862758353104,0.08371534498470797
4153,2019-12-31,test,31,1,0.1649145,0.0007284939789106511,0.08282149883624564
4160,2019-10-31,train,0,0,0.1649145,0.00048637209761540876,0.08270043789559801
4160,2019-12-31,train,0,0,0.1649145,0.0009993133782435074,0.08295690853591206
4161,2019-12-31,train,0,0,0.1649145,0.0015079341980815883,0.08321121894583111
4165,2019-12-31,val,0,0,0.16537526,0.0011612214663823976,0.08326824198261899
4174,2019-12-31,test,0,0,0.1649145,0.0015656782101792954,0.08324009095187997
4183,2019-12-31,train,0,0,0.16537526,0.0018186891756977123,0.08359697583727665
4191,2019-10-31,train,0,0,0.1649145,0.0003453433330886682,0.08262992351333465
4191,2019-12-31,train,0,0,0.1649145,0.0007332811443024092,0.08282389241894152
4194,2019-12-31,train,0,0,0.1649145,0.005553417779752618,0.08523396073666663
4198,2019-12-31,train,0,0,0.1649145,0.0012469546323260246,0.08308072916295332
4205,2019-10-31,train,0,0,0.1649145,0.0005362591254355953,0.08272538140950811
4205,2019-12-31,train,0,0,0.1649145,0.0012153109385062454,0.08306490731604343
4210,2019-09-30,train,0,0,0.1649145,0.0003756208347937003,0.08264506226418716
4210,2019-12-31,train,0,0,0.1649145,0.000923955844444547,0.08291922976901259
4211,2019-12-31,train,0,0,0.1649145,0.0021937305058907647,0.0835541170997357
4217,2019-12-31,val,0,0,0.1649145,0.0017621954639830727,0.08333834957878185
4219,2019-10-31,train,0,0,0.16537526,0.00040953533913524353,0.08289239891899541
4219,2019-12-31,train,0,0,0.16537526,0.0014244228559131928,0.08339984267738439
4222,2019-09-30,train,0,0,0.1649145,0.001096067367174166,0.08300528553037739
4222,2019-12-31,train,0,0,0.1649145,0.004471424123873487,0.08469296390872706
4223,2019-10-31,train,0,0,0.1649145,0.0013862933382399918,0.08315039851591031
4223,2019-12-31,train,0,0,0.1649145,0.0032577942176715375,0.08408614895562608
4225,2019-12-31,val,0,0,0.16826606,0.0003386140858549294,0.08430233602699728
4226,2019-12-31,train,0,0,0.1649145,0.0026753344947024835,0.08379491909414155
4230,2019-12-31,train,0,0,0.1649145,0.0011970434087756954,0.08305577355117816
4239,2019-09-30,test,0,0,0.16537526,0.0002588334331412648,0.08281704796599842
4239,2019-10-31,test,0,0,0.16537526,0.0002588334331412648,0.08281704796599842
4239,2019-12-31,test,0,0,0.16537526,0.0007866976999731802,0.08308098009941439
4252,2019-12-31,test,0,0,0.16537526,0.0009004913437071522,0.08313787692128137
4255,2019-12-31,val,0,0,0.1649145,0.0009263834133927122,0.08292044355348667
4256,2019-12-31,train,0,0,0.1649145,0.0004814942704053445,0.08269799898199298
4259,2019-12-31,train,0,0,0.1649145,0.001960160105581041,0.08343733189958083
4262,2019-12-31,test,0,0,0.1649145,0.001996653959181434,0.08345557882638104
4264,2019-10-31,train,0,0,0.1649145,0.0005902430557333667,0.082752373374657
4264,2019-12-31,train,0,0,0.1649145,0.0009249799854790069,0.08291974183952981
4271,2019-12-31,train,0,0,0.16537526,0.0007940016308740775,0.08308463206486483
4274,2019-12-31,train,0,0,0.16552627,0.0003259929573636402,0.08292613191187884
4278,2019-11-30,train,0,0,0.1649145,0.00038146033931332117,0.08264798201644698
4278,2019-12-31,train,0,0,0.1649145,0.0010108274262056512,0.08296266555989314
4282,2019-12-31,test,0,0,0.16549736,0.0004868472208626202,0.0829921049172703
4285,2019-12-31,train,0,0,0.1649145,0.0008991587617355019,0.08290683122765806
4287,2019-12-31,train,0,0,0.1649145,0.0003657832120188679,0.08264014345279974
4288,2019-12-31,train,0,0,0.1649145,0.001043084454993563,0.0829787940742871
4294,2019-10-31,test,0,0,0.1649145,0.0003756208347937003,0.08264506226418716
4294,2019-12-31,test,0,0,0.1649145,0.0003755266286817949,0.08264501516113121
4295,2019-12-31,val,0,0,0.16651247,0.0001595022809354783,0.08333598834931097
4297,2019-12-31,train,0,0,0.1649145,0.000850137471067636,0.08288232058232413
4299,2019-12-31,train,0,0,0.1649145,0.0005011898745400122,0.08270784678406032
4302,2019-10-31,train,0,0,0.1649145,0.00042689738764351687,0.08267070054061207
4302,2019-12-31,train,0,0,0.1649145,0.0004302863231822538,0.08267239500838144
4303,2019-12-31,train,0,0,0.1649145,0.0002002603479962989,0.08255738202078847
4306,2019-12-31,train,0,0,0.16651247,0.0001744633669562451,0.08334346889232136
4311,2019-12-31,train,0,0,0.1649145,0.0005958165357614972,0.08275516011467106
4318,2019-12-31,train,0,0,0.16537526,0.0003773089079498419,0.08287628570340272
4320,2019-12-31,train,0,0,0.16549736,0.0010036084157866289,0.0832504855147323
4329,2019-12-31,val,0,0,0.16537526,0.00040818196698069536,0.08289172223291814
4331,2019-12-31,train,0,0,0.16549736,0.003348414961791701,0.08442288878773484
4335,2019-12-31,train,0,0,0.1649145,0.0007216896319851313,0.08281809666278288
4337,2019-12-31,val,0,0,0.16537526,0.0001918196220328519,0.08278354106044422
4343,2019-12-31,train,0,0,0.16552627,0.00030941678926882854,0.08291784382783143
4347,2019-12-31,val,0,0,0.1649145,0.0007516953561035176,0.08283309952484207
4348,2019-12-31,train,0,0,0.1649145,0.0003756208347937003,0.08264506226418716
4349,2019-12-31,train,0,0,0.1649145,0.000800530236152003,0.08285751696486632
4350,2019-12-31,train,0,0,0.1649145,0.0005504632129823854,0.0827324834532815
4351,2019-12-31,test,0,0,0.1649145,0.0009199461239160136,0.08291722490874832
4352,2019-12-31,train,0,0,0.16537526,0.0002949486194438766,0.08283510555914973
4353,2019-12-31,test,0,0,0.16552627,0.00010179272414715494,0.0828140317952706
4358,2019-12-31,train,0,0,0.16552627,0.00016307809342374095,0.0828446744799089
4360,2019-12-31,train,0,0,0.16537526,0.0017963783448195188,0.08358582042183756
4361,2019-12-31,train,1,0,0.1649145,0.0002651810094424116,0.08258984235151152
4363,2019-12-31,val,0,0,0.1649145,0.0004883905259918094,0.08270144710978622
4364,2019-12-31,train,0,0,0.1649145,0.00020530831275210153,0.08255990600316636
4365,2019-12-31,train,0,0,0.1649145,0.000525816283149515,0.08272015998836507
4367,2019-12-31,test,0,0,0.1649145,0.0005398485414685013,0.08272717611752456
4371,2019-12-31,val,0,0,0.16537526,0.0002989732553639189,0.08283711787710976
4372,2019-12-31,train,0,0,0.1649145,0.0013363934800815457,0.08312544858683109
4375,2019-12-31,train,0,0,0.1649145,0.0006972648894808232,0.08280588429153073
4380,2019-12-31,val,0,0,0.1649145,0.0013363934800815457,0.08312544858683109
4381,2019-12-31,train,0,0,0.1649145,0.00042689738764351687,0.08267070054061207
4382,2019-12-31,train,0,0,0.16537526,0.0003100220661073244,0.08284264228248146
4383,2019-12-31,train,0,0,0.16537526,0.0002801669256939441,0.08282771471227476
4384,2019-12-31,test,0,0,0.16552627,0.00016007877402631979,0.08284317482021018
4385,2019-12-31,train,0,0,0.1649145,0.000653004238601755,0.0827837539660912
4386,2019-12-31,train,0,0,0.1649145,0.0011932024828207942,0.08305385308820071
4387,2019-12-31,train,0,0,0.16537526,0.00020523985771497342,0.08279025117828528
4388,2019-12-31,train,0,0,0.1649145,0.00028742231256521504,0.08260096300307292
4389,2019-12-31,test,0,0,0.1649145,0.0005235083259127059,0.08271900600974667
4390,2019-12-31,train,0,0,0.1649145,0.000730353317178627,0.08282242850537963
4391,2019-12-31,train,0,0,0.1649145,0.0007665646272902969,0.08284053416043546
4392,2019-12-31,train,0,0,0.1649145,0.0012801445702658861,0.08309732413192325
4393,2019-12-31,test,0,0,0.1649145,0.0012656276542881257,0.08309006567393437
4394,2019-12-31,val,0,0,0.1649145,0.0003744772134387679,0.0826444904535097
4395,2019-12-31,train,0,0,0.1649145,0.000730353317178627,0.08282242850537963
4396,2019-12-31,train,0,0,0.1649145,0.00048157784120326776,0.08269804076739194
4397,2019-12-31,train,0,0,0.16552627,0.0001246907258838212,0.08282548079613893
4398,2019-12-31,val,0,0,0.16537526,0.0003893783929044741,0.08288232044588004
4399,2019-12-31,test,0,0,0.16764621,0.0001800562406105888,0.08391313530328488
4403,2017-07-31,val,26,0,0.1731107,0.0009219819317589615,0.08701633781245999
4403,2017-08-31,val,26,0,0.1731107,0.0008705235769833417,0.08699060863507217
4403,2017-09-30,val,25,0,0.21598801,0.0007517237116246021,0.10836986693985008
4403,2017-10-31,val,56,1,0.8377466,0.9848933695364294,0.9113199948573261
4403,2017-11-30,val,86,1,0.8377466,0.9813787948847741,0.9095627075314984
4403,2017-12-31,val,117,1,0.8377466,0.9786256363287777,0.9081861282535002
4403,2018-01-31,val,148,1,0.8377466,0.974570029471867,0.9061583248250449
4403,2018-02-28,val,176,1,0.8377466,0.9739104349597616,0.9058285275689921
4403,2018-03-31,val,207,1,0.8377466,0.9814346130975732,0.909590616637898
4403,2018-04-30,val,237,1,0.8377466,0.9821730428234434,0.909959831500833
4403,2018-05-31,val,268,1,0.8377466,0.9881292202521698,0.9129379202151962
4403,2018-06-30,val,298,1,0.8377466,0.9890460278425935,0.9133963240104082
4403,2018-07-31,val,329,1,0.8377466,0.9885753915150701,0.9131610058466464
4403,2018-08-31,val,360,1,0.8377466,0.9885753915150701,0.9131610058466464
4403,2018-09-30,val,390,1,0.8377466,0.9885753915150701,0.9131610058466464
4403,2018-10-31,val,421,1,0.8377466,0.9885753915150701,0.9131610058466464
4403,2018-11-30,val,451,1,0.8377466,0.9888217681747923,0.9132841941765075
4403,2018-12-31,val,482,1,0.8377466,0.9888217681747923,0.9132841941765075
4403,2019-01-31,val,513,1,0.8377466,0.9969520072568624,0.9173493137175426
4403,2019-02-28,val,541,1,0.8377466,0.9888217681747923,0.9132841941765075
4403,2019-03-31,val,572,1,0.8377466,0.9888217681747923,0.9132841941765075
4403,2019-04-30,val,602,1,0.8377466,0.9888217681747923,0.9132841941765075
4403,2019-05-31,val,633,1,0.8377466,0.9888217681747923,0.9132841941765075
4403,2019-06-30,val,663,1,0.8377466,0.9888217681747923,0.9132841941765075
4403,2019-07-31,val,694,1,0.8377466,0.9888217681747923,0.9132841941765075
4403,2019-08-31,val,725,1,0.8377466,0.9888217681747923,0.9132841941765075
4403,2019-09-30,val,755,1,0.8377466,0.98947953502348,0.9136130776008513
4403,2019-10-31,val,786,1,0.8377466,0.98947953502348,0.9136130776008513
4403,2019-11-30,val,816,1,0.8377466,0.98947953502348,0.9136130776008513
4403,2019-12-31,val,847,1,0.8377466,0.98947953502348,0.9136130776008513
4404,2017-06-30,train,0,0,0.1731107,0.001616565541700901,0.08736362961743095
4404,2017-07-31,train,0,0,0.1731107,0.0014336348459319155,0.08727216426954647
4404,2017-08-31,train,0,0,0.1731107,0.001480357638132858,0.08729552566564694
4404,2017-09-30,train,0,0,0.18859032,0.0014200152144098685,0.09500516658948185
4404,2017-10-31,train,0,0,0.21046661,0.002517398776793996,0.10649200359095361
4404,2017-11-30,train,0,0,0.19589795,0.0020482729981140375,0.09897311236012955
4404,2017-12-31,train,0,0,0.19589795,0.001935918621922239,0.09891693517203366
4404,2018-01-31,train,0,0,0.19589795,0.002045187488690543,0.09897156960541781
4404,2018-02-28,train,0,0,0.19589795,0.0018594865016489086,0.098878719111897
4404,2018-03-31,train,0,0,0.19589795,0.0010865439605711237,0.0984922478413581
4404,2018-04-30,train,0,0,0.19589795,0.0010946213086014175,0.09849628651537325
4404,2018-05-31,train,0,0,0.24437276,0.005363391816604913,0.12486807355284134
4404,2018-06-30,train,0,0,0.24468796,0.00516335523997336,0.12492565739589229
4404,2018-07-31,train,0,0,0.23062974,0.004905173813556865,0.1177674579795476
4404,2018-08-31,train,0,0,0.23062974,0.00470182800500844,0.11766578507527338
4404,2018-09-30,train,0,0,0.23062974,0.0048766887587317455,0.11775321545213503
4404,2018-10-31,train,0,0,0.23062974,0.00505917710079572,0.11784445962316703
4404,2018-11-30,train,0,0,0.23062974,0.008011758212704959,0.11932075017912164
4404,2018-12-31,train,0,0,0.25261587,0.02005759721183314,0.13633673312854536
4404,2019-01-31,train,0,0,0.25261587,0.008825199064757268,0.13072053405500741
4404,2019-02-28,train,0,0,0.2464346,0.023899922724133684,0.13516726094264087
4404,2019-03-31,train,0,0,0.22566737,0.03814172217472537,0.13190454726032488
4404,2019-04-30,train,0,0,0.22566737,0.03377544473953387,0.12972140854272912
4404,2019-05-31,train,16,0,0.22566737,0.04337633490190095,0.13452185362391267
4404,2019-06-30,train,0,0,0.22566737,0.04971182743709517,0.13768959989150978
4404,2019-07-31,train,0,0,0.22566737,0.04957397123358287,0.13762067178975362
4404,2019-08-31,train,0,0,0.22566737,0.04957397123358287,0.13762067178975362
4404,2019-09-30,train,0,0,0.30863774,0.04266902713123673,0.17565338267954048
4404,2019-10-31,train,0,0,0.30863774,0.0302836544619801,0.16946069634491218
4404,2019-11-30,train,15,0,0.30863774,0.0302836544619801,0.16946069634491218
4404,2019-12-31,train,46,1,0.8377466,0.9950420011054671,0.9163943106418448
4405,2017-06-30,train,46,1,0.43634295,0.4980473264958919,0.467195140565756
4405,2017-07-31,train,16,0,0.3139391,0.10799209503955175,0.2109655947915044
4405,2017-08-31,train,47,1,0.8377466,0.9989283305661996,0.9183374753722111
4405,2017-09-30,train,77,1,0.8377466,0.9990919599450531,0.9184192900616379
4405,2017-10-31,train,77,1,0.8377466,0.9984411597621272,0.9180938899701749
4405,2017-11-30,train,107,1,0.8377466,0.9983944332823412,0.918070526730282
4405,2017-12-31,train,0,0,0.1843609,0.010849446727702543,0.0976051766047227
4405,2018-01-31,train,0,0,0.1843609,0.010492774297308176,0.09742684038952552
4405,2018-02-28,train,0,0,0.20847613,0.010680515685019145,0.1095783209395097
4405,2018-03-31,train,0,0,0.20847613,0.008155746053384351,0.1083159361236923
4405,2018-04-30,train,0,0,0.20847613,0.0076833672392697065,0.10807974671663498
4405,2018-05-31,train,0,0,0.1774169,0.00619792707541676,0.09180741641809091
4405,2018-06-30,train,0,0,0.1774169,0.005103593743174294,0.09126024975196968
4405,2018-07-31,train,0,0,0.1774169,0.005103593743174294,0.09126024975196968
4405,2018-08-31,train,0,0,0.1774169,0.004717765069109015,0.09106733541493704
4405,2018-09-30,train,0,0,0.1774169,0.004680094196501277,0.09104849997863318
4405,2018-10-31,train,0,0,0.1774169,0.00479309914469666,0.09110500245273087
4405,2018-11-30,train,0,0,0.1774169,0.004797389583543375,0.09110714767215422
4405,2018-12-31,train,0,0,0.1774169,0.004797389583543375,0.09110714767215422
4405,2019-01-31,train,0,0,0.25319183,0.006765274296673116,0.12997855151219764
4405,2019-02-28,train,0,0,0.18962699,0.00429465932649138,0.09696082553765059
4405,2019-03-31,train,0,0,0.1947711,0.005759537925397186,0.10026531701787056
4405,2019-04-30,train,0,0,0.1947711,0.005759537925397186,0.10026531701787056
4405,2019-05-31,train,0,0,0.1947711,0.006345946467928001,0.10055852128913596
4405,2019-06-30,train,0,0,0.1947711,0.0063150659432792055,0.10054308102681157
4405,2019-07-31,train,0,0,0.1947711,0.004253577762944247,0.09951233693664409
4405,2019-08-31,train,0,0,0.1947711,0.004465947174317225,0.09961852164233058
4405,2019-09-30,train,0,0,0.1947711,0.0041619401336910125,0.09946651812201747
4405,2019-10-31,train,0,0,0.1947711,0.004365410456753495,0.09956825328354871
4405,2019-11-30,train,0,0,0.1947711,0.006720583500222044,0.10074583980528298
4405,2019-12-31,train,0,0,0.1947711,0.005708288488975484,0.1002396922996597
4406,2017-11-30,train,4,0,0.19574887,0.0023627320376094067,0.09905579882100501
4406,2019-02-28,train,2,0,0.27567452,0.030268856019281382,0.15297168897117328
4406,2019-03-31,train,5,0,0.30162445,0.03609217769497316,0.1688583124011441
4406,2019-04-30,train,4,0,0.30162445,0.03609217769497316,0.1688583124011441
4406,2019-05-31,train,5,0,0.30162445,0.05389297817075945,0.17775871263903725
4406,2019-06-30,train,4,0,0.30162445,0.06510097307372825,0.18336271009052166
4406,2019-07-31,train,5,0,0.30162445,0.06994755370214197,0.1857860004047285
4406,2019-08-31,train,5,0,0.30162445,0.47812889079349463,0.38987666895040485
4406,2019-09-30,train,4,0,0.40650102,0.5196635381169389,0.4630822815392052
4406,2019-10-31,train,35,1,0.54726046,0.6231101278631581,0.5851852955504603
4406,2019-11-30,train,65,1,0.8377466,0.9995419135407424,0.9186442668594825
4406,2019-12-31,train,96,1,0.8377466,0.9995419135407424,0.9186442668594825
4409,2017-04-30,train,0,0,0.1811886,0.007835725395464222,0.09451216183532443
4409,2017-06-30,train,20,0,0.1811886,0.06530786179927087,0.12324823003722775
4409,2017-07-31,train,0,0,0.17730217,0.03405409986874733,0.10567813334415989
4409,2017-08-31,train,0,0,0.17730217,0.019917902080988883,0.09861003445028066
4409,2017-09-30,train,0,0,0.18025678,0.016978527128815726,0.09861765554553274
4409,2017-10-31,train,0,0,0.18025678,0.019798055955599265,0.10002741995892452
4409,2017-11-30,train,0,0,0.20270701,0.018929648724215736,0.11081832812578356
4409,2017-12-31,train,0,0,0.18577175,0.020394462480293193,0.10308310545193478
4409,2018-01-31,train,0,0,0.170089,0.01604715859828437,0.09306808251111728
4409,2018-02-28,train,0,0,0.170089,0.011539194363540733,0.09081410039374546
4409,2018-03-31,train,0,0,0.170089,0.011539194363540733,0.09081410039374546
4409,2018-04-30,train,0,0,0.170089,0.012964769769139187,0.09152688809654469
4409,2018-05-31,train,0,0,0.170089,0.015165409368100255,0.09262720789602523
4409,2018-06-30,train,0,0,0.170089,0.010318729354630858,0.09020386788929052
4409,2018-07-31,train,0,0,0.170089,0.009899484794214927,0.08999424560908256
4409,2018-08-31,train,0,0,0.170089,0.009301022618046158,0.08969501452099818
4409,2018-09-30,train,0,0,0.170089,0.009354402818690382,0.08972170462132029
4409,2018-10-31,train,0,0,0.170089,0.007590277966985709,0.08883964219546796
4409,2018-11-30,train,0,0,0.170089,0.006609898964402028,0.08834945269417611
4409,2018-12-31,train,0,0,0.170089,0.007133420393936007,0.0886112134089431
4409,2019-01-31,train,0,0,0.18790425,0.0033559411579988426,0.09563009738001337
4409,2019-02-28,train,0,0,0.170089,0.0054514265569861565,0.08777021649046818
4409,2019-03-31,train,0,0,0.170089,0.006290687663904766,0.08818984704392747
4409,2019-04-30,train,0,0,0.170089,0.006519788239680135,0.08830439733181517
4409,2019-05-31,train,0,0,0.170089,0.005994071328667745,0.08804153887630897
4409,2019-06-30,train,0,0,0.170089,0.003984348145518629,0.08703667728473441
4409,2019-07-31,train,0,0,0.170089,0.0037764941599446786,0.08693275029194744
4409,2019-08-31,train,0,0,0.170089,0.0036752439521179243,0.08688212518803407
4409,2019-09-30,train,0,0,0.170089,0.0037276947212181864,0.0869083505725842
4409,2019-10-31,train,21,0,0.170089,0.003910018863930345,0.08699951264394026
4409,2019-11-30,train,0,0,0.16637123,0.00311734379711695,0.08474428505392347
4409,2019-12-31,train,21,0,0.16637123,0.00311734379711695,0.08474428505392347
4413,2018-02-28,test,0,0,0.20642614,0.04268969219919873,0.12455791792271947
4413,2018-07-31,test,0,0,0.2037165,0.05787287146641252,0.13079468653000115
4413,2018-08-31,test,0,0,0.2037165,0.05010568412429041,0.1269110928589401
4413,2018-09-30,test,0,0,0.2037165,0.057276473711762116,0.13049648765267596
4413,2018-10-31,test,21,0,0.2037165,0.0559219424411215,0.12981922201735563
4413,2018-11-30,test,0,0,0.2037165,0.0559219424411215,0.12981922201735563
4413,2018-12-31,test,0,0,0.17289871,0.018247339798634913,0.09557302478632612
4413,2019-01-31,test,21,0,0.3443578,0.010394347119789074,0.17737606784128188
4413,2019-02-28,test,49,1,0.8377466,0.9985600711283484,0.9181533456532855
4413,2019-03-31,test,80,1,0.8377466,0.9985600711283484,0.9181533456532855
4413,2019-04-30,test,110,1,0.8377466,0.9983640906266326,0.9180553554024276
4413,2019-05-31,test,110,1,0.8377466,0.9983640906266326,0.9180553554024276
4413,2019-06-30,test,140,1,0.8377466,0.9983640906266326,0.9180553554024276
4413,2019-07-31,test,171,1,0.8377466,0.9983640906266326,0.9180553554024276
4413,2019-08-31,test,202,1,0.8377466,0.9983640906266326,0.9180553554024276
4413,2019-09-30,test,232,1,0.8377466,0.9983640906266326,0.9180553554024276
4413,2019-10-31,test,263,1,0.8377466,0.9983640906266326,0.9180553554024276
4413,2019-11-30,test,293,1,0.8377466,0.998459908144467,0.9181032641613448
4413,2019-12-31,test,324,1,0.8377466,0.998459908144467,0.9181032641613448
4418,2018-02-28,train,0,0,0.21714832,0.02554165208403828,0.12134498548539759
4418,2018-03-31,train,26,0,0.21714832,0.03456583334716092,0.1258570761169589
4418,2018-04-30,train,56,1,0.8377466,0.9986427649828528,0.9181946925805378
4418,2018-05-31,train,87,1,0.8377466,0.9986166865256813,0.918181653351952
4418,2018-06-30,train,0,0,0.21714832,0.03851710851683394,0.12783271370179541
4418,2018-07-31,train,0,0,0.21714832,0.045766966145936894,0.1314576425163469
4418,2018-08-31,train,26,0,0.25802544,0.1308080948690736,0.19441676623126686
4418,2018-09-30,train,25,0,0.2685384,0.13985201029172398,0.20419519796068897
4418,2018-10-31,train,56,1,0.8377466,0.9993447177277965,0.9185456689530096
4418,2018-11-30,train,86,1,0.8377466,0.999316257695398,0.9185314389368103
4418,2018-12-31,train,117,1,0.8377466,0.9992866949916814,0.918516657584952
4418,2019-01-31,train,148,1,0.8377466,0.9976709534235146,0.9177087868008686
4418,2019-02-28,train,176,1,0.8377466,0.9994052279817215,0.918575924079972
4418,2019-03-31,train,207,1,0.8377466,0.9994800296290539,0.9186133249036383
4418,2019-04-30,train,237,1,0.8377466,0.9994800296290539,0.9186133249036383
4418,2019-05-31,train,268,1,0.8377466,0.9994800296290539,0.9186133249036383
4418,2019-06-30,train,298,1,0.8377466,0.9994800296290539,0.9186133249036383
4418,2019-07-31,train,329,1,0.8377466,0.9994800296290539,0.9186133249036383
4418,2019-08-31,train,360,1,0.8377466,0.9994800296290539,0.9186133249036383
4418,2019-09-30,train,390,1,0.8377466,0.9994800296290539,0.9186133249036383
4418,2019-10-31,train,421,1,0.8377466,0.9994800296290539,0.9186133249036383
4418,2019-11-30,train,451,1,0.8377466,0.9994800296290539,0.9186133249036383
4418,2019-12-31,train,482,1,0.8377466,0.9995109367250242,0.9186287784516234
4424,2017-09-30,train,35,1,0.37325078,0.2871586213713915,0.33020470193058404
4424,2017-10-31,train,5,0,0.24542917,0.06738849193708166,0.1564088325244986
4424,2017-11-30,train,0,0,0.24542917,0.04248334539222722,0.1439562592520714
4424,2017-12-31,train,5,0,0.24542917,0.033468617769601715,0.13944889544075864
4424,2018-01-31,train,5,0,0.2524573,0.029796420409632835,0.14112685564873273
4424,2018-02-28,train,2,0,0.19139852,0.028808434739418527,0.11010347551837946
4424,2018-03-31,train,5,0,0.170089,0.018315689634112512,0.09420234802903135
4424,2018-04-30,train,4,0,0.170089,0.01526188501458628,0.09267544571926824
4424,2018-05-31,train,0,0,0.170089,0.013376041685013666,0.09173252405448193
4424,2018-06-30,train,4,0,0.170089,0.013376041685013666,0.09173252405448193
4424,2018-07-31,train,5,0,0.170089,0.014856711275094907,0.09247285884952255
4424,2018-08-31,train,5,0,0.170089,0.009384787865920749,0.08973689714493548
4424,2018-09-30,train,4,0,0.170089,0.011433627389275135,0.09076131690661267
4424,2018-10-31,train,5,0,0.170089,0.010089614446293076,0.09008931043512164
4424,2018-11-30,train,4,0,0.170089,0.010147474156508752,0.09011824029022947
4424,2018-12-31,train,5,0,0.170089,0.009346537095700207,0.0897177717598252
4424,2019-01-31,train,5,0,0.18790425,0.003958834758522698,0.0959315441802753
4424,2019-02-28,train,2,0,0.170089,0.008123795375168103,0.08910640089955915
4424,2019-03-31,train,0,0,0.170089,0.008290117073277212,0.0891895617486137
4424,2019-04-30,train,4,0,0.170089,0.008290117073277212,0.0891895617486137
4424,2019-05-31,train,5,0,0.170089,0.007752300189163992,0.08892065330655709
4424,2019-06-30,train,4,0,0.170089,0.008394985412977148,0.08924199591846367
4424,2019-07-31,train,0,0,0.170089,0.007691895431095721,0.08889045092752296
4424,2019-08-31,train,0,0,0.16637123,0.0036237842903841886,0.08499750530055708
4424,2019-09-30,train,0,0,0.16637123,0.004341347259332345,0.08535628678503117
4424,2019-10-31,train,0,0,0.16637123,0.004341347259332345,0.08535628678503117
4424,2019-11-30,train,0,0,0.16637123,0.004341347259332345,0.08535628678503117
4424,2019-12-31,train,0,0,0.16637123,0.004736829597312475,0.08555402795402123
4425,2019-06-30,train,0,0,0.22193325,0.03446939704140736,0.12820132135014095
4425,2019-10-31,train,0,0,0.22193325,0.04075330722678558,0.13134327644283006
4425,2019-11-30,train,0,0,0.17289871,0.019885573081228198,0.09639214142762277
4425,2019-12-31,train,0,0,0.17289871,0.019902867242927332,0.09640078850847233
4426,2017-12-31,val,0,0,0.22412913,0.12102260468218572,0.1725758650790346
4426,2019-01-31,val,0,0,0.18790425,0.010125934733991067,0.09901509416800948
4426,2019-02-28,val,14,0,0.170089,0.01569763569448821,0.0928933210592192
4426,2019-03-31,val,17,0,0.170089,0.012266166035251972,0.09117758622960108
4426,2019-04-30,val,0,0,0.170089,0.008493493932026603,0.0892912501779884
4426,2019-05-31,val,17,0,0.170089,0.008493493932026603,0.0892912501779884
4426,2019-06-30,val,16,0,0.170089,0.009167073025148449,0.08962803972454932
4426,2019-07-31,val,47,1,0.8377466,0.9980080343173056,0.917877327247764
4426,2019-08-31,val,0,0,0.16637123,0.00600196898211086,0.08618659764642042
4426,2019-09-30,val,16,0,0.16637123,0.003989608460991809,0.0851804173858609
4426,2019-10-31,val,17,0,0.16637123,0.003989608460991809,0.0851804173858609
4426,2019-11-30,val,47,1,0.8377466,0.9979946184550054,0.917870619316614
4426,2019-12-31,val,0,0,0.16637123,0.004353188655029743,0.08536220748287986
4427,2017-06-30,test,0,0,0.21097468,0.013456963905700834,0.11221582115143974
4427,2018-04-30,test,0,0,0.21238372,0.020407470732040946,0.11639559401527431
4427,2018-05-31,test,0,0,0.21238372,0.026037566533771525,0.11921064191613961
4427,2018-08-31,test,0,0,0.21238372,0.043811535145034934,0.12809762622177132
4427,2018-09-30,test,0,0,0.21238372,0.03293759355667941,0.12266065542759355
4427,2018-10-31,test,28,0,0.21238372,0.028060451962432714,0.1202220846304702
4427,2018-11-30,test,58,1,0.8377466,0.9988875906172884,0.9183171053977555
4427,2018-12-31,test,0,0,0.21238372,0.023691697231255228,0.11803770726488146
4427,2019-01-31,test,0,0,0.22539455,0.011098226089551815,0.11824638653758902
4427,2019-02-28,test,25,0,0.21238372,0.01945154838834402,0.11591763284342585
4427,2019-03-31,test,0,0,0.21238372,0.02039528160353468,0.11638949945102119
4427,2019-04-30,test,0,0,0.19171046,0.018442448299888455,0.10507645275283042
4427,2019-05-31,test,0,0,0.19171046,0.01697178233607346,0.10434111977092293
4427,2019-06-30,test,0,0,0.19171046,0.01670088694820833,0.10420567207699036
4427,2019-07-31,test,0,0,0.19171046,0.020320586322079025,0.10601552176392572
4427,2019-08-31,test,0,0,0.19171046,0.014811497312482,0.1032609772591272
4427,2019-09-30,test,0,0,0.18027368,0.012716097018346976,0.09649488944869528
4427,2019-10-31,test,0,0,0.18027368,0.012716097018346976,0.09649488944869528
4427,2019-11-30,test,0,0,0.18027368,0.01830763707281394,0.09929065947592876
4427,2019-12-31,test,0,0,0.18027368,0.014755402414534364,0.09751454214678897
4432,2017-07-31,train,0,0,0.1766284,0.002398736657294036,0.08951356628616274
4432,2019-03-31,train,5,0,0.2685384,0.2276541353772436,0.24809626050344877
4432,2019-04-30,train,35,1,0.31578487,0.4042074064643936,0.3599961390213051
4432,2019-05-31,train,66,1,0.8377466,0.999316937667567,0.9185317789228948
4432,2019-06-30,train,96,1,0.8377466,0.999316937667567,0.9185317789228948
4432,2019-07-31,train,5,0,0.34608358,0.48482669520185806,0.4154551383247297
4432,2019-08-31,train,5,0,0.34608358,0.46950927275807464,0.407796427102838
4432,2019-09-30,train,4,0,0.34608358,0.3936361085368911,0.3698598449922462
4432,2019-10-31,train,5,0,0.34608358,0.3793462726962783,0.3627149270719398
4432,2019-11-30,train,35,1,0.34608358,0.3763535890951918,0.36121858527139655
4432,2019-12-31,train,66,1,0.8377466,0.9989772793286877,0.9183619497534552
4435,2017-09-30,train,0,0,0.2005565,0.026439744413023557,0.11349812307960061
4435,2018-06-30,train,0,0,0.170089,0.05277257248242959,0.11143078945318989
4435,2018-09-30,train,46,1,0.8377466,0.998562036516224,0.9181543283472233
4435,2018-10-31,train,77,1,0.8377466,0.9987901946150363,0.9182684073966294
4435,2018-11-30,train,107,1,0.8377466,0.9987901946150363,0.9182684073966294
4435,2018-12-31,train,138,1,0.8377466,0.9987901946150363,0.9182684073966294
4435,2019-01-31,train,169,1,0.8377466,0.9963274710830696,0.9170370456306461
4435,2019-02-28,train,197,1,0.8377466,0.9987379154497213,0.918242267813972
4435,2019-03-31,train,228,1,0.8377466,0.9987379154497213,0.918242267813972
4435,2019-04-30,train,258,1,0.8377466,0.9988310471003136,0.918288833639268
4435,2019-05-31,train,289,1,0.8377466,0.9988310471003136,0.918288833639268
4435,2019-06-30,train,319,1,0.8377466,0.9988310471003136,0.918288833639268
4435,2019-07-31,train,350,1,0.8377466,0.9988310471003136,0.918288833639268
4435,2019-08-31,train,381,1,0.8377466,0.9988310471003136,0.918288833639268
4435,2019-09-30,train,411,1,0.8377466,0.9988310471003136,0.918288833639268
4435,2019-10-31,train,442,1,0.8377466,0.9988296956179126,0.9182881578980676
4435,2019-11-30,train,472,1,0.8377466,0.9988296956179126,0.9182881578980676
4435,2019-12-31,train,503,1,0.8377466,0.99882316768195,0.9182848939300863
4436,2017-09-30,val,0,0,0.1731107,0.001801031172719969,0.08745586243294048
4436,2018-05-31,val,0,0,0.1866749,0.06779983729025198,0.12723736509631312
4436,2018-07-31,val,0,0,0.1866749,0.11192632711256402,0.14930061000746914
4436,2018-08-31,val,0,0,0.1866749,0.06973280628917827,0.12820384959577627
4436,2019-02-28,val,49,1,0.8377466,0.9993075910344614,0.918527105606342
4436,2019-03-31,val,80,1,0.8377466,0.9993075910344614,0.918527105606342
4436,2019-04-30,val,110,1,0.8377466,0.9994226536445533,0.9185846369113879
4436,2019-05-31,val,141,1,0.8377466,0.9994952648559745,0.9186209425170986
4436,2019-06-30,val,0,0,0.28260306,0.2381833585196436,0.26039320687918366
4436,2019-07-31,val,0,0,0.2903378,0.24528700710128304,0.26781240404044865
4436,2019-08-31,val,0,0,0.35470298,0.3678183884384981,0.36126068388237315
4436,2019-09-30,val,20,0,0.35470298,0.3678183884384981,0.36126068388237315
4436,2019-10-31,val,0,0,0.24458705,0.1841839122363039,0.2143854805622552
4436,2019-11-30,val,0,0,0.24458705,0.16156418187290977,0.20307561538055813
4436,2019-12-31,val,21,0,0.24458705,0.1532158402802454,0.19890144458422593
4438,2017-09-30,test,0,0,0.1766284,0.0017300575725212987,0.08917922674377636
4438,2019-03-31,test,0,0,0.33305368,0.1933682677914627,0.2632109730328087
4438,2019-05-31,test,0,0,0.38566616,0.3533789959735883,0.3695225788745886
4438,2019-09-30,test,0,0,0.46671966,0.4851291765282625,0.475924416855478
4438,2019-10-31,test,16,0,0.46671966,0.5890557259162612,0.5278876915494773
4438,2019-11-30,test,46,1,0.8377466,0.999629168857862,0.9186878945180423
4438,2019-12-31,test,46,1,0.8377466,0.999629168857862,0.9186878945180423
4440,2018-01-31,train,0,0,0.17730217,0.01028147355381307,0.09379182018669276
4440,2018-07-31,train,0,0,0.170089,0.008873778950378454,0.08948139268716432
4440,2019-11-30,train,0,0,0.170089,0.010877647785494063,0.09048332710472212
4440,2019-12-31,train,0,0,0.170089,0.006936556847030506,0.08851278163549035
4441,2018-07-31,train,0,0,0.18592905,0.04933640151212694,0.11763272329663277
4441,2019-02-28,train,0,0,0.18592905,0.015427730477312104,0.10067838777922536
4441,2019-04-30,train,0,0,0.18592905,0.014069682681099772,0.09999936388111919
4441,2019-12-31,train,0,0,0.20871708,0.00872234137502682,0.10871970967276579
4448,2018-03-31,val,0,0,0.1789218,0.06107251651264207,0.1199971601723481
4448,2018-04-30,val,0,0,0.24396405,0.05850301661659788,0.1512335314282254
4448,2019-07-31,val,0,0,0.17289871,0.01775983975207438,0.09532927476304585
4448,2019-12-31,val,0,0,0.17289871,0.018370442958818532,0.09563457636641794
4455,2018-01-31,test,5,0,0.1731107,0.011711831943062002,0.0924112628181115
4455,2018-03-31,test,5,0,0.1731107,0.007035340101119451,0.09007301689714023
4455,2019-03-31,test,0,0,0.25891113,0.04814844285338512,0.15352978783294255
4455,2019-08-31,test,0,0,0.23511286,0.05355608130892183,0.14433447105387878
4455,2019-09-30,test,0,0,0.23511286,0.05813331165410657,0.14662308622647116
4455,2019-10-31,test,5,0,0.22210965,0.06702924499532796,0.14456944530020763
4455,2019-11-30,test,4,0,0.22210965,0.057778359418199504,0.1399440025116434
4455,2019-12-31,test,5,0,0.22210965,0.05778318013372264,0.13994641286940496
4460,2019-05-31,val,0,0,0.2685384,0.18824634605734686,0.2283923658435004
4460,2019-07-31,val,0,0,0.29043737,0.20301740647286196,0.24672738850578674
4460,2019-08-31,val,3,0,0.31578487,0.22778333492979078,0.27178410325400365
4460,2019-12-31,val,3,0,0.34608358,0.24809076166659588,0.29708717155709863
4462,2018-04-30,train,0,0,0.24542917,0.03652155195785342,0.14097536253488452
4462,2018-06-30,train,0,0,0.20270701,0.02837041777567457,0.11553871265151297
4462,2018-07-31,train,0,0,0.170089,0.018315689634112512,0.09420234802903135
4462,2019-01-31,train,46,1,0.8377466,0.9957969414187291,0.9167717807984759
4462,2019-02-28,train,43,1,0.8377466,0.9981808023267418,0.9179637112524822
4462,2019-03-31,train,43,1,0.8377466,0.9981792393247311,0.9179629297514769
4462,2019-04-30,train,0,0,0.170089,0.010147474156508752,0.09011824029022947
4462,2019-05-31,train,15,0,0.170089,0.009346537095700207,0.0897177717598252
4462,2019-06-30,train,0,0,0.170089,0.008123795375168103,0.08910640089955915
4462,2019-07-31,train,0,0,0.170089,0.008290117073277212,0.0891895617486137
4462,2019-08-31,train,0,0,0.170089,0.008290117073277212,0.0891895617486137
4462,2019-09-30,train,0,0,0.170089,0.008068833903476385,0.08907892016371328
4462,2019-10-31,train,0,0,0.170089,0.008737615261322782,0.08941331084263648
4462,2019-11-30,train,0,0,0.170089,0.007691895431095721,0.08889045092752296
4462,2019-12-31,train,0,0,0.170089,0.007691895431095721,0.08889045092752296
4463,2018-03-31,train,0,0,0.1796209,0.011093055683374658,0.09535698119699967
4463,2019-04-30,train,0,0,0.2685384,0.12986215055762557,0.19920026809363975
4463,2019-08-31,train,0,0,0.31578487,0.1413779759730513,0.22858142377563392
4463,2019-09-30,train,0,0,0.31578487,0.1413779759730513,0.22858142377563392
4463,2019-10-31,train,0,0,0.34371096,0.1583768347178718,0.25104389683777195
4463,2019-11-30,train,0,0,0.34608358,0.1660203659703469,0.2560519737089741
4463,2019-12-31,train,0,0,0.34608358,0.15553368469898676,0.25080863307329404
4484,2018-12-31,val,0,0,0.21238372,0.04622948365248207,0.1293066004754949
4484,2019-10-31,val,27,0,0.21238372,0.02002031677452548,0.11620201703651659
4484,2019-11-30,val,57,1,0.8377466,0.9984453642609327,0.9180959922195777
4484,2019-12-31,val,88,1,0.8377466,0.9984385801625401,0.9180926001703813
4486,2018-02-28,train,0,0,0.1788464,0.0025240421834261777,0.09068522306991972
4486,2018-06-30,train,0,0,0.18186823,0.01031427257986145,0.09609124895796814
4486,2019-05-31,train,0,0,0.1952529,0.03999190449001616,0.11762239992262039
4486,2019-11-30,train,0,0,0.23340099,0.05032565465633289,0.1418633201274485
4486,2019-12-31,train,0,0,0.2088427,0.02196279244158644,0.11540274360047767
4487,2018-12-31,test,3,0,0.2379113,0.09136373851661495,0.16463751869382764
4487,2019-05-31,test,3,0,0.21238372,0.08599907409259874,0.14919139569555323
4487,2019-06-30,test,2,0,0.21238372,0.07358186414452994,0.14298279072151882
4487,2019-07-31,test,3,0,0.21238372,0.07358186414452994,0.14298279072151882
4487,2019-08-31,test,3,0,0.21238372,0.0724007110250527,0.1423922141617802
4487,2019-09-30,test,2,0,0.21238372,0.07832899322829448,0.14535635526340107
4487,2019-10-31,test,3,0,0.21238372,0.043637213421474336,0.128010465359991
4487,2019-11-30,test,33,1,0.21238372,0.04957924737951065,0.13098148233900916
4487,2019-12-31,test,3,0,0.19171046,0.03624488036711711,0.11397766878644475
4489,2019-03-31,train,26,0,0.17247182,0.01208775654425791,0.09227978892619695
4489,2019-05-31,train,26,0,0.17493078,0.020351934511970867,0.0976413578189966
4489,2019-06-30,train,25,0,0.17493078,0.01996326526696568,0.09744702319649401
4489,2019-07-31,train,56,1,0.8377466,0.998571174139519,0.9181588971588708
4489,2019-08-31,train,87,1,0.8377466,0.9987581074310495,0.918252363804636
4489,2019-09-30,train,117,1,0.8377466,0.9987581074310495,0.918252363804636
4489,2019-10-31,train,148,1,0.8377466,0.9988377393743142,0.9182921797762684
4489,2019-11-30,train,178,1,0.8377466,0.9989732107351029,0.9183599154566628
4489,2019-12-31,train,87,1,0.8377466,0.9989732107351029,0.9183599154566628
4493,2018-05-31,train,34,1,0.5073858,0.5002800191690148,0.5038329047585339
4493,2018-06-30,train,0,0,0.4554386,0.24901002959650756,0.35222432174405455
4493,2018-07-31,train,0,0,0.33082196,0.0695740803129633,0.2001980207387189
4493,2018-08-31,train,0,0,0.3041889,0.06386107585129851,0.1840249914988762
4493,2018-09-30,train,0,0,0.3041889,0.045649608902420855,0.17491925802443736
4493,2018-10-31,train,0,0,0.24688944,0.026861057527998406,0.13687524986671373
4493,2018-11-30,train,0,0,0.20779055,0.015312289052444103,0.1115514213111189
4493,2018-12-31,train,4,0,0.19217247,0.010720893999041315,0.10144668085381447
4493,2019-01-31,train,4,0,0.20426628,0.025498011054052878,0.11488214549494484
4493,2019-02-28,train,0,0,0.19217247,0.009002545084585973,0.10058750639658681
4493,2019-03-31,train,0,0,0.19217247,0.006257302100333695,0.09921488490446068
4493,2019-04-30,train,0,0,0.19217247,0.0050183972690246055,0.09859543248880613
4493,2019-05-31,train,0,0,0.18071426,0.0033338053391719926,0.09202403492561703
4493,2019-06-30,train,0,0,0.18071426,0.0039186605821868335,0.09231646254712446
4493,2019-07-31,train,0,0,0.18071426,0.0047038809831889536,0.0927090727476255
4493,2019-08-31,train,0,0,0.18071426,0.006409243463821618,0.09356175398794185
4493,2019-09-30,train,3,0,0.18071426,0.007016815550121863,0.09386554003109197
4493,2019-10-31,train,4,0,0.18071426,0.004794882625169171,0.09275457356861562
4493,2019-11-30,train,3,0,0.18071426,0.0050893683773947426,0.0929018164447284
4493,2019-12-31,train,4,0,0.18071426,0.004743125847457475,0.09272869517975978
4496,2018-03-31,train,0,0,0.1788464,0.0011665834151617935,0.09000649368578753
4496,2018-08-31,train,1,0,0.18186823,0.0037497948643333678,0.09280901010020409
4496,2018-09-30,train,0,0,0.18186823,0.003684025437617377,0.0927761253868461
4496,2018-10-31,train,1,0,0.21506622,0.004722063273457181,0.10989414380504066
4496,2018-11-30,train,0,0,0.19747406,0.005712132329460966,0.10159309738612025
4496,2018-12-31,train,1,0,0.19747406,0.004697435087153115,0.10108574876496633
4496,2019-01-31,train,1,0,0.18357672,0.010390144475363487,0.09698343122405946
4496,2019-02-28,train,0,0,0.19747406,0.0078089610415341,0.10264151174215683
4496,2019-03-31,train,1,0,0.19747406,0.006320524769510724,0.10189729360614513
4496,2019-04-30,train,0,0,0.19747406,0.0091646179190213,0.10331934018090042
4496,2019-05-31,train,1,0,0.19747406,0.014687355269890134,0.10608070885633483
4496,2019-06-30,train,0,0,0.20020323,0.024913750773282863,0.1125584878949384
4496,2019-07-31,train,1,0,0.20902395,0.022615930186877867,0.11581994133550436
4496,2019-08-31,train,0,0,0.20902395,0.022615930186877867,0.11581994133550436
4496,2019-09-30,train,0,0,0.20902395,0.02486651973889689,0.11694523611151388
4496,2019-10-31,train,1,0,0.20902395,0.025394415204272523,0.11720918384420169
4496,2019-11-30,train,0,0,0.20902395,0.025394415204272523,0.11720918384420169
4496,2019-12-31,train,1,0,0.22757964,0.03834367748315538,0.1329616579225431
4503,2019-06-30,train,10,0,0.170089,0.010914113564723354,0.09050155999433677
4503,2019-07-31,train,0,0,0.170089,0.008439471653346976,0.08926423903864858
4503,2019-08-31,train,11,0,0.170089,0.009685924857370966,0.08988746564066058
4503,2019-09-30,train,0,0,0.170089,0.009591071288401814,0.089840038856176
4503,2019-10-31,train,11,0,0.170089,0.010080922796406197,0.0900849646101782
4503,2019-11-30,train,0,0,0.170089,0.012040440010980072,0.09106472321746513
4503,2019-12-31,train,0,0,0.170089,0.011110019482327498,0.09059951295313885
4504,2018-11-30,val,0,0,0.19329403,0.06978450497314587,0.13153926919065542
4504,2019-01-31,val,4,0,0.25893342,0.10145414588481343,0.18019378541722972
4504,2019-05-31,val,4,0,0.21096396,0.05554040201066777,0.13325218323647403
4504,2019-06-30,val,3,0,0.21096396,0.05588442629697609,0.13342419537962819
4504,2019-07-31,val,4,0,0.21096396,0.06221890557369953,0.1365914350179899
4504,2019-08-31,val,4,0,0.21382989,0.08020373084548475,0.14701681036950828
4504,2019-09-30,val,3,0,0.21382989,0.06282957535470339,0.1383297326241176
4504,2019-10-31,val,4,0,0.21382989,0.06282957535470339,0.1383297326241176
4504,2019-11-30,val,3,0,0.21382989,0.06880026836975689,0.14131507913164434
4504,2019-12-31,val,0,0,0.21238372,0.055713971009769284,0.13404884415413848
4505,2019-04-30,test,2,0,0.17247182,0.0413516371594193,0.10691172923377765
4505,2019-05-31,test,3,0,0.17247182,0.05758463578588614,0.11502822854701106
4505,2019-09-30,test,2,0,0.17493078,0.03620069833083444,0.10556573972842839
4505,2019-10-31,test,3,0,0.17493078,0.03267622879274263,0.10380350495938248
4505,2019-11-30,test,33,1,0.17493078,0.030151268200898116,0.10254102466346023
4505,2019-12-31,test,33,1,0.17493078,0.030151268200898116,0.10254102466346023
4508,2019-05-31,train,34,1,0.28732568,0.26285201810249453,0.2750888491791922
4508,2019-06-30,train,3,0,0.27527165,0.21241137748966576,0.24384151580934704
4508,2019-07-31,train,4,0,0.27527165,0.16605119496084692,0.22066142454493762
4508,2019-08-31,train,4,0,0.27527165,0.24793433077523352,0.2616029924521309
4508,2019-09-30,train,34,1,0.30355775,0.2746211573225007,0.28908945544271397
4508,2019-10-31,train,65,1,0.8377466,0.9989793148492307,0.9183629675137267
4508,2019-11-30,train,3,0,0.28740427,0.15305222019023398,0.22022824458513013
4508,2019-12-31,train,4,0,0.28740427,0.16864140971505717,0.2280228393475417
4509,2018-10-31,train,0,0,0.18186823,0.0015346135494322068,0.09170141944275352
4509,2019-12-31,train,0,0,0.20902395,0.005439731161605445,0.10723184182286816
4512,2019-05-31,train,23,0,0.17247182,0.006996322222229424,0.08973407176518271
4512,2019-06-30,train,22,0,0.17247182,0.008374553179318633,0.0904231872437273
4512,2019-07-31,train,0,0,0.17247182,0.008374553179318633,0.0904231872437273
4512,2019-08-31,train,23,0,0.17247182,0.01390844758877605,0.09319013444845602
4512,2019-09-30,train,53,1,0.8377466,0.9978536324520796,0.9178001263151512
4512,2019-10-31,train,84,1,0.8377466,0.9986896382097357,0.9182181291939792
4512,2019-11-30,train,0,0,0.17493078,0.02168460962660065,0.0983076953763115
4512,2019-12-31,train,0,0,0.17493078,0.023053543493966357,0.09899216230999434
4513,2018-11-30,test,0,0,0.20661055,0.05269104830146888,0.12965079690874148
4513,2018-12-31,test,0,0,0.20661055,0.06353839594722012,0.1350744707316171
4513,2019-07-31,test,24,0,0.21096396,0.0773010830481257,0.144132523755203
4513,2019-09-30,test,23,0,0.21096396,0.1317139375264743,0.1713389509943773
4513,2019-10-31,test,24,0,0.21382989,0.16622610521429868,0.19002799755391525
4513,2019-11-30,test,23,0,0.21382989,0.1497234698364692,0.1817766798650005
4513,2019-12-31,test,0,0,0.21382989,0.10318090547200023,0.158505397682766
4516,2018-10-31,train,0,0,0.1811886,0.0014348440844626376,0.09131172117982364
4516,2019-02-28,train,0,0,0.17730217,0.0028828843393501713,0.0900925255794613
4516,2019-06-30,train,0,0,0.20543368,0.017356111823286505,0.11139489671526645
4516,2019-12-31,train,0,0,0.17247182,0.028166035521514064,0.10031892841482502
4520,2019-01-31,train,0,0,0.1811886,0.005159259502675099,0.09317392888892986
4520,2019-05-31,train,0,0,0.17730217,0.010072198370535001,0.09368718259505372
4520,2019-09-30,train,2,0,0.19401006,0.010995905911299453,0.1025029849585756
4520,2019-10-31,train,3,0,0.17247182,0.006816917240535911,0.08964436927433594
4520,2019-12-31,train,3,0,0.17247182,0.007315565047555626,0.0898936931778458
