NUM_OPER,MONTOCREDITO_log_est,MONTOCUOTA_log_est,SALDOCAPITAL_POR_VENCER_log_est,NUMERORENEGOCIACION_log_est,PLAZO_est,TASAINTERES_est,DIAS_MADURACION_est,DIAS_RESTANTES_est,PRODUCTO_COD_PROD_2_e,TIPOTASACOD_V_e,PERIOD_PAGO_OTROS_e
46,-0.1308799030536173,0.03958280899888491,5.7324971704858765,0.0,-0.1420149323301846,-0.12743822297004812,0.6752805209450521,0.5090858067195898,-0.022958781033592213,-0.04040242140745317,0.0
51,-0.014758705963821337,-0.009590220334686466,5.4626579577316985,0.0,-0.0692489005931077,-0.12948328680574053,0.6465813268816516,1.5969575708014965,-0.02226300940825447,-0.024759786742948802,0.0
54,0.08225880409061617,-0.20133788982169498,-5.239781827034649,0.0,-0.70053183722695,-0.9214973965016852,0.6635902064988902,-0.1927787578370965,-0.04335751906632529,-0.045635810332572996,0.0
136,0.023739530027695514,0.011031237144224305,5.395718873838352,0.0,0.07275531540678669,-0.14111356065753536,0.6339153942656366,1.478427030036992,-0.02162195148159944,-0.024760489033284105,0.0
178,0.09229745308254374,0.027646588828181124,-5.446585729630857,0.0,-0.4380618763942063,-0.7608234875525853,0.48195095165024715,-0.11160917334882527,-0.03454557888861087,-0.03872367097682178,0.0
189,-0.36084524049470407,-0.06717389342096301,-5.473782371206663,0.0,-0.6701405345214098,-0.8527799446864459,0.6142005318139313,-0.1235077403259785,-0.03333535778059975,-0.04597065561460104,0.0
223,-0.010288254760679823,0.04339618381447025,5.452141443956781,0.0,0.0964173484170182,-0.04004191503525278,0.695721079470957,0.6665767659850949,-0.02639705079353612,-0.035098754756122126,0.0
227,-0.40995025039121175,-0.34253187743699476,-5.071997183632756,0.0,-0.8846901442880152,-0.9938755088513196,0.8541678456488664,-0.28696144785844535,-0.06981330499991728,-0.0407913851661711,0.0
231,-0.34917154913483095,-0.7208916271795657,-5.013173684005552,0.0,-0.6419773410850008,-0.9701614404805572,0.8362326879891819,-0.19284468539641417,-0.06342186459725098,-0.045961289333840714,0.0
261,0.033523065274556806,-0.08180711118091806,-4.948925312200172,0.0,0.05225069430678191,-0.6943147558599195,0.7341841829010635,0.7123688849016953,-0.034708926393756306,-0.02000063243652743,0.0
269,-0.29713198498138166,0.024460563915088957,-5.2349485000609155,0.0,0.09260522792479521,0.18206760285016999,0.644376676283011,0.6512524076524558,-0.020859525644403458,-0.0527307235889738,0.0
282,-0.021101026965239737,-0.038003765409862306,-5.039838553669919,0.0,0.41163845889037554,0.0890141409925373,0.647280930838699,0.69165458541102,-0.01785557723327592,-0.052489977158591154,0.0
283,-0.12584576358410945,-0.24578778968546855,-4.575858373430505,0.0,0.7070368000775231,-0.6240066401837157,1.2970669021886707,-0.08058203744549383,-0.038238150486018516,-0.0203477003430613,0.0
317,0.03373337096378229,-0.2313262322509452,-4.622572183397265,0.0,1.5085329710709734,-0.3870768131427696,1.0318029587507864,0.040947802018226835,-0.01735173238333737,-0.02134462397811281,0.0
334,-0.10901122519546982,-0.11481520908439288,-4.572214292911515,0.0,0.3322529450289448,-0.6924676584849344,1.2273079534253657,-0.11684375844048428,-0.03805912839320925,-0.02397968177086791,0.0
363,0.016379322536136963,-0.019798904054469393,5.233824875298246,0.0,-0.09383189981387828,0.27475325800580225,0.8278579127282977,1.7041520949456903,-0.02378696917004163,-0.031996769045008824,0.0
368,-0.20482812289257604,-0.1942744020816168,-5.156390287773963,0.0,-0.6096712508318708,-0.41353979541194535,0.9752354332362053,-0.15887838248177968,-0.04974475921188022,-0.024772148509143506,0.0
378,-0.20030838873619472,-0.19601992356810544,-5.157193495308698,0.0,-0.6615626581596364,-0.43592390694183275,0.9563789602546747,-0.15887686523996566,-0.04984856808108759,-0.024772148509143506,0.0
414,0.16102931392322664,-0.019265300523931883,-5.223559206717899,0.0,0.1286549539365132,0.29695505018988294,0.5919074646847846,0.07028723495248061,-0.02115651495321342,-0.04545989495536611,0.0
423,-0.03305159557950549,0.03323196237807425,5.103933524195265,0.0,-0.13651751777425916,0.26991438878227597,0.8326197357463575,1.8646987235066916,-0.0237137348591651,-0.019432110606219608,0.0
462,0.10127007673686032,-0.05052058064398419,5.209578095485167,0.0,-0.008533941981138306,0.26589987270387827,0.8188240901460345,1.5829515292117333,-0.023777748075764125,-0.021119114741176455,0.0
526,-0.3398551278008146,-0.14300067248509715,-4.574620582535213,0.0,0.47320650517812135,0.37864701889464747,0.9066508876979105,-0.10190119265678306,-0.02083123244950015,-0.04000930535398105,0.0
531,-0.19658595466805284,0.07739778412042052,-4.98431960313419,0.0,-0.0781674552803172,0.22967677772522033,0.7799106217288023,0.02023296313266854,-0.022970882411064847,-0.045266511199931456,0.0
533,-0.17817868999000705,0.026773469783485136,-4.992766820256794,0.0,-0.8165848791163862,-0.06900064079130717,0.6912505798877987,-0.20548275266490487,-0.04240345029521572,-0.04012351504902042,0.0
538,0.06162222750471026,0.007717181901280221,5.103254538538134,0.0,0.18525720015178,0.05544399040336022,0.674070282327959,0.0292998830556943,-0.024276358408013836,-0.04162481140159799,0.0
543,-0.211902062576093,-0.06371436591150932,-5.458014127717198,0.0,-0.4864913802322382,-0.03531658529041414,0.4760381728527314,-0.006393969988071434,-0.03547369125145068,-0.04499861091214944,0.0
612,-0.24368423865467848,0.0481333032321545,-5.248896903225803,0.0,-0.0330081014162552,0.23455274240513568,0.5908846437505544,0.03502431811082068,-0.02344437889089441,-0.04243255580301429,0.0
613,-0.1505260183681924,0.03972951522025731,-5.121604590195013,0.0,0.02481083056049447,0.207854765874196,0.8619464928263872,0.036856694588513476,-0.02172782966855413,-0.04572277961719305,0.0
636,0.15353300374150253,0.42320782569097454,-4.07041376277715,0.0,0.508287914853062,0.6819644226446137,1.1790425659335388,-0.043594048916071944,-0.03287180716823191,-0.03678973523078798,0.0
662,-0.21705288641023207,-0.05553113471129338,-5.325039178995404,0.0,-0.4997098746796717,0.0055420316338137526,0.5221891948251954,-0.017963652681197304,-0.03640097123258995,-0.04499861091214944,0.0
675,0.1210682794952999,0.34760322111766256,-4.188116186445269,0.0,0.5171678529912384,0.6393413939705127,1.1027507827213494,-0.047090253153395274,-0.03287180716823191,-0.03678973523078798,0.0
705,-0.06862473479969378,-0.005404608387691177,5.2257671145459526,0.0,0.07304836641963218,0.13118453709943395,0.6635234368050991,-0.02445430007394592,-0.024296920402493444,-0.04140928941471905,0.0
715,0.04063891612360142,-0.11442511435198098,5.047119575201578,0.0,0.9733604552047362,-0.2125281711400939,1.0591905760736058,-0.05328596482281103,-0.03190753787429151,-0.021230586104942342,0.0
730,-0.0050849929469364025,0.009308679131721141,5.408989282556105,0.0,-0.5428046545007161,-0.07054733587275681,0.6125680499877755,-0.10864784209801907,-0.036489743404966496,-0.04022091276322531,0.0
735,-0.41020859430889495,-0.17779665863818075,-4.991040271003673,0.0,-0.7069129503449159,0.12690372026047458,0.817587530899263,-0.16084220013734016,-0.02882489883805516,-0.03561485292189271,0.0
739,-0.1866483611337666,0.1036747359020538,5.542268490171249,0.0,-0.35349898619623293,0.04483409055196756,0.674399352609002,-0.11031232040512783,-0.033765283345551636,-0.03323091354522897,0.0
744,0.08369111608253689,0.22258267409199414,4.579888414961277,0.0,1.0234245498280425,0.28280678432550316,0.8900978210493063,-0.0339188577640932,-0.025322119653379018,-0.031041313272515764,0.0
761,-0.24037001517040193,-1.0247830330953533,-4.895123156778869,0.0,0.05030368930716619,-0.6747411107176504,0.5819205797529154,0.02393992390263814,-0.0504775086146559,-0.022227139390391955,0.0
764,0.14918470058987804,0.06621044295805,5.086002662614709,0.0,-0.045047908775279005,0.08688216378475162,0.6449641679768653,0.049002788380323854,-0.024351709030702523,-0.04445876679851515,0.0
774,0.11910187104586077,-0.0479893863267054,5.219016507569266,0.0,0.02835605643451442,0.22820054016189528,0.7833513142251356,1.1154247509711284,-0.023646145321801683,-0.023618376413512894,0.0
777,-0.3741935672522972,0.052825360587013794,-4.332424868248931,0.0,0.6336121807313587,-0.34574870095540033,1.2428224979778608,-0.027419860586685607,-0.06215615970074568,-0.02104187085292279,0.0
792,0.037946704554530614,-0.010879310229156093,5.2432632873823435,0.0,-0.0887219931305654,0.27390889362689597,0.8127856412242925,1.6589337261499582,-0.023933611353317646,-0.028731059383373246,0.0
800,-0.17635177912206584,-0.07866000278613496,-5.512731406543551,0.0,-0.5326708762260526,-0.018512859145535715,0.40543384565703716,-0.018080080422147163,-0.03886633646235298,-0.04506533020930876,0.0
834,-0.27761168656643476,0.035040704734589236,-5.373733727119092,0.0,-0.09795669404978948,0.11879395244731243,0.7005535554210826,0.03583444163648179,-0.024332082880959782,-0.045266511199931456,0.0
846,-0.0938148903929132,0.043175448833608396,-5.10416535324056,0.0,0.06723463886977715,0.16681039071199236,0.7705420885065619,0.05209908519494918,-0.022164582466664137,-0.04572277961719305,0.0
849,0.01690646813288808,-0.06058392430675159,-4.938235745092182,0.0,-0.2700187793256606,-0.18224605644907482,0.6223068832406352,-0.26285417023180757,-0.04801662853787986,-0.03693197628030428,0.0
860,-0.2425774757577284,-0.353693525890756,-5.504116196803117,0.0,-0.9183504240730813,-0.17739959740512445,0.5158154423745064,-0.1835354432851917,-0.042738159045399,-0.03815416275339488,0.0
876,-0.12440992318070439,0.002167925079525985,-5.32218310687678,0.0,-0.8285582267626461,-0.07779542939215248,0.5094496834718145,-0.21249767709988135,-0.04506443013123601,-0.040763555505027464,0.0
883,-0.1403019940482196,-0.03263624464333312,-5.661206893067297,0.0,-0.26972651921735286,0.01868997445471383,0.3808679708521085,-0.00013383084455594705,-0.03363604004898264,-0.04243255580301429,0.0
887,-0.12555534603784807,0.0029902114902587837,-5.31339393826029,0.0,-0.8346033601969033,-0.07875344861542738,0.5089998028439818,-0.21358757161184236,-0.045228280934370285,-0.040522809074644804,0.0
927,0.6709550617189597,-0.07028123970967667,-4.711081062342813,0.0,-0.8065878151354603,0.007732861880495992,0.4890118372441053,-0.06109484376244491,-0.03507477847156101,-0.03698875088063233,0.0
941,0.01867313898858463,0.4666567074819891,-4.358749564573904,0.0,-0.4044462376360133,0.40295509145366804,0.9346586836308922,-0.26884764017087637,-0.05785220327542863,-0.0338173587891598,0.0
956,-0.6943732573712165,-0.08172255482043858,-3.9263220779178902,0.0,0.834502037974588,-0.2732334553096593,1.2925949537467352,0.004729246396872034,-0.08140881866172912,-0.02121308680890781,0.0
957,-0.1660812529079086,-0.10788955342989859,-4.7436607450367365,0.0,-0.8678732287305556,0.23547063639870144,0.7900331296556797,-0.13981369715368,-0.054718790023575256,-0.040819457207165934,0.0
958,-0.27670735509396766,0.03566028958467347,-5.245551624661028,0.0,-0.016906991970276924,0.1595800053460645,0.6901953937561683,0.036724493642925043,-0.024364797006501668,-0.047832566309066606,0.0
961,-0.16209871693338265,-0.03775700408677007,-5.408351771972551,0.0,0.37590843722742684,0.3088255412897781,0.39982161851862635,-0.011176226464253192,-0.024318656970361133,-0.04499861091214944,0.0
964,-0.33020719804579407,-0.06312845708671987,-5.2235290132228025,0.0,-0.015491813923970284,0.22665272200877895,0.7193662693539987,0.01654300434251593,-0.018101545359386188,-0.045556716830896064,0.0
968,0.04645183150875733,0.46902310391307794,-3.9567325637183486,0.0,-0.08223511257467891,0.7862290655152788,0.9774905425574723,-0.012574345619502669,-0.031186799509192308,-0.042751520522904506,0.0
972,-0.13985030867896547,-0.00364090270743419,-5.5538741730037415,0.0,0.3710487289140956,0.21052542580720238,0.3873334228554259,-0.004502211556181588,-0.02348829888475141,-0.04499861091214944,0.0
973,-0.16216546815597416,-0.10887363262983815,-4.742282506708701,0.0,-0.8714281724813625,0.23547063639870144,0.7757158025695321,-0.12594382730926929,-0.055026332911062334,-0.040819457207165934,0.0
1007,-0.2966916962236596,0.025488405650311827,-5.5042025564074475,0.0,-0.03831177181683216,0.039654039250723194,0.43420803964190785,-0.02914940429837271,-0.026231195058082156,-0.04499861091214944,0.0
1012,-0.32857996849411963,-0.25913467431053444,-4.7025732299856795,0.0,-0.8371951416520714,-0.41224484776919434,0.8171928641234287,-0.12792784686840955,-0.08724717638191347,-0.02442471320239636,0.0
1018,-0.05572998570400514,-0.001658345657684018,5.323521563810219,0.0,-0.11923987434483903,0.09891312723519669,0.6712761927454033,0.03570643561495806,-0.024959462763305757,-0.04680929992077136,0.0
1026,0.00657859709156491,-0.00442443958639685,5.525363692002439,0.0,-0.27606890124774414,-0.01977524002366877,0.6132928718761277,-0.11049611588714012,-0.031771308397569045,-0.03692257806251128,0.0
1053,0.06118773783607402,0.02170699901743802,5.240526531842175,0.0,-0.053082384156847164,0.07517453683679484,0.7006375516194199,0.028336968916574695,-0.0250122367070664,-0.0470248219076503,0.0
1085,0.021429929278572596,0.04849545850414491,-5.408728644342286,0.0,0.0197850138620208,0.07923982011803828,0.46803311095307026,-0.006003208493164471,-0.024413155236085077,-0.04521413289902838,0.0
1087,-0.29172770998462005,-0.2973400514937892,-5.476709793432401,0.0,-0.055645725715583204,0.10299651862844018,0.41051131380214345,0.016114109217262144,-0.025393376004717045,-0.044606977992705465,0.0
1092,0.16675001069454726,0.011130268503320509,5.05620393643938,0.0,0.15668507289714367,0.09752251805648907,0.5977309806871542,0.016161531650676512,-0.024831021122565973,-0.04419086651073314,0.0
1111,0.006718526899900926,0.05966683618250295,-4.130382210489952,0.0,-0.8463961363941795,0.0009046673818184497,0.4286620367044179,-0.21247576767872728,-0.04337037156823011,-0.040763555505027464,0.0
1115,-0.3372440802628423,-0.4597758561169209,-5.301885746875845,0.0,-0.05630239035918968,0.22878261583399598,0.6760842176112631,0.04478676366263406,-0.02354854591483066,-0.04903224975028579,0.0
1127,-0.164915925432789,-0.10876629164431781,-4.731384462188995,0.0,-0.861790238608654,0.21955568886500404,0.7766153943303387,-0.1287612917035717,-0.05508637484498924,-0.040819457207165934,0.0
1137,-0.15569098436908682,-0.07755445409243149,-5.401033448917751,0.0,-0.7574846640190306,-0.1110101877966114,0.4761846769111131,-0.21525671227275214,-0.045124472065162916,-0.03769789433613329,0.0
1138,-0.3034530763738243,-0.18166839083496916,-5.067064114957724,0.0,0.4892422547932164,0.2880074512322189,0.7162625395540378,-0.10449575176980093,-0.025632422281068212,-0.04480766131854968,0.0
1141,-0.1068660132792185,-0.20160855414289738,-4.5993750894259104,0.0,-0.16890826907212766,0.5816886728706924,1.0405432836506487,-0.06173970777641632,-0.0309683973573529,-0.047526380887593346,0.0
1156,-0.33455086667565215,-0.3578500986909499,-5.263980260867148,0.0,-0.09065568927059107,0.19528106084391084,0.5542860024270492,0.0453639560679946,-0.02571481642748862,-0.04876700874799771,0.0
1160,-0.05347827653182939,0.025111192228746422,5.368051778408855,0.0,-0.11903673245881359,0.11276931217895274,0.6488417592348911,0.024921200087203464,-0.0253111518942323,-0.04453345044260082,0.0
1169,-0.43740705060621016,-0.3342455508989795,-5.697039129759366,0.0,-0.4488543425387629,-0.009161828025721555,0.32907193763605125,0.002018807275745748,-0.03516846232765654,-0.044606977992705465,0.0
1184,-0.12385222632472152,-0.12575974617057195,-5.243941159835618,0.0,-0.8250983665920046,0.01898052602320972,0.45444997913615226,-0.22120098183603418,-0.046892815838814036,-0.040522809074644804,0.0
1194,-0.20080952334619334,-0.05020119327433592,-5.343046314661852,0.0,-0.4899552497834726,0.019821807050972386,0.40106692103409586,-0.14429470783712653,-0.03002360707201967,-0.034761205559438256,0.0
1197,-0.3372440802628423,-0.4488375600888314,-5.33447581627036,0.0,0.014164178645733945,0.27458836852593344,0.5909050178521437,0.04980961591757562,-0.025348717795842197,-0.036816439087584155,0.0
1202,0.0015111676886951403,0.2745484090801836,-4.128784587586008,0.0,0.32856665740098995,0.5245978152435496,0.8948680781891845,-0.05005662210987502,-0.036933913597337956,-0.0340668216442507,0.0
1205,-0.11622882014030679,-0.015303331295444058,5.3347538021868806,0.0,0.278508053859297,0.15279689224359502,0.6615229687179319,-0.09804318053271671,-0.021045629584288655,-0.03425237756059214,0.0
1220,-0.018236621824399217,0.2614704316893306,-4.370062154126609,0.0,-0.5175543225165672,0.2676228058724015,0.8517612525924185,-0.16832664037270936,-0.05938580271603628,-0.0338173587891598,0.0
1221,-0.40125721563677347,-0.0979123800986864,-4.516020428782916,0.0,0.5990168468609269,0.23715658033513312,0.6567185899232098,-0.034501011499889184,-0.026670445045870808,-0.033937845567715924,0.0
1223,0.04122492761085053,0.05111534264419142,-5.193615644357351,0.0,0.025950982122833734,0.16336172641200788,0.6591218049007231,0.011431462238267468,-0.02480029412870308,-0.04804808829594554,0.0
1224,-0.1396166034212307,-0.04759764986942493,-5.401024573342433,0.0,-0.5178295654683959,-0.05520594462514366,0.6004033878347286,-0.12044941706927023,-0.03807800253958939,-0.03704070233518532,0.0
1227,-0.2793458924629508,-0.4360087207554506,-5.213884877917756,0.0,-0.043679810194440054,0.28006876449018187,0.8655141661362761,0.04019731432343696,-0.024738766103098744,-0.036816439087584155,0.0
1286,-0.029573472594357164,0.06586692249937864,-5.235375949474612,0.0,-0.6620258926242284,-0.30628100738559805,0.7989286134082557,-0.18423567931093807,-0.04339502111088071,-0.02450957926797204,0.0
1290,-0.44056759385266264,-0.22503682192078564,-4.970269498884128,0.0,0.37074172642147907,-0.5369685509201755,0.7487970754345946,-0.04618997988225841,-0.03885720980253732,-0.02320470780560048,0.0
1291,-0.17647575980335417,-0.026098352902232964,5.6724955126856225,0.0,-0.16969242630366435,-0.273965606993342,0.6941689978893326,-0.04131426183498769,-0.030027200498738377,-0.020974601207656995,0.0
1295,-0.3154238139489226,-0.15421539337802206,-4.780373069931887,0.0,-0.7053399933933193,-0.4328302297590453,0.846879870024328,-0.175741025333614,-0.061951108995785986,-0.02497058197767715,0.0
1298,-0.13728519070826092,-0.13119657322977368,5.481352303298185,0.0,-0.059359349545618494,-0.354185506807776,0.6998690356194377,-0.0007332425578605529,-0.047128545974931366,-0.022768725747321823,0.0
1306,0.37081591513196305,0.04390421877738785,5.471320012353887,0.0,0.05257727128409899,-0.20278732449903775,0.7600128036516962,0.11259625768532006,-0.026634427811631823,-0.02803241236515073,0.0
1317,-0.029708369419305658,0.06586692249937864,-5.22794217390031,0.0,-0.6180696545274228,-0.2843408480535834,0.8184794762332811,-0.18327377641013534,-0.04355887191401499,-0.02450957926797204,0.0
1319,0.0006403453730954062,-0.22230662939048862,-5.364691704248407,0.0,-0.22413155997642778,-0.41743169071383274,0.7299454026332356,0.07337436787667381,-0.030352742837891213,-0.02226902576749134,0.0
1346,0.008528432546825634,-0.3016091733114138,-3.9588878673105605,0.0,0.33745337878870124,-0.18596762971997083,1.3945709904401689,0.06467072158390622,-0.06694010916356045,-0.022150338661828934,0.0
1363,0.02033000562285233,0.10887964210141267,5.223372392088376,0.0,-0.302522838708404,-0.35593005271445194,0.8241711565037128,1.1792810510828153,-0.025962126493212532,-0.015612360643871871,0.0
1372,-0.19848534382215088,-0.08666721199757293,-4.875738822411665,0.0,-0.06638754501998588,-0.4600160988452914,0.8830323644458874,-0.03285148015394088,-0.03485828477192214,-0.022941215136104087,0.0
1387,-0.016322182752832058,0.002613214234596086,5.490674425134088,0.0,-0.18751446605765756,-0.2017281012683046,0.7002729778138779,0.012377639618444632,-0.030323514417160663,-0.02233462145396749,0.0
1388,-0.034635803071571575,0.06761162420573481,-5.227155871554217,0.0,-0.4822676480897075,-0.2921589658855329,0.8586470989888305,-0.17810267318666936,-0.04211034088068416,-0.0216675129845196,0.0
1408,-0.6416480176240831,-0.32869122902745823,-3.9248288125630593,0.0,-0.46244165831410006,-0.4417352060649895,1.2116584320299701,-0.19948480136958432,-0.06754459129986878,-0.022509169212730943,0.0
1434,0.13308740983859646,0.09167817335715568,5.076560939828722,0.0,-0.06893701629939765,-0.2710704686826189,0.7381771215435166,0.05053488815943243,-0.026719853291671165,-0.022098245771118054,0.0
1443,0.2715219469206175,0.29296417062914126,-5.204315776676901,0.0,-0.09572569369631083,-0.24655893567003853,0.7711775546509532,0.05971519837365722,-0.023420540727059024,-0.02269053030021608,0.0
1444,0.27308709439084966,-0.07472500973493744,5.4132029934914145,0.0,0.6594227090554257,-0.11588712193043539,0.673600376543903,-0.09380223640562889,-0.04576001672333822,-0.019621504366176178,0.0
1451,-0.5549097886593223,-0.12068000447753044,-5.069358446143925,0.0,-0.5895144667891122,-0.36494160309180435,0.6765944694669156,-0.18095861639124988,-0.04158158086787435,-0.02450199463996183,0.0
1454,-0.4016693470329883,-0.2987568659767889,-4.600206824093753,0.0,0.0756181103446001,-0.3822343472775248,0.8862719151074806,-0.08073000647121246,-0.06680321916026254,-0.020823143863586132,0.0
1463,-0.010190089454663197,-0.19278934278152438,-5.307636781743439,0.0,-0.3898580493234594,-0.37399935479207974,0.8489499751924464,0.08330567171576181,-0.030753756045290386,-0.021552676472765306,0.0
1470,-0.08061497258592612,-0.21556597264809352,5.442182781313397,0.0,-0.07551510244677986,-0.33291306114828934,0.7070744859623861,-0.07390175199745866,-0.0472139932741884,-0.020552309767335207,0.0
1481,-0.4134057937785443,-0.17153155672096815,-4.9016508769771345,0.0,-0.6321495241340234,-0.40000227926962945,0.7159954508039665,-0.1693111137876563,-0.06211495979892025,-0.025047413744441412,0.0
1497,-0.0475223258673796,-0.05186413441630572,-5.143816866854403,0.0,-0.4899910032842724,-0.3286062581146916,0.7960540456961024,-0.16533567364958077,-0.03814086753732886,-0.021677079901450323,0.0
1517,0.05676183978494048,0.05737509438696098,-5.053107990468631,0.0,-0.5450974952815555,-0.39245197847221147,0.5129600999211897,0.6234829401431431,-0.021476417628992977,-0.029392935685837375,0.0
1531,0.0716129519404426,-0.015367018673766497,5.324344767857689,0.0,0.06835033795210806,-0.293942845262245,0.8053978909540399,0.11404032256422822,-0.027557930528148995,-0.02028618237987332,0.0
1550,-0.1996568214991733,-0.09535876144461994,-4.840392630171238,0.0,0.2156457808145361,-0.3149846650030825,0.8485897280714553,-0.030650877256881176,-0.03417803362240496,-0.021530720520863876,0.0
1557,0.18141707125941448,-0.15358111815790884,-5.224490316079602,0.0,-0.5078946081876334,-0.4290591135020803,0.6023847983605064,0.36661146336831235,-0.029320210095423377,-0.030196336364209424,0.0
1566,-0.48218303796605627,-0.07273813493088561,-5.160941580844745,0.0,-0.24865509821996828,-0.4498777971079881,0.5918201615763076,-0.05663157303008968,-0.04644491814204682,-0.021313666910918763,0.0
1571,-0.02401531316316989,-0.19382052175069991,-5.363880288960282,0.0,-0.381567424753855,-0.33597803595179826,0.7798672715587438,0.08899294194504209,-0.030753756045290386,-0.021552676472765306,0.0
1588,-0.17863602131374626,-0.11552453202851669,5.574155065375623,0.0,-0.02201859298215757,-0.367969056015068,0.7075271110020006,0.02836504569971527,-0.04677969096637202,-0.02135823113208161,0.0
1596,-0.4585026901658242,-0.25048867068039926,-4.965829275129181,0.0,-0.3423863188489191,-0.5017737557850538,0.7560198670817374,-0.009121949582289367,-0.06239225329652892,-0.02245441164019546,0.0
1598,-0.08062617849314292,0.10263471620850796,-5.253710463267953,0.0,-0.3217900652051353,-0.26469091018837876,0.6350591587361217,-0.04511114568145804,-0.041425211164347414,-0.021744344751283857,0.0
1599,-0.2191168205922728,-0.048872815850278264,-5.402685629768378,0.0,-0.5230109195123028,-0.44311096732527133,0.6793681603615614,-0.19190127175065463,-0.04971014247657014,-0.022275167065232148,0.0
1612,-0.19969214038455413,-0.10420084535764144,-5.223363574694221,0.0,-0.06497407984415883,-0.3967087373022249,0.693157547472623,-0.007470342748366954,-0.03345459574005527,-0.021530720520863876,0.0
1619,-0.11676933059919685,0.19293254710251978,-5.080809107091307,0.0,-0.6161956700010451,-0.3924366053129368,0.5814069311816972,0.35365483675414816,-0.02846623777451298,-0.0287527908584266,0.0
1624,-0.07789454519955173,0.10238973190952068,-5.254255183466289,0.0,-0.32194684885514,-0.2648476938383836,0.6331240777063043,-0.04480442614789725,-0.041425211164347414,-0.021744344751283857,0.0
1638,0.40991458947597126,0.39934845778748984,-4.625545263928362,0.0,0.9049844314268565,0.0157588680896969,1.0464687040169116,0.05926457854558121,-0.018375196539033724,-0.02269053030021608,0.0
1642,-0.5822063671533354,-0.05397660674665658,-4.999297247779895,0.0,-0.5151685832186422,-0.4142330276822311,0.7426348832481605,-0.2118712739776004,-0.043021852399747165,-0.02427301013122783,0.0
1649,-0.05968392733619168,-0.1931786355148059,-5.360693104336732,0.0,-0.37915683024939156,-0.3457323662210582,0.7500765616946523,0.0032919746431431134,-0.030753756045290386,-0.021552676472765306,0.0
1658,-0.3153709380893425,-0.6053297548357521,-4.596044138280056,0.0,0.1617721928196942,-0.5016462992914208,0.8085039309402053,-0.10101848065783477,-0.05519408543086836,-0.021800011629130082,0.0
1674,0.06980227511704279,0.06857125828012674,5.288204234585091,0.0,-0.020087421888460324,-0.22758553825624078,0.6992395987755521,0.025428674909901947,-0.029759048302989338,-0.021052355035114628,0.0
1681,-0.32063091865312704,-0.3063534593339774,-4.481411017916509,0.0,0.4291017917402186,-0.526561428316826,0.9629589772399878,-0.08685522928716805,-0.05642288406932079,-0.020424532109825564,0.0
1693,0.15184341928212922,-0.12121351883562485,5.450529563969207,0.0,0.31261715188102684,-0.09816497864450162,0.9105230347187908,-0.043861066342940264,-0.034165126599342094,-0.021631107851971414,0.0
1704,-0.2209689523204483,-0.08883239236308738,5.745048420174724,0.0,-0.16799082714274646,-0.2574259643570577,0.7218871877911132,0.006286619029860695,-0.03900024580531021,-0.021729225948443093,0.0
1726,-0.20420807869772573,-0.1443699324016302,-5.280210331044647,0.0,-0.52051478172783,-0.5656192109339293,0.49897796216786033,-0.03746661382217697,-0.03485061709936957,-0.022041460940380758,0.0
1733,-0.03701310464460833,-0.20480570645205776,-5.248230639306661,0.0,-0.37883370529890353,-0.3449764944813342,0.7410334304366721,0.002242712928997912,-0.030753756045290386,-0.021552676472765306,0.0
1744,-0.5300993517997287,-0.12303722527178715,-5.0195641626001954,0.0,-0.34824146515587406,-0.2964233405613063,0.815803257508401,-0.20631612604230146,-0.041344672458256015,-0.021647987538257262,0.0
1751,-0.15642744411606505,-0.10176913711718233,-5.31200135078008,0.0,-0.39149652855817213,-0.389819744518372,0.7707189987607065,-0.05628882602729124,-0.034705103496567816,-0.02222012084654417,0.0
1762,-0.5300993517997287,-0.12303722527178715,-5.0195641626001954,0.0,-0.34824146515587406,-0.2964233405613063,0.815803257508401,-0.20631612604230146,-0.041344672458256015,-0.021647987538257262,0.0
1773,-0.7629403524855554,-0.1912129126116652,-4.124103023647018,0.0,0.18318994533149738,-0.2567406884107955,1.1342202461920157,-0.06628211147299082,-0.09502209363917463,-0.021689185936189934,0.0
1783,-0.37815391772838963,-0.2421955760667869,-5.426950576448754,0.0,-0.5400001439983393,-0.5676036328080191,0.6541203402535689,0.0046323988378597246,-0.029534971797389578,-0.05819409229541043,0.0
1787,-0.4653320622938869,-0.0926215219665884,-4.6405290611657675,0.0,0.24209354660724652,-0.4920526089882646,0.8984146126113274,-0.18599227767769563,-0.040797922912979435,-0.02412143095187264,0.0
1789,0.15319217085072095,0.10468343696243507,4.777119448154584,0.0,0.28988193557901454,-0.21545701506141307,0.8500748529104566,0.052212412014647415,-0.025824261809198338,-0.02214657411283663,0.0
1811,-0.09534165022538524,-0.1639805445182841,-5.399179227318854,0.0,0.05184961416679703,-0.34954615426464525,0.7838775310637142,0.010354523644762578,-0.029505692226356104,-0.020893657670857685,0.0
1826,-0.1256069291466985,-0.11924420404712642,-5.360983912421818,0.0,-0.3811229643376601,-0.4287340049653113,0.6325466711007577,0.0012221349483651353,-0.029735621662754015,-0.05991996093549869,0.0
1836,-0.06498904315044561,-0.22344141755454278,-5.152847583195386,0.0,-0.5342840659573671,-0.4407786537697216,0.5305083579672519,0.054097296455510584,-0.030769184877098957,-0.022559027781225593,0.0
1850,-0.26076806474786474,-0.28309240697550697,-3.946747586150659,0.0,1.6230359291750165,-0.5677919744891063,1.0364701922981616,-0.0771808680309287,-0.047080115961204184,-0.020424532109825564,0.0
1861,-0.4310208501497992,-0.24911715867598092,-4.878146542725132,0.0,-0.3797144171162157,-0.4897690733265199,0.7656958025122744,-0.022168768675943643,-0.06518773075643425,-0.022469602402081797,0.0
1865,0.01461643889631473,0.14168115795836406,5.362412072044103,0.0,-0.12622633110405548,-0.2237745263098929,0.679906405591961,0.01416889089184852,-0.029342905270852343,-0.0212004582467501,0.0
1873,0.042875597883381356,0.2141000473576714,-5.1381157442694585,0.0,-0.6429919804226794,-0.34578620229521506,0.6323865745550452,0.0558064617318886,-0.028667184659079706,-0.026040256406149334,0.0
1889,0.04543272315174632,0.0013622015684752215,5.5901232776513545,0.0,-0.15817793037189784,-0.2570965947601523,0.7553341650603906,0.03522007358860307,-0.027932687606475628,-0.022040518873738695,0.0
1929,-0.5432627765981926,-0.11392242009188665,-5.012435832732123,0.0,-0.5562964754624483,-0.3417756656886676,0.6231860231565578,-0.308981987604017,-0.044610531972318235,-0.025904422139952633,0.0
1942,-0.024087368614239643,0.009876724620148816,5.275954005516847,0.0,0.06840986547656919,-0.2964499398411609,0.692013270156784,0.020744400853320653,-0.02969740501902657,-0.021996446635281806,0.0
1946,-0.1457054403544824,-0.1509655067249208,-5.298262772639056,0.0,-0.2658427478507314,-0.36063037269076675,0.5840094928365104,0.004894438972685502,-0.03420397218086023,-0.02468303102615113,0.0
1969,0.4751257594058094,0.3313893638245501,-4.584350402536011,0.0,-0.2713043386447488,-0.18713259150522094,0.8341495164704187,0.08730547438212068,-0.02405314169841964,-0.024465191974017135,0.0
1977,-0.15385680690503295,-0.11588842625193645,-5.072126252904461,0.0,0.3296944944521339,-0.3284806100838439,0.8132096328041598,0.005400253129653569,-0.03308236266429737,-0.02263481992844749,0.0
1996,-0.19534778649248474,-0.2035728980345061,-5.254799042622071,0.0,-0.7645084550914159,-0.4248340733375454,0.3488306535618598,-0.015523056658783504,-0.0421728002156008,-0.02519856624661939,0.0
1998,-0.15722865315698253,-0.16893000253084492,-5.154645727138639,0.0,-0.03489945687323644,-0.48418140282858046,0.6731759440915739,0.026046662168906755,-0.0341691049537894,-0.02263481992844749,0.0
1999,-0.2315384419442356,-0.29902790776539556,-4.828542933620482,0.0,0.7710614928632817,-0.3702908819235525,1.0056292497734072,0.020915347954285825,-0.02828502931668818,-0.02254033313981556,0.0
2007,-0.05689973080855561,0.12286535624486995,-5.161318632411272,0.0,-0.2372746699073876,-0.3073564868979176,0.7511073287985852,-0.09158338745810822,-0.04154081542605735,-0.02282960609940461,0.0
2012,-0.008341028863827727,-0.19269535217371841,-5.302882130448566,0.0,-0.18155773185426816,-0.3524168565134852,0.7196034808262043,0.05056758100339953,-0.02715273243405343,-0.02198256631655496,0.0
2018,0.1010490470761539,0.31017302430621246,-4.939609248118123,0.0,-0.5147331516499467,-0.43663286510057586,0.5819882661934387,-0.010892630464672575,-0.028995489750272913,-0.024865001880288368,0.0
2027,-0.508321736526402,-0.2043541323534008,-4.439800086086315,0.0,0.12131981593466797,-0.5798785527587778,0.824314880649566,-0.2650350161708704,-0.02543678171061125,-0.02690571725892865,0.0
2028,-0.20703229518644664,-0.2678686708605734,-5.209987460901752,0.0,-0.8434675505093254,-0.41705299391856687,0.38187916067639843,0.018703857355819975,-0.05287744350456139,-0.02641662557691004,0.0
2030,-0.25709194934842555,0.017785892785214235,-4.03724347575761,0.0,1.5074165260023378,-0.5842714436272329,1.051932491171419,-0.17376905171850088,-0.027195465722432567,-0.020394163200203447,0.0
2051,-0.015689704880411444,-0.1235586957911522,-4.963660685689176,0.0,0.6002439358601932,-0.5322889271000137,0.8221644334476756,0.001094306603940815,-0.031635374879695866,-0.02273511931077268,0.0
2065,0.5175774577786687,0.3567510941055553,-4.48583945306499,0.0,0.2824169922184001,-0.14918388005084987,1.000067922393317,0.11988790170053529,-0.020254867970141463,-0.02404060107338626,0.0
2070,-0.4896025944789883,-0.16542125621363887,-4.791267895827452,0.0,0.2548662672721042,-0.27671912561953144,0.878950525055122,-0.19771689718347385,-0.04883875060453493,-0.021761526471578616,0.0
2071,-0.035725656275165454,-0.17128491382404176,-4.9610006973799505,0.0,0.5816862167564006,-0.136796727270656,1.030771662635139,0.038734972865972064,-0.02369900954322731,-0.022665714393002415,0.0
2077,-0.0025852093027518425,0.015946765801823637,5.250438388742798,0.0,0.1093592476037045,-0.29536610999560137,0.7423649088604185,0.06879087109520324,-0.029484887215607856,-0.022191232806238925,0.0
2080,-0.10248556445471466,0.2343453829970073,-5.020796158497823,0.0,-0.2143851248722946,-0.31253324138069283,0.807062436541505,-0.08500985370502397,-0.039622831768719516,-0.02282960609940461,0.0
2092,-0.3340534652668206,-0.12816232814734377,-4.688081439260225,0.0,-0.5848055111085091,-0.29372516797690046,0.7701208349898456,-0.16479431354589938,-0.06445047175090192,-0.02676440948204727,0.0
2094,0.0418717808048943,0.2145789989412853,-5.129247235983879,0.0,-0.6717329837234709,-0.34674177272761314,0.6145855430655558,0.06618895525544707,-0.027460147321838622,-0.026370580045928016,0.0
2107,-0.06819953008797398,-0.26660864134585993,-5.2011476288192835,0.0,-0.017104820967746133,-0.32162484420645054,0.8072653072622082,0.05442083386755506,-0.02659171656076717,-0.02404060107338626,0.0
2108,0.10016366456752662,0.11950566540757333,5.431361765856626,0.0,0.010044195138321632,-0.23286750648788257,0.7730903809009273,0.1588444532874378,-0.02769038340345833,-0.024564778262145343,0.0
2120,-0.1281792875220804,-0.12340881219018175,-5.139439637747607,0.0,-0.007764213131487664,-0.48282832733021164,0.7559875879184063,0.05905012391038668,-0.033103306692228635,-0.02273511931077268,0.0
2124,0.04354931603826047,0.015328894866133315,5.344914990511305,0.0,0.6816387888179153,-0.27430241905033387,0.6501762533661042,-0.11872842913516728,-0.02344682212146459,-0.02037374676496007,0.0
2133,0.154044287271987,0.31114355910080377,-4.9628225708248745,0.0,-0.47173112007480933,-0.44918575116633136,0.7676262325900398,0.06323308949159803,-0.030011693154219844,-0.024865001880288368,0.0
2142,-0.43298473978797,-0.27046464266106035,-4.6856151061352636,0.0,0.03792772416436149,-0.5946149952056232,0.7516437529943322,0.04702038071803914,-0.06592337872931853,-0.02380506626173821,0.0
2151,-0.34110658812152705,-0.3000876116169407,-4.575974067979272,0.0,0.02540987155015422,-0.3543080299936885,0.790205182470585,-0.1117131239054633,-0.058834641423209114,-0.02231154798193428,0.0
2158,0.040450682166666176,-0.03803265577805621,-4.907053290113012,0.0,-0.4241668581587676,-0.3059462378668467,0.790983581669106,-0.23375901465745214,-0.04170154525882801,-0.022969005274653894,0.0
2167,-0.09485452723493418,-0.1631268256369381,5.535258664313676,0.0,-0.6438261427984774,-0.3369714712740264,0.5442502181838071,-0.021358411971636928,-0.03767902629182643,-0.024606281717521362,0.0
2190,0.22987569723592902,0.5697745192133852,-4.140727272063006,0.0,0.3093365421800816,-0.1861400729315859,1.1294361697684623,0.07447530986010244,-0.025408864929341135,-0.02404060107338626,0.0
2194,-0.1495401853853382,-0.12340881219018175,-5.13947005401416,0.0,-0.046776305197555226,-0.4826715111432099,0.6938268557747025,0.014979298948398076,-0.033103306692228635,-0.02273511931077268,0.0
2204,-0.3626336568023565,-0.1466654520281637,-4.057664150659688,0.0,0.1842447367718895,-0.1312022460002326,0.9601465470321243,-0.0862970839355282,-0.06510571123037977,-0.022746249575635948,0.0
2209,0.19413507302505498,0.2612132070222824,-4.847695861425305,0.0,-0.2616850934508446,-0.2150186236923311,0.9067606532919672,-0.0630959440313685,-0.03807454160970894,-0.02313594323141747,0.0
2211,-0.410936199115194,-0.0607838698779547,-4.306874613113658,0.0,0.18493266394802368,-0.3524984277671036,1.0215639290385692,-0.13609999510142062,-0.08071544693867079,-0.02297030580402373,0.0
2214,0.03378211282497022,0.12559371936671626,5.350026326427904,0.0,-0.09437390777984414,-0.22645393654843957,0.6604720024998829,-0.006994987581414058,-0.029575425924244586,-0.022285719594870853,0.0
2223,-0.507088355028158,-0.2546983926382922,-4.305248215116654,0.0,1.203922033230045,-0.4772628196414862,1.0446463713811733,-0.19432282084190097,-0.019499323136612352,-0.02193593605742936,0.0
2228,-0.29546943819447175,-0.09604544526667642,-4.34474555023669,0.0,0.24547695833548208,-0.4849408305084761,0.9188627444221628,-0.11872732380829046,-0.04823117695735141,-0.025684092456932626,0.0
2241,-0.024059328567202394,0.0154974359909205,5.251423437442422,0.0,0.07107323706031582,-0.2954034110817988,0.6801240124487467,0.02383945900304773,-0.02950901382103421,-0.022191232806238925,0.0
2242,-0.10450511339175464,0.2343453829970073,-5.02337123016342,0.0,-0.20299822741143084,-0.31236904898623197,0.7989329439751691,-0.08978015037403099,-0.03990895781463509,-0.02282960609940461,0.0
2247,-0.463197925962618,-0.16841981464744948,-4.5332858396879905,0.0,0.6555712868322903,-0.3846494477541495,0.9256172053863212,-0.1487728445711466,-0.03833519490896711,-0.021199285837530082,0.0
2252,-0.34032025869908605,-0.2690281971643882,-4.493034304099794,0.0,-0.04384434622179899,-0.3093921800690818,0.8313013877293418,-0.10022721162137081,-0.06343402613551116,-0.02273712264200756,0.0
2267,-0.21742516742447707,-0.22875154344025567,-4.9483881082953545,0.0,0.3163689992984834,-0.4536420851561238,0.9360255425787731,0.0059102658035498174,-0.028355217385752016,-0.02273511931077268,0.0
2269,-0.2817964767680636,-0.028030308496240084,-4.2987964775671665,0.0,-0.6660316718252489,-0.6230177855249832,0.826535132134452,-0.1810361172313606,-0.032297856084117296,-0.03164587774904916,0.0
2270,-0.1004054965904399,0.23545486871214963,-5.021146806439245,0.0,-0.1887039198019278,-0.31253324138069283,0.8921950281610515,-0.08985291371843873,-0.03849553047645404,-0.02282960609940461,0.0
2275,-0.5479283075525813,-0.05968512034460209,-4.9504742631070915,0.0,-0.5080537166283695,-0.3636849116314799,0.8096754564391506,-0.234868198172319,-0.04952193058861794,-0.025622769571916382,0.0
2284,-0.06893917111728197,-0.27278435874835877,-5.040200674709596,0.0,-0.45602919142843396,-0.2661737314048668,0.8358243730806674,-0.02025316266170194,-0.03008767281428964,-0.024714810637180225,0.0
2300,0.052413160680576575,0.08901673254399363,5.2752338540040755,0.0,-0.13020199370575433,-0.1977989472077236,0.7623412902967363,-0.041738433482728717,-0.02889163169599776,-0.022592056726883716,0.0
2313,0.045371925732645736,-0.04138025150070234,-4.917946428533405,0.0,-0.6174978949052938,-0.35168235838139916,0.8237966650741074,-0.32595851905759265,-0.04258056980045,-0.02581107155810634,0.0
2314,-0.09905741032539785,0.23545486871214963,-5.021146806439245,0.0,-0.1887039198019278,-0.31253324138069283,0.8911006407872166,-0.0901066126096459,-0.03849553047645404,-0.02282960609940461,0.0
2320,-0.26030318431074445,0.04030755851086011,-4.007928748639701,0.0,1.5260243882637914,-0.529000510615705,1.141012708766765,-0.1333823982777966,-0.026757920371780486,-0.02053333800115575,0.0
2324,0.03166923157755706,-0.015161954676616388,5.604692937357417,0.0,-0.1884109246954462,-0.24740280645443055,0.7887308898562682,-0.0010995385519363971,-0.026683713187795655,-0.022796037452262618,0.0
2364,-0.020078252404457757,0.021477198187092084,5.5459557221045745,0.0,-0.20322040106701558,-0.2634004591251012,0.7132990684707331,-0.002114547918280032,-0.02899148464110374,-0.022865442370032876,0.0
2381,-0.5507064919923188,-0.11098717117700967,-4.950303624200046,0.0,-0.5737726126443471,-0.39558157023834445,0.7936072841872892,-0.42744361763665273,-0.0509840160495386,-0.025904422139952633,0.0
2402,-0.505282997381478,-0.16498520586334053,-4.693897287736104,0.0,0.2973542108408973,-0.24601959857015535,1.0253361231127054,-0.1649354298313796,-0.04665234285483165,-0.021761526471578616,0.0
2410,-0.08058746492113436,0.23659455130058715,-5.063293296763432,0.0,-0.21646644463045672,-0.28735293588415933,0.917768044486454,-0.1890468438123522,-0.04051256501584327,-0.022969005274653894,0.0
2418,-0.2072622389440941,-0.11757081077052488,-5.000540271780098,0.0,-0.026597433085626038,-0.551606419692949,0.7744214571750375,-0.0037336767819259697,-0.027329515750656133,-0.02245346674273643,0.0
2422,-0.6141262712599389,-0.1927098829843665,-4.849158430496678,0.0,-0.05087277639720823,-0.5206278194434664,0.804653017726144,0.037553139899966434,-0.042326483931473036,-0.023357596861468804,0.0
2430,-0.15013236050505108,0.1113221157456835,-5.128757421639558,0.0,0.015016590139226968,-0.37023200337409323,0.8801111945284009,-0.020636850236232927,-0.028249008882277857,-0.02282960609940461,0.0
2434,0.1930052465282175,0.12015055144406832,5.067694143910057,0.0,0.14893414324851875,-0.258919782991558,0.7547572332758331,0.05019441135342493,-0.025757109673612697,-0.022351310296501056,0.0
2454,-0.04235856713709324,-0.02736932961073718,5.418554234273102,0.0,0.2941344791350476,-0.14375966914719435,0.7899133996743362,-0.07451851059097069,-0.03709953809789933,-0.02248523329542703,0.0
2461,-0.36560460164294617,-0.09114851364016427,5.560889039456427,0.0,0.08464918809269276,-0.23190418539681731,0.72047525102927,-0.1427317015491993,-0.05505671696300735,-0.022833028418124818,0.0
2474,-0.12951272547195222,-0.11680530962030815,-5.302998836632349,0.0,-0.42613014227649526,-0.43233582768156115,0.7235925112484626,0.011125833355767539,-0.027455431540082224,-0.06025028457527737,0.0
2476,-0.18513756979543508,-0.2643844161769593,-4.293635159143703,0.0,0.021728436192216385,-0.2736705046507441,1.0074677025450698,-0.1181195985886985,-0.054691510553954235,-0.02273712264200756,0.0
2477,-0.54311300551086,-0.0661661531416896,-4.915940460560687,0.0,-0.4237487533158481,-0.4163853108996813,0.8700395118082315,-0.413217371085025,-0.049524146026833055,-0.022716094410909566,0.0
2491,-0.11506712045471963,-0.0762029364491073,-5.230899538901496,0.0,-0.5199124207652368,-0.4873941542684159,0.7667378095530539,-0.06674772292268603,-0.035230506766206524,-0.023409328874566638,0.0
2506,-0.03915742905355861,-0.2166024272523498,-5.17727918643826,0.0,0.026338441279431118,-0.2970215990515803,1.0244443132275893,-0.007315582256375766,-0.027353247432423837,-0.022665714393002415,0.0
2531,-0.11395867796189223,-0.07677735980878152,-5.206704009936094,0.0,-0.4686328715460449,-0.4863929941695254,0.7801951649469602,-0.07050682414461147,-0.035230506766206524,-0.023296607337381068,0.0
2543,0.053775348869716875,-0.1600931892660671,-3.572802455908036,0.0,0.1729315449728672,-0.09749714275712013,1.3127864025944644,-0.08371090055936015,-0.046618367905998,-0.023179396813731167,0.0
2544,-0.5405774567225233,-0.11615365825500276,-4.51428714362963,0.0,0.27820134056345297,-0.4122318392999962,1.0248235286006084,-0.14663110084751274,-0.03627319084853543,-0.02488217460843908,0.0
2590,0.0618561326574092,0.007277543255221656,3.685259614491633,0.0,0.28804747576193784,2.0477088525937024,0.7747342352901292,1.0223888543707627,-0.020299170130691872,0.1991825488207492,0.0
2591,0.07826461978515992,0.09043368589927257,5.49817428713948,0.0,-0.3040326391859405,0.1004787264563017,0.685642632779923,1.5294951987667467,-0.022235757016937537,0.27141819770860487,0.0
2595,-0.014919862951891127,-0.00891835323993064,5.618807012741447,0.0,-0.1620466243930007,-0.10697171727159133,0.7092228144185093,1.504193085911529,-0.022468188242637775,0.1898698411548734,0.0
2600,0.1707988749035117,0.10678566466007022,5.81786395772782,0.0,-0.1912370655914152,-0.13056929015286903,0.6057782721299462,0.06427404229277593,-0.023326438496869602,0.4533250654564148,0.0
2603,0.19467605204315674,0.2965668785674726,5.782112848224562,0.0,-0.2623967799586689,-0.0646161078630579,0.6386198672788436,0.06787484875750821,-0.02294703709093376,0.43162799935370433,0.0
2606,0.07239780803824816,0.0993805469215776,5.632111693356257,0.0,-0.3090115698687936,0.09251935937149262,0.6633734214692414,1.4001012593566304,-0.022148872969438998,0.2994885253604914,0.0
2607,-0.17110034289315318,-0.0025396416436175104,-5.177704664935241,0.0,-0.401474790232649,-0.9810488380683934,0.39609279890180293,-0.009007835516352083,-0.02185752877718636,0.3634651437959219,0.0
2610,-0.00019402554923551808,-0.006696062829546623,5.6208079694398245,0.0,-0.11663444908537464,-0.002810342756196157,0.645413639090568,0.99928692037704,-0.02197253213312177,0.3735507053782309,0.0
2618,-0.06416140300972763,0.2380854868173578,-4.909391622989673,0.0,0.0015889631289170807,-0.2943467190748351,0.9350799306792391,-0.2034819737786214,-0.036666486689877806,-0.022856283737468324,0.0
2620,0.030345029333263208,-0.15929407110665622,-3.561311348405721,0.0,0.15213386430268358,-0.09744057037616896,1.3141830222438031,-0.05406943884512444,-0.04577524710561242,-0.023179396813731167,0.0
2621,-0.3798249982430722,-0.03700823123332686,-5.286673880952927,0.0,-0.6359103705643672,-0.568473123253734,0.8014031645641588,-0.05979570542942964,-0.028303063669601357,-0.06051946615205085,0.0
2622,-0.141024326964668,-0.0728289193706491,-5.144099827659988,0.0,-0.4686168619710338,-0.49589577151108055,0.7721913830091122,-0.06522502292813866,-0.035230506766206524,-0.023296607337381068,0.0
2633,-0.15319375184000922,-0.0807936453982377,-4.856436056686154,0.0,0.5218589132254592,-0.47027466431478643,1.100594181578325,0.015883088605409264,-0.03246364540211184,-0.02262239777358711,0.0
2637,0.14734029379215963,-0.04304068014431155,-4.674290493549799,0.0,-0.43397931203132445,-0.39554998964053845,1.0020071837672806,-0.37851571397489947,-0.044311962246446485,-0.022885025441760246,0.0
2638,-0.15431187880654948,-0.08012461926656254,-5.002354263068082,0.0,-0.06444103489479407,-0.5776571909546052,0.7941662248871438,0.008912230246047993,-0.03189421457328555,-0.02262239777358711,0.0
2642,0.6356356586360657,0.4291424721193415,-4.59762219349391,0.0,-0.35802002217988466,-0.08505805745628434,1.0865785625980997,0.07357175950113042,-0.022768116544626543,-0.02460208909999465,0.0
2649,0.10494397804664746,-0.040976749975265896,-4.753201473094153,0.0,-0.616018669818264,-0.4088746861053537,0.8973103345986475,-0.4008942147459109,-0.04583072786324917,-0.02569835002092077,0.0
2663,-0.5640692592038773,-0.04258488298840778,-4.798992923027315,0.0,-0.6202353064210308,-0.5238293867517331,0.8469809532901494,-0.38661372851421216,-0.053313230601519074,-0.025510048034730812,0.0
2670,-0.35076373526532484,-0.03857701234129213,-4.350876180021349,0.0,0.9143862806767888,-0.3611484749809151,1.2128982470105814,-0.1609218748763934,-0.065660754413838,-0.02042974339759857,0.0
2680,-0.31831735011773926,-0.13836456341710235,-4.638686785579305,0.0,-0.6712856634654304,-0.3877732979951671,0.9068883402959206,-0.33216411748569025,-0.06713679495957024,-0.0266516879448617,0.0
2687,0.0788296985804152,0.26321515170979803,-4.723908080662919,0.0,-0.5915025140128454,-0.3794922967945169,0.8669572879484648,-0.0490298635262297,-0.029074342556244713,-0.024352470436831558,0.0
2697,-0.5236208723367265,-0.22780560238832998,-4.067786684807393,0.0,1.0931496637668663,-0.4472942499612593,1.1891067198596101,0.05553463284280472,-0.0189102225722116,-0.021823214520243783,0.0
2708,-0.14116088087866177,-0.20804680013202442,-5.208237281509096,0.0,-0.37134790495951975,-0.4376809169388912,0.8555211344851585,-0.03804323283296918,-0.0347958251540937,-0.023098173868847424,0.0
2709,0.05361951162580449,0.04825585413151734,-3.545949071750153,0.0,0.7368806027038773,-0.01568083162923335,1.3724644378941597,0.06724526682231784,-0.0354750633707726,-0.023179396813731167,0.0
2725,0.3491447600174074,0.015275317966358632,-4.218725157157994,0.0,0.2801319192461143,-0.10751185248013206,1.158313599919047,0.14549803326689312,-0.04627009088241218,-0.022329190430255063,0.0
2737,-0.18902986645304903,-0.2479748231346789,-5.21616462438963,0.0,-1.0053366397585386,-0.39232831187426237,0.6834728740372328,-0.06608986731308372,-0.04302632617754845,-0.02549364767023015,0.0
2740,-0.039331422304126736,0.132013334270082,5.004028910563935,0.0,-0.01724986117576671,-0.30453844147044107,0.9058035176807401,1.7066169814577816,-0.023835968446868767,-0.02866800520005437,0.0
2742,-0.06499682357260228,0.22777637276337337,-5.006594960979823,0.0,-0.21671563648856113,-0.29823012568145496,0.9649952322723395,-0.1950505171614725,-0.038134221371852434,-0.022856283737468324,0.0
2745,0.4050314045432854,-0.11348478699324459,-5.038202660455939,0.0,-0.6443582975595639,-0.32569266790664875,0.6718873566483792,0.06526811292511595,-0.02818358693331497,-0.03252499359585073,0.0
2749,0.04038839931116975,-0.2580365723337154,-5.116904696108837,0.0,-0.6645244487884965,-0.344630174077051,0.5362605540023242,0.0011612979047530723,-0.03763390072337358,-0.026306447409096892,0.0
2756,0.3055118526704331,0.2972449479684237,-4.993498265702302,0.0,-0.31380402890317755,-0.1734044355242665,0.8746744315591961,0.029009011555491578,-0.023019006956536987,-0.02460208909999465,0.0
2764,-0.005193577867042741,-0.19280174620402613,-3.6519011267511745,0.0,0.16196490908032038,-0.12810914467177656,1.2037349370525432,-0.06422775204690681,-0.04702821738501045,-0.028994247674949018,0.0
2774,-0.005194687565593284,-0.19202347493587307,-3.651963315178258,0.0,0.16176461614602142,-0.12810914467177656,1.2032202568443227,-0.06422775204690681,-0.04702821738501045,-0.028994247674949018,0.0
2775,-0.17310768416065375,-0.16068670841296537,-4.37232283590639,0.0,-0.6356595397453904,-0.3698102431253148,0.7939798957544538,-0.27747759095177016,-0.058132404437631305,-0.03246653880607957,0.0
2796,-0.037755135934332155,0.11223650251749362,-4.93557461992488,0.0,-0.4781981876413937,-0.4026412021001137,0.8515592978376548,-0.18162406023500263,-0.04627652727355701,-0.030340855095717535,0.0
2848,-0.27551877635577066,-0.532688802286526,-4.830872660703094,0.0,-0.4803904082688566,-0.4003299258675521,0.5518211161163044,0.09399690311367473,-0.03830688802249277,-0.03417525139033676,0.0
2850,-0.6266681084830394,-0.0850343103260463,-4.569503771761122,0.0,-0.012493409371311276,-0.5391806281376826,0.5976758865264994,-0.25818329594076783,-0.07950899579857992,-0.026093186516453096,0.0
2858,-0.2149840808197736,-0.13935547415145738,-4.436101035463505,0.0,-0.557097124135499,-0.4057449880339208,0.6268963485112272,-0.14266477746247408,-0.06404049987843144,-0.03246653880607957,0.0
2868,-0.17009162584126933,-0.03579114169698343,-4.164388303877537,0.0,0.33018288159159787,-0.3084005108869804,0.7062185240023408,-0.20564366775556456,-0.03267054921131743,-0.02830923606206748,0.0
2877,0.2679270105108957,0.4604329594394628,-4.45613787236819,0.0,-0.22394874802886572,-0.1435782408443751,0.6515445015582436,0.28727466674964625,-0.01786472951973486,-0.030659617153156536,0.0
2899,0.045160939275991366,-0.00038843412240526735,-4.658224438811775,0.0,-0.3106557070028871,-0.40396908278328103,0.6811383935617715,-0.22561433104232897,-0.05035801569048772,-0.02751594035720602,0.0
2907,-0.13549772855855927,-0.32740202311115346,-4.952006762369417,0.0,-0.40088759519907696,-0.2865868379361015,0.6358397978237991,-0.20178741582991416,-0.031592686563389885,-0.027869707494407554,0.0
2936,-0.6329502909044106,-0.02629838359062717,-4.722402096436548,0.0,-0.6699026756650316,-0.4978675212588376,0.517920185696105,-0.3064700815385018,-0.06621882997902433,-0.03015255310952757,0.0
2939,-0.009675769247557272,-0.06728181937881016,5.6074769340931425,0.0,-0.1352572878692459,-0.23802652895996002,0.625866608098553,-0.12841042835462813,-0.02633477325767836,-0.027325820989873798,0.0
2949,-0.241638962844484,0.045462307268812834,5.695063629414017,0.0,-0.4152365218065888,-0.43487162419463654,0.4933938233502494,-0.3061951126368469,-0.03408942849743478,-0.029608666604993807,0.0
2956,0.19819008431103077,0.08498495298336906,-4.619555396918973,0.0,-0.4025017527299261,-0.2194561808477741,0.9875139857548021,0.10044460771377596,-0.02660193810054428,-0.03130816654433554,0.0
2969,-0.21123348071490056,-0.028591810969633372,-5.042082142741778,0.0,-0.28741096953276324,-0.4708338489388436,0.7826343799440579,-0.1633485288649558,-0.03749041675567921,-0.027939112412177825,0.0
2978,-0.10120261254075066,-0.023656940181471003,-3.9664420300902075,0.0,0.26880715471599803,-0.1707712242481077,0.7938056266131482,-0.15819339205654923,-0.04109681395381053,-0.028994247674949018,0.0
2982,0.6706547057211716,0.19417797617555244,-4.2366612398706245,0.0,1.2774469518861242,0.0165302923100339,1.117386824397382,0.4978168279388663,-0.016682606047474735,-0.04704751263708457,0.0
2984,0.0642756059939221,0.10931515205181772,5.42541995901219,0.0,-0.3362633452643708,-0.3045158271463182,0.5931455037648408,-0.09509723068104016,-0.025735311918038673,-0.027689688662266846,0.0
2995,-0.06788065933816669,-0.03445163691817433,-5.005664285911841,0.0,-0.0530686503921771,-0.3689513880311877,1.1757971086914238,0.11283991093516074,-0.02578219720910931,-0.04340804205934292,0.0
3014,0.20786762314437496,0.05337510546911699,-4.953951230813783,0.0,-0.1916493313217329,-0.40768502567716125,0.6542306664129349,0.006256434883425246,-0.0293368904318592,-0.06762137668155238,0.0
3057,-0.14753459068394806,-0.10439542801100277,-5.218117614111458,0.0,-0.49418318984338605,-0.534501022456373,0.4829223162654474,-0.06015508484940111,-0.02955220893068672,-0.06729196709363239,0.0
3061,0.011477742950262371,0.15430228606098884,-4.742919291395499,0.0,-0.49481657004841906,-0.46240013614929526,0.3114123126935041,-0.2690803390737755,-0.05426427942241596,-0.03232203991710475,0.0
3062,0.0016589432081403185,0.1537625033769789,-4.732491788206138,0.0,-0.4304401698338015,-0.47418140797100466,0.25569341484562436,-0.26795798353034717,-0.05303386094932633,-0.03161996524188208,0.0
3064,-0.04300267260858387,0.1799677086183064,-4.996785933654147,0.0,-0.5776106546223696,-0.44107728050461986,0.275089730391552,-0.2212174645985729,-0.030316505146367398,-0.033669756044373764,0.0
3065,-0.521719134561161,-0.3246352514316678,-4.506113684178072,0.0,0.17786650193610548,-0.6564423464712482,0.29352316006958046,-0.12302753333396782,-0.0723047719515912,-0.03481226839679644,0.0
3068,-0.597616047377324,0.02253198437931908,-4.729929580470549,0.0,-0.5057616737315943,-0.574402641235711,0.22365940169179757,-0.27358700213570164,-0.06078009657118451,-0.035209317214918,0.0
3073,-0.07619467247800414,0.21192355578410466,-4.988771854449352,0.0,-0.34968179382775183,-0.3258378111459376,0.20220020641406697,-0.1735178671275973,-0.03243412074525613,-0.036377771935664986,0.0
3074,-0.09573707816810029,0.0015721811709427198,-4.367882130465203,0.0,0.4814148899100807,-0.559047723638283,0.024644122463231492,-0.2573144360099885,-0.032637086155538196,-0.03916088565098994,0.0
3076,-0.23094472988532905,-0.24528091471361999,-5.122244111329481,0.0,-0.8438847237636387,-0.620465628135808,0.16206871645721727,-0.24852516191509197,-0.04945821517916843,-0.03535360437904368,0.0
3078,0.02415045175768348,0.15807569583017353,-4.733842633302185,0.0,-0.47848720133711453,-0.45911696515813155,0.26306084235579363,-0.26496271989678544,-0.05442655062908051,-0.03306123392210729,0.0
3093,-0.5972795962137213,0.02253961996590298,-4.730167525630166,0.0,-0.5137566596027099,-0.5732450838543062,0.228955647629996,-0.272431992081554,-0.06077112731983737,-0.034938255559473656,0.0
3095,0.21057046201238233,0.26921622536561085,-4.784440590334094,0.0,-0.6119874922517017,-0.3780334713777075,0.1937469777002795,-0.1988737192964145,-0.028989964081612078,-0.0356781679212661,0.0
3098,-0.478526505587526,-0.06337323472969417,-4.639971840536188,0.0,0.6108210100517779,-0.4535197155026916,0.24738295592404536,0.005643740696303657,-0.02847282635380276,-0.02593372177076168,0.0
3117,0.11207551752885563,0.32864278049078,-4.798044596085673,0.0,-0.599394727971218,-0.37224740320530864,0.23985111542095247,-0.20153128553558283,-0.029831132306533878,-0.03491679532344644,0.0
3122,-0.08927216399943701,-0.01765455198786084,-4.05631178599051,0.0,0.25437489308171624,-0.29224019803216666,0.2715352173911661,0.02038722332530177,-0.04477169964379202,-0.03487991946481404,0.0
3162,0.0343125478978195,0.1584987926330886,-4.754629872749272,0.0,-0.4760143053656414,-0.46255351542519857,0.28469754278425274,-0.2758492904306137,-0.054282041379527454,-0.03279017226666295,0.0
3166,-0.5912211573539696,0.02285007890878498,-4.736260505620576,0.0,-0.4766740148710982,-0.5639094254492948,0.1913901648322128,-0.2816467771447114,-0.06068508040774151,-0.034938255559473656,0.0
3170,0.4024760175092527,0.21881989873525304,-4.609844123866115,0.0,-0.2713924711052279,-0.515259801596168,0.37083585728096924,-0.13349840124171514,-0.03354797310630296,-0.033660415037540296,0.0
3172,0.2290867060431274,0.2707440635332719,-4.7946185977607385,0.0,-0.6007591076898697,-0.38335147021095684,0.1988814653830483,-0.2202347456920096,-0.028989964081612078,-0.0352280897087829,0.0
3181,-0.009013029702367193,-0.1897709868721521,-4.893655149883468,0.0,0.2635107585523371,-0.3391350943916489,0.1892295407186276,-0.26787415244406426,-0.03168020500281436,-0.03389953657655696,0.0
3187,-0.58829523975083,0.02242060317206883,-4.752680224419378,0.0,-0.4955976610729558,-0.5723603595521475,0.23151144691449474,-0.2805330353919633,-0.06062224700568234,-0.034938255559473656,0.0
3189,0.03024989192207138,0.030143040242870234,5.55762296861936,0.0,0.08895906111878431,-0.29395302435629966,0.290109605828628,-0.1019846678574738,-0.026763495265863222,-0.033355650072023194,0.0
3193,-0.01664345882278468,0.17730816088108137,-5.053330980136782,0.0,-0.6301837407425961,-0.3831242393194618,0.21080330690081267,-0.1983395200223677,-0.02793869697843358,-0.03446671711096324,0.0
3200,0.0387872472467255,0.10697461397912744,-4.790703929173037,0.0,-0.2629410820916768,-0.5254409228266849,0.21303651796412085,-0.4693878216952757,-0.052558906262385574,-0.032088097591440275,0.0
3211,0.034660984833275704,0.1583462993461451,-4.755308775849067,0.0,-0.47656341791106005,-0.4612900602060332,0.2842459364093197,-0.2756334383427468,-0.05427767031492546,-0.03279017226666295,0.0
3223,0.030380362241108405,0.04281919103372293,5.389346229395658,0.0,0.26693070458940155,-0.4042105180584187,0.2989757169499947,-0.05000632316760114,-0.03076200365947322,-0.031865568454907796,0.0
3236,-0.11259324861616708,-0.019880487616206352,-4.026354290830079,0.0,0.6076283801354085,-0.25081810461242937,0.30885465733781875,-0.10286678957538248,-0.03344688251830197,-0.03495746096247324,0.0
3242,-0.11123448563109214,-0.011419074153377872,-4.89794573553628,0.0,0.20472069034673784,-0.6056354746282276,0.28408387561213133,-0.22288097406529472,-0.04074193196677349,-0.03207115230046755,0.0
3248,-0.38549123912726563,-0.04263954961821051,5.65826037914373,0.0,0.39631863533985584,-0.2865988339003311,0.2817891992927995,-0.07657164895490817,-0.0479272457605029,-0.03274624279429715,0.0
3257,0.3222166332644146,0.01645701741294648,5.7809696800915455,0.0,-0.3624457768464058,-0.33949159656814143,0.2536565968239581,0.024282178532055013,-0.026439414206863212,-0.06351894326747991,0.0
3258,-0.05676811719984063,0.10554797034673873,5.585238715656452,0.0,-0.40416121545125655,-0.38024009244849005,0.21471335575005462,-0.0773554251089325,-0.026356890524413843,-0.035310737016360304,0.0
3269,0.3115574561038848,0.2033438456867634,-4.74424652417467,0.0,-0.26479391831243915,-0.43199051583391956,0.2774553148903551,-0.30064566543417887,-0.03421439892084989,-0.03394919671945715,0.0
3274,-0.02571035316681155,0.1838966155952741,-5.059273368044078,0.0,-1.0062055509403889,-0.7968033089893507,0.4364886852617174,0.4748314425321042,-0.022943685024934317,-0.07381132056710261,0.0
3275,-0.11169050203650596,-0.004277475840007913,-5.047382909578025,0.0,-0.3430034330560874,-0.5472383662897085,0.21019367857380675,-0.2091846595057711,-0.041701913799756254,-0.03378911922919502,0.0
3282,-0.21320453634643352,0.13619170115381193,-5.082428148825733,0.0,0.14941760468613882,-0.39895790885063137,0.3754730636386086,0.20961887332443283,-0.021598159132324827,-0.06181493801273365,0.0
3285,-0.10851572275479185,-0.01028575756647313,-4.898507007480246,0.0,0.176871447628172,-0.6032203792106688,0.21891915140558652,-0.22318351205735237,-0.04074193196677349,-0.03207115230046755,0.0
3289,-0.08243214184102941,-0.17114566146681526,-4.081625630622723,0.0,-0.36543699926825335,-0.44169529666078783,0.21353850215005934,-0.18650039071573385,-0.06479368964554211,-0.03739652206611601,0.0
3300,0.9825278950513636,0.30884129494130275,-4.535711782159162,0.0,-0.15359184442903853,-0.09549355087303137,0.44097099497708475,0.3326275009488244,-0.025321966174048506,-0.07521821325164399,0.0
3314,0.21535740773217585,0.16821255342048425,-4.692127701446991,0.0,0.32106513809359427,-0.4246712555760549,0.13028321207110852,-0.3492018673445317,-0.03176051761854516,-0.034677525033410046,0.0
3325,-0.02703231926728067,0.08588402394407302,5.525210800217595,0.0,-0.31415387708047743,-0.3915209664132872,0.2653094776107833,-0.28640282571246345,-0.03709347544962712,-0.03266212991876239,0.0
3328,0.4149024762512738,0.2088133272975906,-4.661997015926041,0.0,0.2083005904275,-0.5378179393382455,0.23087839822127884,-0.3780827747604984,-0.03272957923533765,-0.03223122979072969,0.0
3331,0.06213222381874271,0.15785046404650926,-4.668739351263371,0.0,-0.43167167626313674,-0.459053715483364,0.2067748797993433,-0.27469780849332925,-0.05443939030658106,-0.032867713764322154,0.0
3342,-0.14384187727673775,-0.06988127496365862,-4.604924136893694,0.0,-1.0073320035335036,-0.5638120804886368,0.14300080512573873,-0.1937367196740672,-0.03942423617677046,-0.03602928947596721,0.0
3346,-0.5846202204822686,0.0202524415866902,-4.752131914270327,0.0,-0.442057065072774,-0.5660560001064585,0.11466564438246954,-0.28144467869502865,-0.06068011464482968,-0.03441207365297081,0.0
3361,0.08728734436874694,-0.0008502235727698374,-4.725349524157589,0.0,-0.4975646452436091,-0.48445937023947166,0.17406637569348263,-0.28609255675517153,-0.0645107777598612,-0.032773226975690226,0.0
3363,-0.029313485895268727,-0.005343793319741833,-4.73379108013052,0.0,0.17881547318132993,-0.5923254968522221,0.16637685784033476,-0.22496536359166716,-0.04220608945065667,-0.03207115230046755,0.0
3369,-0.029313485895268727,-0.005343793319741833,-4.759274211211363,0.0,0.22695390541640623,-0.5833249531917154,0.1343861924322368,-0.22496536359166716,-0.04187126885729925,-0.03207115230046755,0.0
3374,0.3197457772321883,0.050670526072588706,5.6784397270290485,0.0,-0.2918568255725339,-0.32055849277060067,0.1939976868872198,0.027021721490562357,-0.026525349065811363,-0.06395750633155432,0.0
3386,-0.2130827377348366,-0.2583245281761407,-5.030834982597277,0.0,-0.8363324005776198,-0.6409165285909936,0.12438670243060587,-0.2510431308235491,-0.05001452768368814,-0.03562535319562809,0.0
3388,0.2113052046117851,0.1722567726013005,-4.5472060466602935,0.0,0.5622417359729355,-0.5564556153984505,0.24350398081137745,-0.2945881506681916,-0.033829664695907036,-0.03223122979072969,0.0
3392,-0.10845255192694638,0.22260720275001505,-5.002918481256225,0.0,-0.30800569980989917,-0.2983395468056901,0.1391721960516454,-0.29031447762841484,-0.03448208694006531,-0.03639549196213749,0.0
3409,-0.133643608745823,-0.03253126966293256,-4.414416117457226,0.0,-0.09648103829621701,-0.473276596737022,-0.05453128509650367,-0.1822059062603299,-0.038059737885210485,-0.03945800843703173,0.0
3410,-0.5809206832291026,0.02016070629816838,-4.758964567694669,0.0,-0.4862483694333124,-0.5713869042974744,0.17464440796225686,-0.2685985751121801,-0.06217155966543913,-0.035015797057132855,0.0
3422,0.6341821332006483,-0.08963909635972894,-4.857166778747772,0.0,-0.31323407467714537,-0.23549147767709588,0.2690443073032857,-0.14153375073690214,-0.029637824695333867,-0.07277303763314998,0.0
3423,0.06418919860321583,0.08429417538182549,5.481052169901121,0.0,-0.23139755042793284,-0.37802611839717587,0.23127480042367493,-0.3819006651253448,-0.03365888507675618,-0.03202564594516993,0.0
3432,0.18771515893179486,0.24026411336832984,-4.83582484945162,0.0,0.8084941656261865,-0.4125169498342506,0.37247140074005186,-0.010521295047291865,-0.02287607330310355,-0.06042337401683242,0.0
3445,0.09966152173515733,-0.03084894114114916,-3.6105592492140888,0.0,2.2538739590646477,-0.21287311787701213,0.17354467794133682,-0.007042518364427207,-0.04129494508005657,-0.030625898818822012,0.0
3462,-0.1483455644250153,-0.03153215028258334,-4.414588575897369,0.0,-0.1645210347903094,-0.4762003514610426,0.03174205145657355,-0.18368571948050338,-0.038106948428927534,-0.039365275269119156,0.0
3465,-0.07674529003808843,-0.07955017249719018,-4.728805991731183,0.0,-0.3072798271517842,-0.49978438522051327,0.11412398523229085,-0.2209739241983272,-0.059784399557008,-0.03458009102714585,0.0
3469,0.05416110067958626,0.18122349301600396,-4.634580730660473,0.0,-0.39779754704265224,-0.4551850079134046,0.21680653584535012,-0.2757361669174302,-0.0552490487869006,-0.03220732950519708,0.0
3473,-0.006627801169831307,-0.16830441599528545,-4.69461111986251,0.0,0.6436643945702972,-0.2700014670247787,0.02707912110328225,-0.26785430366834895,-0.02473892605843147,-0.0333166938150911,0.0
3474,0.3227984720614973,0.0643194766043863,5.855280095266385,0.0,0.2069506711221944,-0.19916319425252824,0.6243966054507516,-0.15378065972226515,-0.04431354993546075,-0.023111160489546537,0.0
3479,-0.02879391694272989,-0.0064097357309122905,-4.785980076924524,0.0,-0.006799851277509628,-0.5884829508198877,0.18259668551819289,-0.22980034253094256,-0.042971366377620474,-0.03141076804134248,0.0
3508,0.26351096882228453,0.05768552564132525,-4.724223426208742,0.0,-0.37134988592428636,-0.3474028011017908,0.2448301177329364,0.027588665052443638,-0.03557821853073183,-0.03601405413946901,0.0
3516,1.0521631276208465,0.3605741251181369,-4.546666248232474,0.0,-0.22307333288138909,-0.13563752503295365,0.47433303754091133,0.10967771282151297,-0.032422083134789836,-0.05385060441893018,0.0
3531,-0.5329569132547082,0.01218738867752214,-4.731561371949719,0.0,-0.4049439774244037,-0.5532618218729143,0.2778018508395216,-0.28387243618885116,-0.06188519225182933,-0.03435541279800778,0.0
3539,-0.11267431447227153,-0.0415850518884361,-4.536784390797929,0.0,0.24220396859347992,-0.24858378534252148,0.333910909196846,-0.2766119305468164,-0.09254390355900338,-0.02871790706893977,0.0
3565,0.06230412940116825,0.047866531110621356,5.536532928836478,0.0,-0.4773092240630862,-0.3209791583252502,0.030169415395393487,-0.10451892748994288,-0.04927724340567262,-0.027099187747722873,0.0
3566,-0.4931512031777757,-0.458743511757867,-4.501827071745842,0.0,-0.6062724193768914,-0.574223293408355,-0.13596968925747233,-0.16930738907890092,-0.10122006971305361,-0.031835741218029026,0.0
3568,-0.12646783452566765,-0.011815987614486717,-4.130992769844203,0.0,0.2648808745248742,-0.2643167354887564,0.04341880341944474,-0.24858976550774228,-0.054714683889137736,-0.026576764867890144,0.0
3590,-0.0715064535361975,-0.18057780996537987,-4.175835649767284,0.0,-0.327370602461595,-0.42150761744085546,0.043706378480896715,-0.25529225073232686,-0.07947268523449136,-0.02841210256737086,0.0
3597,0.13638468953030572,-0.17012475797250015,-4.542909242529803,0.0,0.13961007683833943,-0.29506372972220496,0.3657508739887565,0.21748660777866402,-0.04509816639430447,-0.03003479655529169,0.0
3606,-0.23032492744597316,0.07360479070830749,-4.954314255861792,0.0,-0.5462531891546284,-0.47930232320977256,0.058753039918046354,-0.1842838071769715,-0.05380740953835586,-0.03729403048151707,0.0
3608,-0.6735148805535525,-0.4249174651487946,-4.8228214816829205,0.0,-0.798641427323019,-0.6152830713344913,-0.09022765596052314,-0.26408970603300747,-0.09402869377629315,-0.027571977194874718,0.0
3623,-0.31423723246235,-0.11082360376881811,-4.433152702517425,0.0,0.10929482181633941,-0.5567203982703782,0.07780743935979088,-0.22786165050986373,-0.10374025972255566,-0.02682803720312204,0.0
3631,-0.13631506327222181,-0.20120246114178922,-5.217944806119922,0.0,-0.5728646688591842,-0.4618967746541692,0.02726511311135758,-0.17502950005982507,-0.05460673227118071,-0.03729403048151707,0.0
3635,-0.32119844304205136,-0.14144854758235906,-4.837892354970479,0.0,-0.0856880711664979,-0.4604727840723777,0.2854236157542269,0.23719305166189003,-0.03808038182611269,-0.03946139177401715,0.0
3637,0.5400102765107954,-0.013071931892803866,-4.944551111786427,0.0,-0.7547433102119804,-0.3683312089092475,0.00153204941066577,-0.18588036476162637,-0.05516469343041629,-0.027806401914172534,0.0
3639,-0.075076216125966,-0.5703241054836802,-4.513252513395772,0.0,-0.2548089927597762,-0.4614515863861549,-0.0316528350951541,-0.261789121148097,-0.10644832104055194,-0.025813693253726948,0.0
3644,-0.01178486187021377,-1.5349766440212635,-4.664341305258041,0.0,-0.8916694803249431,-0.7090983719722105,0.011327040307973966,-0.36891653169691957,-0.07664945037593886,-0.02746718806980337,0.0
3656,-0.20020116111345468,-0.19543941653660404,-4.082151213824369,0.0,-0.15768393338522999,-0.5088582898144591,-0.008524460594160828,-0.3228374273622614,-0.08215293630007207,-0.02682803720312204,0.0
3658,-0.04541985106727984,-0.02376165942855963,-4.672876322487351,0.0,-0.042595795547709814,-0.583683474559418,-0.027158683390913617,-0.2779924129838519,-0.07652409344927737,-0.02458114942426931,0.0
3662,-0.014401540168005269,-0.03345574065639706,-4.829840707532904,0.0,-0.39292795449989043,-0.5411664912893882,-0.005905109655716501,-0.266275692409306,-0.07153920741261678,-0.026580768921032998,0.0
3663,0.19159945847595763,0.18394355269177415,-4.950874185470902,0.0,-0.31785283273992726,-0.33024707836300826,0.050220693013004,-0.31224940832179526,-0.062295834941909226,-0.02674084641129513,0.0
3667,-0.1298444162064564,-0.017313685220304055,-4.353653285551307,0.0,0.1680787727692887,-0.3803132507724925,-0.049130026041699686,-0.30604672694048407,-0.057355398400405586,-0.02629036500876917,0.0
3670,0.09105591202368928,-0.18434863007448185,-5.1849480640223495,0.0,-0.550455132650523,-0.3839044497802592,-0.10145814676248953,-0.12774162779093268,-0.054741047758057645,-0.0322646727248468,0.0
3674,0.5275279931511208,-0.14529896502414352,-4.690706133896866,0.0,-0.7365917791545683,-0.7412777016035849,-0.025460687979344587,-0.11695317437889624,-0.06785268725414105,-0.025996723660242645,0.0
3675,-0.10411479254051247,-0.04982863317233252,-4.844267270179632,0.0,-0.6573323355861354,-0.7545202249672405,-0.11260446780972917,-0.2765200977052855,-0.06821909740810804,-0.025291534557106178,0.0
3683,0.10472545280781631,0.20770291102187027,5.427246391456526,0.0,-0.0014699637000443553,-0.27484997895702573,-0.06171859715331302,-0.1970770162637634,-0.05175103740225269,-0.024644372919343537,0.0
3687,0.4227326537227301,-0.3475781932375844,-4.862932381542258,0.0,-0.4008449548234575,-0.22099039148275615,-0.07618314523034478,-0.3248846766718744,-0.0615117963343801,-0.03216116844677597,0.0
3701,0.05072455938523769,0.17001482723413042,-5.043395680823386,0.0,-0.6979741542029295,-0.3469735892745937,-0.08807029606346468,-0.23459027582741643,-0.057395998266474124,-0.027325453346197126,0.0
3704,-0.044675581191535786,-0.17273030040200268,-4.212891969442412,0.0,-0.2545878411968756,-0.4340753483023965,0.01413403851238155,-0.21333199994011928,-0.0795525382025312,-0.027158595688727437,0.0
3706,0.1357846560855509,-0.10523405754623416,-5.064382495334976,0.0,-0.22788078689855834,-0.34988647060613703,-0.13539661144540804,-0.03637840022598612,-0.056840948378571704,-0.03680212324366709,0.0
3708,-0.11410919860132375,-0.01924571499168949,-4.2432488090528935,0.0,0.1037362340505677,-0.35982135579463076,-0.2583640642183157,-0.28492099741382126,-0.054802350963493965,-0.02611744229110477,0.0
3709,-0.5001141924137809,-0.016471241127923968,-4.718892815540944,0.0,-0.3113597607675169,-0.5597091447378333,0.05620653474906399,-0.28123604259275536,-0.0723963752042758,-0.027634524031306458,0.0
3717,-0.6173504756272947,-0.13822814469060082,-4.6297744412006265,0.0,0.13814348054623396,-0.5107655025701544,-0.23740650965325938,-0.2758938205034298,-0.08910885735669698,-0.026644386976026856,0.0
3720,0.09526654272200065,-0.029654292817577615,-4.480989759383129,0.0,0.6872319153247282,-0.7379057870093728,-0.13296503842117627,-0.246095889610331,-0.07509427988017492,-0.024689879274641162,0.0
3721,0.07994962877198504,-0.05879616289306243,-4.270008209852579,0.0,0.5693533775832127,-0.6567463712872244,-0.15570141338569626,-0.2383141702987199,-0.08481422786390212,-0.026644386976026856,0.0
3724,-0.07108334379686496,-0.07072924105124073,-4.880133840386191,0.0,-0.24127058900395873,-0.6851552944397556,0.12306781639119753,-0.2665159357763337,-0.03837100260531048,-0.026781500153858218,0.0
3732,0.09249382796917402,0.14168266590102016,-4.632151230898964,0.0,-0.34941927809260764,-0.49718910600362204,-0.27622347527091395,-0.2856856164324,-0.09522370496350434,-0.015826352447615634,0.0
3738,0.12504752653434384,-0.03205742615027593,-4.755648994480935,0.0,-0.4380942869416872,-0.44880280520510096,-0.4587577719653122,-0.17306332653482376,-0.0828854088239339,-0.0178454013922398,0.0
3743,-0.020315386966977204,0.1742837186741378,-4.991998444145013,0.0,-0.2920780699612048,-0.3037641812124929,-0.587683470051679,-0.2304971059133172,-0.08424827882395167,-0.016608194769007975,0.0
3744,-0.5369987946468505,-0.32015259384921463,-5.157601121795832,0.0,0.10548936838868818,-0.5157279663198422,-0.3999969902068,0.04633932551528532,-0.05501228945677891,-0.027668418313204872,0.0
3751,-0.47307188518318927,0.009083716427073299,-4.727249177704761,0.0,-0.3321678382984896,-0.5500445503930799,-0.27819758615637646,-0.25464876795555746,-0.08666861582057483,-0.015638050461425673,0.0
3755,-0.24472070653374497,-0.11405125089097858,-4.969756741572546,0.0,-0.09236032203566055,-0.43728477343057987,-0.06044064780816583,-0.2683717753289311,-0.07087015138550684,-0.019328639073455292,0.0
3757,0.07558334891483491,0.1825762239068025,5.465004755731404,0.0,0.0016543340155390834,-0.27648338795219923,-0.4169190616833657,-0.18088699053786148,-0.07216039698050941,-0.015065484354583089,0.0
3759,-0.11987155899640788,-0.21563201911231142,-5.19101791521375,0.0,0.18728114569302312,-0.6250987941082857,-0.14764186184988043,0.09082152475401625,-0.04443139410635667,-0.028005573383209956,0.0
3764,-0.04932359654999784,-0.05212290739657467,-4.879109064535627,0.0,-0.14404522684737978,-0.6725459603277539,-0.0015387619280164992,-0.20965491924723334,-0.04242831416768119,-0.0191803373388746,0.0
3767,-0.0783853354855009,-0.03336026417934045,-4.594554882524131,0.0,0.07646792958736504,-0.401357919302526,-0.7325809002951997,-0.6237408126203811,-0.08265644807075591,-0.015663931701056264,0.0
3773,-0.008482850357771968,-0.029978675581207724,-4.671071335721705,0.0,0.0770661214490676,-0.6328048513862352,-0.49716323418001535,-0.22977402382304132,-0.09760603130410167,-0.015110990709880713,0.0
3779,-0.05798109277316117,-0.031273886180163975,-4.541714062957339,0.0,0.3801855872946393,-0.36658149159864234,-0.729092929833795,-0.5809269310815502,-0.07733561500059367,-0.015950331560177236,0.0
3785,-0.00853568160287475,-0.030042348367964315,-4.701185152136622,0.0,0.008412690626885658,-0.6468370549285268,-0.4919628251809402,-0.22923455219252906,-0.09853927029063243,-0.015110990709880713,0.0
3787,-0.08892696062273532,-0.057136490194149465,-5.125536861234809,0.0,0.08050254844445719,-0.5948280172361875,-0.0012754520688813913,0.2176600164858658,-0.04406512968270425,-0.028005573383209956,0.0
3790,-0.569225960324343,-0.05808461294775495,-5.006213307579308,0.0,0.07430061628796683,-0.5196652073583727,-0.04233031380597649,-0.25463826584808913,-0.0779937376329197,-0.019346848398671644,0.0
3798,0.24624196446400098,0.08204544742749414,-4.716179837426059,0.0,-0.2976749720996865,-0.4371818375055908,-0.6392399740560624,-0.39971035757849693,-0.09067285062907796,-0.016986295641465695,0.0
3800,0.05121094151104637,0.19215808425613393,-4.622508123493228,0.0,-0.3012881941254649,-0.43514864250676905,-0.34783103681348004,-0.27151370224286153,-0.09472959701229502,-0.015826352447615634,0.0
3806,0.01934319559927728,0.07968026038097446,-5.0360654447308235,0.0,-0.5982469241672894,-0.37640759052620015,-0.6084753509477794,-0.22011274235424305,-0.08375759173245187,-0.017122034857239184,0.0
3808,-0.0597376117334546,-0.1356062464626781,-5.063680972145805,0.0,-0.3981550184430697,-0.35265909538814666,-0.6915675735921998,-0.22497821969829138,-0.08915978733589403,-0.016285880010490045,0.0
3810,0.16495053895128978,0.6531328191394344,-4.931011578543599,0.0,-0.6058688888330941,-0.2767602006049315,-0.5010632908205839,-0.15432593309386136,-0.07528882116851884,-0.016876990087159902,0.0
3817,0.055805518348247846,0.19268792484534078,-4.597734590675489,0.0,-0.2546235760644318,-0.44740408380392943,-0.49304882074225853,-0.2521189569388375,-0.09211942629175925,-0.01522262904345358,0.0
3819,0.3354783920331047,-0.1503316864322245,-4.895469949660288,0.0,-0.37246715502847716,-0.4383771855099048,-0.5109718680685833,-0.15173070687248663,-0.08848417259638915,-0.018462193963452077,0.0
3838,0.10512225291646309,-0.00400917247467404,-4.4859065618199825,0.0,0.6963692842350296,-0.7557549172849624,-0.5301264286226661,-0.2065896433554231,-0.09768234080066518,-0.015110990709880713,0.0
3843,-0.4458719696114693,0.018070937923026956,-4.731446553763821,0.0,-0.340237906549433,-0.5816623953719037,-0.42855244459827463,-0.23749156929080137,-0.09552142826972507,-0.015638050461425673,0.0
3847,0.10512225291646309,-0.00400917247467404,-4.4859065618199825,0.0,0.6963692842350296,-0.7557549172849624,-0.5301264286226661,-0.2065896433554231,-0.09768234080066518,-0.015110990709880713,0.0
3848,-0.11191745554588713,-0.11669667232581239,-4.886966517269219,0.0,-0.7090676595360548,-0.6116121632130698,-0.5936021998620447,-0.42447895526243484,-0.07371489871538642,-0.019874507848736088,0.0
3850,-0.07489057102613943,-0.17929697641115902,-4.880630395824042,0.0,-0.7373298816889053,-0.6509100158656798,-0.5301196575219544,-0.22619639159193725,-0.10433641204745944,-0.01626928471874546,0.0
3864,0.2706894182706711,0.12118987888578091,-4.552969326416515,0.0,0.3889950367830542,-0.4704506541462493,-0.7863732721499108,-0.38726862084864583,-0.0866788193648781,-0.016416472472494302,0.0
3869,0.30166918175542845,0.024039682542298733,-4.584573234261762,0.0,0.22265135827688792,-0.6717744603346794,-0.7508905827537972,-0.4198615417907379,-0.09217525382226119,-0.015423549819079885,0.0
3870,-0.07158182991384304,-0.17445009296671413,-4.881164546510496,0.0,-0.7151906635330689,-0.6468513191386323,-0.6730140536684678,-0.2211398848000122,-0.10827604064185606,-0.01635513699426529,0.0
3887,-0.09809138269599375,0.012100713952477391,-4.990498489823629,0.0,0.20711138236408808,-0.4623568118280938,-0.23983079482209957,-0.26279597437791924,-0.08279074352880211,-0.016417392963040973,0.0
3888,-0.07052546881943927,-0.08267011300123,-4.705123541987235,0.0,0.1863767508149238,-0.544509507258342,-1.041317623626158,-0.6151159519304195,-0.07750507109547107,-0.015279156888573139,0.0
3892,-0.01078558171187333,0.009329467295982856,5.521407927075334,0.0,-0.033878941537602736,-0.3914413862003521,-0.7169706308277972,-0.13181886557882333,-0.08109976627024162,-0.015057888483257993,0.0
3893,-0.5995845914226057,-0.06366824278684942,-4.6785455806970875,0.0,-0.33763626144587955,-0.4933588126469284,-0.8561231907719624,-0.22476095339883131,-0.1117664655898918,-0.016292202290328833,0.0
3894,-0.1035489983129312,-0.13716136152193134,-4.789743428581527,0.0,0.04892906729234199,-0.5842776686814409,-0.8175652456288836,-0.46370803115236314,-0.07845018085576597,-0.01675969285931847,0.0
3895,0.2374940844230951,0.13542522031816595,-4.546199767116303,0.0,0.268320509448663,-0.4792902697495741,-0.9273466274600246,-0.38242445599926594,-0.09091387075695685,-0.01656895409143134,0.0
3897,-0.04190356956709859,-0.15032089118860176,-4.850741250026392,0.0,0.20711366517149404,-0.33060703580310724,-0.9099315837328374,-0.23476842398895326,-0.08801098578891563,-0.016225865999400336,0.0
3900,-0.0801089592737146,-0.17581763407235906,-5.02265113700648,0.0,-0.018250108275673013,-0.3202171996350952,-0.8306271587745586,-0.23279710186216826,-0.0949237376020998,-0.016225865999400336,0.0
3901,0.0015762217220453077,-0.029959880365073237,-4.704486929538144,0.0,-0.0330231629094833,-0.6159057958593138,-0.7928344646650346,-0.22891234268929886,-0.10683451797442967,-0.015263472328817751,0.0
3902,-0.5910881405756001,-0.11221640104308647,-4.598346356364201,0.0,-0.017245329153943674,-0.523420128181363,-0.8232715808782936,-0.2496890290496494,-0.10828441758951009,-0.015799218763566835,0.0
3917,-0.04698061348312488,0.1846512376836993,-4.788773561988658,0.0,0.09053412767941332,-0.41957278042582313,-0.8987226855394592,-0.2910240698589317,-0.09123979923432526,-0.01656895409143134,0.0
3919,-0.071204090889202,-0.08743077007809165,-4.7351050571210305,0.0,0.09588960244505684,-0.5384217567349585,-0.8636178641038383,-0.4710820892186449,-0.0799084838940279,-0.016188224729842462,0.0
3933,0.267140559947529,-0.21896250347015053,-4.709533550315743,0.0,-0.4919127875013134,-0.6518235566234726,-0.7211117979177614,-0.14718420098199964,-0.0994529767854356,-0.01655291255543711,0.0
3934,-0.10099417624619382,0.06725195561581113,-5.021228173184372,0.0,-0.2029210473845632,-0.4108789169348062,-0.8696738681804113,-0.17633211836869656,-0.08464362241915327,-0.02154667788756049,0.0
3936,-0.02670098193238442,0.03533780901648693,-4.794476459184949,0.0,1.008399368777397,-0.5823589416838184,-0.2937435668070377,0.22281269380919497,-0.0487816878152415,-0.024882614304874665,0.0
3947,-0.0012340683887205402,-0.044687455526012984,-4.798772116388895,0.0,-0.40629913153818137,-0.6028759378049953,-0.907370542750842,-0.21430702758032108,-0.11354274794706491,-0.015833295497789137,0.0
3948,0.06928970834567927,0.18586657200121234,-4.618433507541115,0.0,-0.2960423572627926,-0.4707586893741355,-0.6906371006385241,-0.2564649740543756,-0.09895084729539123,-0.01597883406655267,0.0
3954,-0.030927136366439803,-0.05396101748375427,-4.880483331866392,0.0,0.014197886986080115,-0.7095042063518029,-0.21562389428366252,-0.19550325460589557,-0.04335954651310207,-0.016951155629748846,0.0
3966,-0.005047216980742813,-0.03151065099506919,-4.675344076135036,0.0,0.19252332975523348,-0.6765824914571182,-0.8650678193390181,-0.30959114657612613,-0.1084984217292041,-0.015263472328817751,0.0
3973,-0.10365725252005963,-0.13093151109115433,-5.161288670740079,0.0,-0.48357323691571946,-0.45345392195416395,-0.9402577910471895,-0.17940721685317662,-0.08501806895747621,-0.021199291455832863,0.0
3975,-0.3101169041580732,0.08699424159785062,-4.650301845826548,0.0,0.18919932269459766,-0.4369760817174741,-0.8328831399896596,0.19297749280483642,-0.06380093713111022,-0.024545459234869588,0.0
3978,-0.049746714424925585,-0.0969456045764794,-4.8823854673421865,0.0,0.09901897464177681,-0.4958102645039419,-0.3315267224730301,-0.33689002204837176,-0.06167397381299053,-0.017645326139610326,0.0
3979,0.026443927327701004,-0.10015615989780496,-4.798182966219848,0.0,0.995542673216516,-0.7101084373601019,-0.504914018559645,0.11859247705495976,-0.049457742082170394,-0.025019760006730216,0.0
3989,-0.10188677806019403,-0.5414787863209111,-4.6510271307622695,0.0,-0.5915683310820993,-0.6684605063082711,-0.7764866587150641,-0.2426805447400956,-0.11007266854292666,-0.016767675515480508,0.0
3990,-0.07087229000575433,-0.0779532900662513,-4.709784753313526,0.0,0.18050188906490403,-0.573413456707759,-1.1129863600470493,-0.5964158400734698,-0.07766749089525755,-0.015279156888573139,0.0
3992,0.23568804469249918,0.11167093756707026,-4.554316850493328,0.0,-0.14615332509673767,-0.5359177287281441,-0.7887735841346878,-0.3747581199106229,-0.08989384030629995,-0.015423549819079885,0.0
3993,-0.5595334225642361,-0.05802307920380728,-5.004480983833735,0.0,0.1783118176366749,-0.5710978206047564,-0.29507026956223675,-0.2381759321098892,-0.07807568505311478,-0.017565321976168134,0.0
4007,-0.3294364736769034,-0.18306271272274574,-5.193639529855443,0.0,-0.49256436656176855,-0.5291300092643771,-0.9658629035358371,-0.22225138869873212,-0.08746554544387167,-0.025344315482914166,0.0
4008,0.12873448010630656,-0.5352856613772604,-4.8918380404029795,0.0,-1.1038203303204381,-0.5973681668726002,-0.629303583626647,0.32083427680821824,-0.06776988187961497,-0.02360772285260858,0.0
4009,-0.010084910112926632,-0.02739176166015203,-4.628752534669873,0.0,0.11767624401086466,-0.7037813390244024,-0.8511849528386788,-0.36664538278826736,-0.10922627236804366,-0.015263472328817751,0.0
4012,-0.5709954666805342,-0.2842227870415457,-4.765196348080396,0.0,0.17566080756674726,-0.43962540170337955,-0.9055602912763132,0.23368599121895792,-0.06468847433630479,-0.024545459234869588,0.0
4024,-0.016889878189002144,-0.03703188797896527,-4.798108966785962,0.0,-0.45306332675403305,-0.6427942894363816,-0.9193144155396148,-0.29348355315987257,-0.1139354636688621,-0.015833295497789137,0.0
4026,-0.06181863167210748,0.19947732225003376,-4.986947637167939,0.0,-0.44155629626012,-0.43456924951144743,-0.9897963433986815,-0.3046562867562531,-0.09351988403809644,-0.016795689168371715,0.0
4027,-0.09462347486033694,-0.13185369115924234,-4.785154198056225,0.0,0.21166137962896361,-0.5968080506107603,-0.7734293668149924,-0.37313706406271374,-0.06955879488738478,-0.01675969285931847,0.0
4029,0.19269299628953035,0.055412049707759495,-4.395190430171216,0.0,-0.351343361840734,-0.47569862628977716,-0.7653660243405523,-0.22378162319394415,-0.09062247035395167,-0.016072184648398956,0.0
4035,0.17565917539216278,0.13923940355035447,-4.744735907468878,0.0,-0.35439563285980374,-0.5793762355778458,-1.095059173869389,-0.4420483912167182,-0.09481956100040032,-0.01599337298805127,0.0
4036,-0.01040950945990041,-0.027096412669491768,-4.653645522668578,0.0,0.16898080475779945,-0.6935054380928559,-0.9393959889455105,-0.3481998188746049,-0.10298133306575588,-0.015263472328817751,0.0
4038,-0.0705394494234234,-0.06705106758486372,-4.611495883561797,0.0,0.04908759834380337,-0.4635776425385068,-1.2821185601926302,-0.5723503133801499,-0.08513198467069587,-0.015677768642333705,0.0
4048,-0.032786978986683396,-0.6073838079244213,-5.123618113397912,0.0,-1.1813263346877099,-0.8270848091208509,-0.9245541848135502,0.2901824557439541,-0.06274487401921709,-0.026595887242362344,0.0
4052,0.19585873658274036,0.05566905752946495,-4.36474222328623,0.0,-0.343018456262442,-0.46353510896229727,-0.8388542015993188,-0.21643178428860113,-0.0895399527462896,-0.016072184648398956,0.0
4054,0.0780895225059755,0.14296716954049657,-4.620271215532555,0.0,-0.33579464367962475,-0.5070668350334018,-0.8905599364160744,-0.22844738446691687,-0.0984701884923151,-0.01597883406655267,0.0
4058,-0.09168849370118635,-0.14035427236558543,-5.152068680962932,0.0,-0.4966001886653937,-0.4366030608112614,-1.1198228550792315,-0.14524645653710916,-0.07335794896055345,-0.02154667788756049,0.0
4063,-0.06707278980015408,-0.14198792056038062,-5.057994792610885,0.0,-0.42635589019784925,-0.4141056394934969,-1.1823922638499043,-0.3442879625905292,-0.08355514256078675,-0.016795689168371715,0.0
4064,0.23773402381586917,0.14482722906162943,-4.5733473037823185,0.0,0.2335034284410234,-0.6046641300529758,-1.133980513513154,-0.37789363015827804,-0.0803852088741709,-0.015423549819079885,0.0
4066,-0.06707278980015408,-0.14198792056038062,-5.057994792610885,0.0,-0.42635589019784925,-0.4141056394934969,-1.1823922638499043,-0.3442879625905292,-0.08355514256078675,-0.016795689168371715,0.0
4069,-0.2678898665123761,-0.16224021806087677,-5.228579134021659,0.0,-1.0745104591099608,-0.5735593653646988,-1.1785390408692542,0.23128512451103453,-0.07427940308327093,-0.024845602790713586,0.0
4070,0.04179800811857467,0.10849781506260787,5.582430429019865,0.0,-0.25126116493587836,-0.3594565795713312,-1.1041095671354357,-0.22351166621130503,-0.06874339500562564,-0.01578778914249152,0.0
4076,-0.05978297589908028,-0.2273467601482037,-4.539713408679176,0.0,-0.4141268228730776,-0.5666130792481164,-1.2054680456178748,-0.23609568268399425,-0.11575015734083086,-0.016440439232440734,0.0
4077,0.003165128595407844,-0.044693447397889996,-4.79662889016554,0.0,-0.48923171967506596,-0.6566692547405586,-1.0680723426447887,-0.2630892846981898,-0.0975199770402058,-0.015833295497789137,0.0
4078,-0.30994304355567426,0.019846123705960356,-5.21822943812243,0.0,-0.9236783466534106,-0.7193346398063095,-1.152340899904683,0.2737332886374966,-0.05794755376524828,-0.028277751032823685,0.0
4080,0.09488088726874803,0.051322733658096614,-4.253570779828622,0.0,-0.35344781932573754,-0.5238396913906815,-1.190604093264169,-0.3042581315137108,-0.09572974950718328,-0.016292202290328833,0.0
4088,0.03198076358348674,0.1291614709251902,-5.0306894624127665,0.0,-0.5643214051880114,-0.42063151084220424,-1.1900044922638437,-0.18354584233734755,-0.07207089090070928,-0.017207887132759007,0.0
4090,0.055478719598232945,-0.15974510694288852,-4.795672369035034,0.0,-0.7328361787373612,-0.6779090705324766,-0.955056939507357,-0.09539739131147798,-0.0980180760011054,-0.016702523425992915,0.0
4095,0.03301802664883078,-0.1506150372855833,-4.848085729632275,0.0,-0.7337280677228479,-0.6772895815262403,-1.0003338440539815,-0.11065870387375254,-0.09647460305646913,-0.016702523425992915,0.0
4100,0.11320570989972324,0.010337272297997638,-4.650873294003566,0.0,-0.11673823811222185,-0.5672065000172004,-1.0925331923918713,-0.2379012637629254,-0.11171291589233746,-0.01535795911744968,0.0
4105,0.14130432227130274,0.10987069944792173,-4.276308846502806,0.0,-0.2829065994989541,-0.5108881066588605,-1.0605125500402306,-0.29632972187187223,-0.09659470773759844,-0.016292202290328833,0.0
4107,-0.02688889151081982,-0.11917218567761742,-4.481129519026803,0.0,-0.314825945918377,-0.4606391798705413,-1.209628787627412,-0.16345237298526832,-0.11120416896435467,-0.016632939532336084,0.0
4110,-0.06173835544603533,0.20149492843325373,-5.0019191223394355,0.0,-0.23202277449836728,-0.3277610420665041,-1.3571062163790033,-0.22751223009924787,-0.0756602451045767,-0.016795689168371715,0.0
4111,-0.031832238162624635,-0.055818730586300075,-4.698249029553563,0.0,0.09963109454966085,-0.5378523707675671,-1.5142329926853617,-0.5408533957518165,-0.07525198540384963,-0.015279156888573139,0.0
4113,0.36074440852520717,0.017531256917270893,-4.4338694225573905,0.0,0.26595928726580625,-0.5333447908456743,-1.3481405509768638,-0.3588197845825196,-0.06743620295761503,-0.01447093913320659,0.0
4117,0.15603308359318302,0.08117749302778447,-4.355455106487548,0.0,0.05780479235218589,-0.6099635374586663,-1.4867740336135138,-0.4436221461500498,-0.06870742435143391,-0.014945837489525833,0.0
4122,0.24697314317909078,0.1358591318041508,-4.542714519716715,0.0,0.25135813433599175,-0.5891455456348013,-1.3480897779147725,-0.45549802138424067,-0.08613121396767154,-0.016328207661048675,0.0
4125,-0.34626919881032436,-0.0787202388975652,-5.287767165583066,0.0,-0.9068671054890534,-0.6625364522009072,-1.1778253115343431,0.2695575289792861,-0.06341384670527479,-0.028277751032823685,0.0
4134,-0.42509745059224374,0.024023718136463895,-4.711052340614071,0.0,-0.3895884824895508,-0.5626147849337695,-1.0650306005372288,-0.19743359601635144,-0.09792638995310726,-0.015790532080362712,0.0
4136,0.5037885563852821,-1.50238416856089,-4.271570388030872,0.0,-0.13405105826378386,-0.7006473578813849,-0.8773190816702303,0.06585730638111911,-0.0645615815660476,-0.017692473831937477,0.0
4137,-0.23139711748906264,0.16754538126644108,-5.056424211486901,0.0,0.16309480048821384,-0.6492597078921684,-1.6578184080853797,-0.06902625108065318,-0.08790209009518991,-0.025290417265670995,0.0
4149,0.33045055785830235,0.14060665761654162,-4.687229784629038,0.0,-0.4523267936471127,-0.30403800541750287,-1.6830219267453166,-0.1458945159188038,-0.09870727860450804,-0.022677430424938517,0.0
4153,-0.10265599019166267,-0.14837518770941305,-5.175514077891716,0.0,-0.4254613724379761,-0.41374775490176346,-1.6470147064755096,-0.1350735295339198,-0.09476011164574824,-0.02154667788756049,0.0
4160,-0.5230043484873028,-0.10050102712055653,-4.590664805544113,0.0,0.01345645315052846,-0.6148022221136152,-1.583639029780185,-0.3140058220768963,-0.1188292735319596,-0.015799218763566835,0.0
4161,0.24731948367812362,0.12523933275901444,-4.74252554041917,0.0,-0.25602744875892486,-0.5368611128978323,-1.7223932832095077,-0.4255636766814846,-0.10790152122865666,-0.01713877726040272,0.0
4165,-0.47693110515004433,-0.0485226792844516,-4.984534732469755,0.0,0.05599477895895488,-0.5666514475737227,-1.2143920889968107,-0.3458243953376994,-0.0990409222914262,-0.017565321976168134,0.0
4174,0.031713655541401105,-0.06573329801726782,-4.664692803319553,0.0,0.08653224430470964,-0.7265941263110879,-1.6078334281987956,-0.3074465288744456,-0.12889849607900628,-0.015263472328817751,0.0
4183,-0.04918184356869909,-0.07809357170033143,-4.884175202216035,0.0,-0.03777133636860971,-0.4978877855828326,-1.2846064268708555,-0.3182435041314002,-0.08056089966299566,-0.017645326139610326,0.0
4191,-0.1345528173360344,-0.647123775341599,-4.437221996247388,0.0,-0.5477491991648171,-0.5869619550338934,-1.5514969403988998,-0.12441016129106117,-0.11129422486174323,-0.016783727598050795,0.0
4194,0.04924889503408844,-0.14517675343833797,-4.650200991724786,0.0,0.590555785386245,-0.37610765788623157,-1.6187916899484665,0.14108602273201226,-0.10135133133711918,-0.017382078794548596,0.0
4198,0.34330464459107396,-0.15093031284022035,-5.044531538736288,0.0,-0.38202680487848645,-0.3166562355210227,-1.7586830629225148,-0.196861423625474,-0.10017782627639443,-0.0195876721853591,0.0
4205,-0.09827881650637112,0.011113244508588452,-5.030178862433996,0.0,-0.12790773772225028,-0.3925096725417904,-1.77486618832492,-0.12027542940649319,-0.09743609884320623,-0.02154667788756049,0.0
4210,-0.3120457329938813,-0.10004208252504941,-5.0208582717107975,0.0,-0.07089529418663618,-0.4602587326248755,-1.7244171626529534,-0.09868776006695497,-0.1170272572160894,-0.02203656865123537,0.0
4211,0.15324396480809538,0.14620986074757628,-4.62550882015791,0.0,0.13862657222848052,-0.5990172954200637,-1.737965286159923,-0.3914497360802849,-0.12811363976171766,-0.016328207661048675,0.0
4217,0.03508319644785112,-0.06295190694751404,-4.639582741280915,0.0,0.1483194246527012,-0.693812493384151,-1.6347671910801582,-0.2642801379395909,-0.15252272350334137,-0.015263472328817751,0.0
4219,-0.3016380481808416,-0.09538965178640202,-4.706926764010001,0.0,0.27674803454549474,-0.6087710253618372,-1.5536718230839304,-0.39289960760947196,-0.0942313992002894,-0.01612980841912959,0.0
4222,0.043745891056698016,-0.10311672032092298,-4.581185318575334,0.0,0.5410640314930791,-0.4710461213886323,-1.6704338982472968,0.026089069150704573,-0.11414092124584055,-0.016889856955261427,0.0
4223,0.2030028702009007,0.09200562430204134,-4.480110670390948,0.0,0.4686141520955101,-0.647064259681261,-1.756738027550487,-0.3978295550040839,-0.129099971179158,-0.01656895409143134,0.0
4225,-0.2220038927491245,-0.05084714264898559,-5.292001977532489,0.0,-0.8753385702205584,-0.6391543629162829,-1.7392202001612855,0.017572357687799897,-0.1047813852969082,-0.024882614304874665,0.0
4226,-0.04820765719133727,0.11454580074827658,-4.600833952025493,0.0,0.47743091601255766,-0.6434634895980008,-1.7186125839387125,-0.29548134608399323,-0.1301576466583007,-0.01656895409143134,0.0
4230,0.046189862964717734,-0.219662536008715,-4.818999453772495,0.0,-0.5328588821019343,-0.6098894759473222,-1.315681647882192,-0.05601694512602677,-0.14362820821644087,-0.016502512615693236,0.0
4239,-0.3578458403611357,-0.09647825061485592,-4.835559088295393,0.0,-0.1893821554167431,-0.5484896424020921,-1.5107518239239688,-0.42604552914110744,-0.10453592814170372,-0.018138205387483855,0.0
4252,-0.42299101735495515,-0.41880311770950324,-4.759807068008045,0.0,0.8448910551877636,-0.5556511454428479,-1.9721794939858746,-0.5522856958460789,-0.0991663404332977,-0.016023256255873884,0.0
4255,-0.32395995757679136,-0.08465180661462718,-5.053710585258059,0.0,-0.07924081622350013,-0.4656449885203281,-1.6722332761066567,-0.10259966442686026,-0.1169454761301275,-0.024655942767124156,0.0
4256,-0.5828127252473936,-0.3081299512599198,-4.7228852069041,0.0,-0.5335452332092805,-0.6188931771769751,-1.4614859640304034,-0.19710558638098405,-0.13698825189670102,-0.016635490655938896,0.0
4259,0.034027141243448064,-0.0831167546705879,-4.619350457832149,0.0,0.3493164420421058,-0.7000411331923353,-1.7242444298988233,-0.26417268997787785,-0.15026865492744687,-0.015263472328817751,0.0
4262,-0.009754255356929248,0.17785480614982804,-4.711239489726991,0.0,0.11697585266422596,-0.5598278070266702,-1.7115711072346205,-0.3123221811488605,-0.1281777049126886,-0.01656895409143134,0.0
4264,-0.3860120481363042,0.0197554350769081,-4.67748575378937,0.0,-0.35737741249020794,-0.5459781407446165,-1.6833711403501028,-0.1436796520283165,-0.1352207761412233,-0.015790532080362712,0.0
4271,-0.03257983815717035,-0.05831719914103985,-4.873752515272092,0.0,-0.32617783407867434,-0.7315012608809945,-1.5943110871060364,-0.3491262225386569,-0.09526058362123474,-0.016951155629748846,0.0
4274,-0.2340481351190585,-0.2307561537646768,-5.120114039015379,0.0,-1.1460503754031812,-0.7515988202075607,-1.824549847459761,0.47257057068784103,-0.10855303679095511,-0.025555867553689743,0.0
4278,0.04139921311005438,-0.056371981319180864,-4.789073405095874,0.0,-0.3405762904999252,-0.6735977904029874,-1.5992300774576056,-0.24955907923300308,-0.15347897531889773,-0.015833295497789137,0.0
4282,-0.01792761046072765,-0.042120188427053534,-4.664131179439911,0.0,0.06957483980694001,-0.31870716141647876,-3.000428144938959,-0.49590234814680645,-0.08199016594879602,-0.015788244941499215,0.0
4285,0.6339994458669506,-0.018233993470062583,-4.775496381081847,0.0,-0.48263676260067817,-0.5032350055806931,-2.671940034294715,-0.03761111965906604,-0.08143162999326813,-0.016912867596039056,0.0
4287,0.004802053601286543,-0.05199463759699603,-4.876088501661281,0.0,-0.3356993836932638,-0.6367373360406392,-2.65729433714785,-0.18026198709425126,-0.10434341240350031,-0.015833295497789137,0.0
4288,0.14954352799830864,0.15972769610120258,-4.561224885970052,0.0,-0.3499888196852746,-0.43326458960113096,-2.6867764501041984,0.034935663715266185,-0.1018497833559496,-0.01597883406655267,0.0
4294,-0.2830514948362923,-0.03698478658526327,-5.116297016998494,0.0,-0.08855304720833942,-0.4153826035069185,-2.7008100845893277,-0.0835093710367154,-0.07790820004618856,-0.024655942767124156,0.0
4295,-0.18742531702139614,-0.034976915251319456,-5.326083009186804,0.0,-0.7471894673764216,-0.5833284767423045,-2.691830998557563,-0.01942383836459486,-0.06849915421876725,-0.024882614304874665,0.0
4297,0.1263904222881829,0.14368223710851852,-4.651151541025794,0.0,0.04799765936741932,-0.5251134594319814,-2.7818129803905234,-0.2600879009574846,-0.09408984970659755,-0.015423549819079885,0.0
4299,-0.0009338913483604615,0.1494607240363123,-4.921274321127565,0.0,-0.2859665368675113,-0.48260907054368574,-2.6721696234306105,-0.21852923713487007,-0.0892104591128214,-0.01713877726040272,0.0
4302,0.018452425035966925,0.17889960768829946,-5.1207516062934095,0.0,-0.5381403259559587,-0.33111416594629944,-2.667970751941166,-0.13281377951389045,-0.08057055717197029,-0.016967140702376354,0.0
4303,-0.5253759642358267,-0.2596468984387652,-4.797430182750752,0.0,-0.5451814673329971,-0.5765395104827307,-2.4806194897034004,-0.16308462963968318,-0.09117796861017938,-0.016982877087666524,0.0
4306,-0.11820506730257811,0.09847403295002292,-5.30903151128669,0.0,-0.8920161368040734,-0.5434073575562419,-2.720221940235953,-0.018113856565979206,-0.06767165229703329,-0.023774772878453587,0.0
4311,0.17164706657635057,-0.004124010314957516,-4.844063323908709,0.0,-0.1457736230316589,-0.46532845019282326,-2.801981878866823,-0.17213133743370101,-0.08767429743496612,-0.015898886199419347,0.0
4318,0.006770239499948686,-0.06381989957792394,-4.919279668648442,0.0,-0.2632222018277618,-0.47544300484461305,-2.665403761408347,-0.3541014438413126,-0.07027084537229535,-0.017645326139610326,0.0
4320,0.318043941029489,0.03140575971859902,-4.546658661759689,0.0,0.07120342751161626,-0.31743960671158716,-2.9437710529108934,-0.35813336619893116,-0.08282468009428293,-0.015321976846194008,0.0
4329,-0.17132960101313743,-0.07284159706644633,-4.277260098292454,0.0,-0.03430539484081518,-0.513901904616131,-3.026976269610382,-0.5694276741655651,-0.06156384288686628,-0.01612980841912959,0.0
4331,-0.6061944690662758,-0.034287001196993995,-4.268531014858563,0.0,1.67977568939538,-0.3761716080220568,-2.780689195124192,-0.15255400564100144,-0.08223385527441046,-0.015375668332048105,0.0
4335,0.36394501265825746,0.1685836425629444,-5.00932901760507,0.0,-0.5001190285175627,-0.24409441968733755,-2.7274307804644544,-0.12250700924836012,-0.08025876034093285,-0.022330043993210896,0.0
4337,-0.06731692378919168,-0.901685615001076,-4.956086276891416,0.0,-0.2919339685331977,-0.562838626162523,-2.2217569584023735,-0.43030519188861893,-0.04869307048867928,-0.018493597634840438,0.0
4343,0.13704485917553672,-0.04012544911339197,-5.113034444039077,0.0,-0.9132781804940792,-0.41934978854998384,-2.6849756089867896,0.10675468002548598,-0.07124367241791249,-0.022651258991199963,0.0
4347,0.2294411154980062,0.12552253801783342,-4.659373804032643,0.0,-0.3119047543828516,-0.41959055130953243,-2.7340847349548953,-0.259952460002197,-0.08740821937379488,-0.015423549819079885,0.0
4348,-0.2891616865922008,-0.04052365462948645,-5.123616543969185,0.0,-0.08834891891370691,-0.417787966978495,-2.6965871888778365,-0.06816244624567813,-0.07805204718193912,-0.024661167406466712,0.0
4349,-0.21654726875142566,0.045917364805558164,-4.033396249885851,0.0,-0.30354987888820706,-0.433225228471772,-2.8429998284318163,-0.18387405355700934,-0.08692042269086891,-0.015186808676200658,0.0
4350,0.013148108479563454,-0.062435978925980004,-4.752508931467859,0.0,-0.011007437968062604,-0.6590516502534601,-2.6824640750670583,-0.16933770300068193,-0.105625644186493,-0.015263472328817751,0.0
4351,-0.20920553529277372,0.045633117969359926,-3.970600056227756,0.0,-0.2801982625402263,-0.44159350235886435,-2.786492408856729,-0.1887680402320278,-0.08360683216448964,-0.015790532080362712,0.0
4352,0.019931663177186153,-0.015751000139326378,-4.937764508597859,0.0,-0.33245978063441306,-0.7071218737121502,-2.6713626989753663,-0.33985930392668023,-0.06742270832813635,-0.016951155629748846,0.0
4353,-0.0380403444947007,-0.42598372162297865,-5.278634087454941,0.0,-1.0002665058217222,-0.6050085163492492,-2.6278272455302156,-0.06059220767170019,-0.07285674945158649,-0.02360772285260858,0.0
4358,-0.002603337699513539,-0.9177525498936028,-5.055007905866844,0.0,-1.1342539429436664,-0.6032142552308764,-2.3773973911798763,0.5126120281620808,-0.06493117333774757,-0.018916722469439616,0.0
4360,-0.15994988681597597,-0.12075982390113364,-3.7834889912126184,0.0,1.2171536346707452,-0.528039803120414,-3.2422048034804667,-0.5727717777578035,-0.05599925779164536,-0.01447093913320659,0.0
4361,-0.027959555369770954,-0.14663578396324542,-4.919040021717327,0.0,-0.6361497583574467,-0.6166087830098796,-2.5654976954503805,-0.14064911498818755,-0.10628381534839212,-0.01635513699426529,0.0
4363,0.3740709150984616,-0.13041888597236007,-4.828241375778258,0.0,-0.5106948652261463,-0.564340479535367,-2.6572031127978946,-0.14726187839410199,-0.08325112465895063,-0.016912867596039056,0.0
4364,-0.3066670896082106,-0.1685791899768308,-5.231002702856618,0.0,-0.3877221456320471,-0.42930455105568416,-2.670306104725154,-0.13233091645778208,-0.08022975596983992,-0.02499692905118654,0.0
4365,-0.0544738885094449,-0.15771024492506697,-5.012028924087077,0.0,-0.10328106735429166,-0.3191365801219858,-2.700190402641193,-0.041397511387339006,-0.07848604957540917,-0.02367502536125034,0.0
4367,-0.003539348801704909,0.17699295255922273,-4.980758206799171,0.0,-0.32561458010343297,-0.38271690907656003,-2.6756448596926994,-0.1694850501232238,-0.08713515262848263,-0.016127758252411927,0.0
4371,-0.20105792511096598,0.03493674446390432,-4.967402685625534,0.0,-0.2953081201903509,-0.5098051237987139,-2.6331644888178647,-0.3926306236376313,-0.07312683942517435,-0.017645326139610326,0.0
4372,0.14850135954501528,0.32598677689058414,-4.5516685170157976,0.0,0.2088451977936746,-0.5328449596322503,-2.825037483279957,-0.2295828041683334,-0.08556642999609902,-0.015423549819079885,0.0
4375,0.047179898931105725,-0.06593984672128286,-4.643035247143941,0.0,0.136769666146676,-0.6619338708749599,-2.7313709639873274,-0.16778249369923778,-0.10661831005641546,-0.015263472328817751,0.0
4380,0.14850135954501528,0.32598677689058414,-4.551650244233194,0.0,0.20874255597522173,-0.5328429058917067,-2.825037483279957,-0.22950048887302807,-0.08556642999609902,-0.015423549819079885,0.0
4381,0.0791706776603195,0.11755304448984567,-5.090304082974073,0.0,-0.5241823400573296,-0.40567107643139305,-2.623732157998307,-0.1533826681067905,-0.08171850808151458,-0.016619754270648726,0.0
4382,-0.18039434587205122,-0.1650556104354681,-4.694675078600782,0.0,-0.3196891138117939,-0.5106876059886004,-2.7184281846538387,-0.35147639868457475,-0.06149690730353939,-0.01700073726453176,0.0
4383,-0.12889141135485946,-0.07630581009084735,-4.997225723835425,0.0,-0.30321650236493985,-0.47219234960482787,-2.6505695920339685,-0.3955046984596401,-0.07918618866952896,-0.017099457364329537,0.0
4384,-0.17844513173392257,-0.05097317471075186,-5.312052864508707,0.0,-0.7484208557500233,-0.5456920097191004,-2.7289686718713844,-0.02236536717747089,-0.06856787065124743,-0.024545459234869588,0.0
4385,0.04714864850235361,-0.0644776673069459,-4.641704280030115,0.0,0.03951011419966032,-0.671117317490044,-2.692816293041194,-0.16911954914015495,-0.10578087428856049,-0.015263472328817751,0.0
4386,-0.437470472977244,-0.0570075613561447,-4.754854473969595,0.0,1.018332189193618,-0.36271363863092354,-2.9024974431599357,-0.07494080322652825,-0.07445933342882353,-0.024655942767124156,0.0
4387,-0.41493364320092047,-0.07693344194988115,-5.01958957866219,0.0,-0.25737350495070704,-0.5522747910008191,-2.6361176083385947,-0.3814425139911234,-0.07524253088082865,-0.017565321976168134,0.0
4388,-0.036637516031906014,-0.206720798119284,-5.1704949307330335,0.0,-0.405971437085333,-0.3502699645222031,-2.7184322408983146,-0.1040474822942837,-0.08049641092949453,-0.02154667788756049,0.0
4389,0.09304261622266935,-0.056757843579275935,-4.701683012223626,0.0,-0.27047042050430753,-0.6301730811753279,-2.6512283874917397,-0.15498252811417232,-0.10669499641118899,-0.015833295497789137,0.0
4390,0.12406690605334518,-0.01943661426942584,-4.708071483977929,0.0,-0.11603986419350075,-0.5096343035742459,-2.6246490040084702,-0.18525112839841232,-0.10722504385500406,-0.01535795911744968,0.0
4391,0.14253791414456038,0.10484022959974308,-4.749850672431876,0.0,-0.16741584522158054,-0.39223205973987096,-2.7117893491621032,-0.23342923578826247,-0.09040909212623664,-0.015423549819079885,0.0
4392,0.016004212725366205,0.20017454749354147,-4.665041946238132,0.0,0.5091097455999871,-0.5098482715777618,-2.8453004834333817,-0.20324977249600054,-0.0851273459562645,-0.01656895409143134,0.0
4393,0.17632037060522435,0.2480647639416832,-4.579311286381439,0.0,0.2165288862288356,-0.5429404495497198,-2.8274125887006964,-0.20308905532633406,-0.08400474293846236,-0.015423549819079885,0.0
4394,-0.26516689763030005,-0.0031256333976093665,-5.132089891559602,0.0,0.1505593016187821,-0.5373396821400206,-2.934792893184641,-0.007863691564277015,-0.0744465111804241,-0.02568612648396499,0.0
4395,0.12406690605334518,-0.01943661426942584,-4.707617631612346,0.0,-0.11663299139526877,-0.5094701111797849,-2.6246529091799857,-0.1852526597611987,-0.10724452487897693,-0.01535795911744968,0.0
4396,0.08005800995480089,-0.013934080772953498,-4.702540342318679,0.0,-0.24625545816665564,-0.6126704678925697,-2.6946272118875694,-0.2666368796075518,-0.10614987908187541,-0.01555164292975289,0.0
4397,-0.06086384775890487,-1.0088746803432724,-5.101972793507145,0.0,-1.0388629912633425,-0.5174396667323937,-2.3955057903059194,0.282830656978922,-0.06425381427211287,-0.024953424481330977,0.0
4398,-0.01021262542836541,-0.06545924336598605,-4.796595377856975,0.0,-0.00892310991291103,-0.49189964876572473,-2.9400787098664836,-0.3892897787786267,-0.07226975253699867,-0.016188224729842462,0.0
4399,-0.20126410900712544,0.47563156505024584,-5.339765702860656,0.0,-0.770044140950268,-0.6248025779257791,-2.9587955288160126,-0.05175541536171057,-0.07041046414028085,-0.021201832295958352,0.0
4403,-0.0008063456861666887,-1.7361983965736212,5.1706459464617485,0.0,-0.0977991685474073,-0.43804695667295795,0.5557595565104597,-0.10285023883828633,0.2787969386296292,-0.025991628936520378,0.0
4404,-0.044184208929189873,-0.1555339109362891,5.260075413986167,0.0,-0.9217173287987817,-0.48459767825270117,0.5316798376446374,-0.09007601136982353,0.29636278642768005,-0.03057313270543826,0.0
4405,-0.1715350120690406,-0.19166304398635725,-5.293416400942262,0.0,-0.21896535532638142,-0.3974733117945695,0.27733933786149245,-0.1377485338559276,0.05639298275837733,-0.023389029810111837,0.0
4406,0.25220382408181574,-0.09678066507030089,5.139638170629301,0.0,0.5646530772864463,-0.17825108265423112,0.8039530120707455,-0.0071769764606877525,0.2939171467133327,-0.02450905273623996,0.0
4409,-0.28595434379695034,-0.2705237072263839,-5.427377450250622,0.0,-0.705714012072391,-0.08998775767660522,0.4349207813201205,-0.25499948959012375,-0.06820907562615518,-0.04015368980748648,0.0
4413,-0.012903248792906274,-0.042384808616664486,5.453822442773824,0.0,-0.4726619915843853,-0.31562124647519835,0.5179032329207159,-0.06851960535234881,0.4986455038854883,-0.0242553106103513,0.0
4418,0.11662968536210018,-0.025050012460183728,5.229677261366445,0.0,0.2664754084972902,-0.02658422895363316,0.7786834471393188,-0.03673135586774879,0.40000231888207716,-0.02091999741031462,0.0
4424,-0.075589661885846,-0.13516196157067617,-5.368797724589427,0.0,-0.6877954157340832,-0.11830790331310694,0.2748336223952179,-0.2412329842354269,0.1048294692566905,-0.040763555505027464,0.0
4425,-0.23415673712969412,-0.25970022806916493,-4.465723311410752,0.0,-0.7969478748526285,-0.36566717280826955,0.7592316037884389,-0.19909941629293457,0.7504982498869835,-0.025569961733657224,0.0
4426,-0.19362089167557492,-0.22671715600030545,-5.413927735848634,0.0,-0.41113431840002634,-0.1087933830237494,0.15645540928673465,-0.16318551428265812,0.0250813832048347,-0.03698875088063233,0.0
4427,-0.4786487795760001,-0.1912560474143912,-5.022857461510529,0.0,-0.05201533083291133,0.0943189081567774,0.6646727065744963,-0.1755457906512071,0.061945779094293316,-0.04224160620941453,0.0
4432,-0.0510538638083686,0.008624813251441073,5.18383366492685,0.0,0.00485911660829639,-0.20958824823431632,0.5507445475620159,-0.02781341834568705,0.5055580375125636,-0.021245986332976398,0.0
4435,-0.06694682238917085,0.09267548418598043,5.3915605569292655,0.0,-0.14977167403206995,0.023864339262942846,0.45321448706359513,-0.11090823132023826,0.2019083502033934,-0.03219205955255948,0.0
4436,-0.10823088296926754,-0.02850686051779824,-4.350530810515894,0.0,0.4850355386731101,-0.11441918581262225,0.8962235951112381,-0.008628663584696333,0.5996081159799388,-0.020496002077641993,0.0
4438,0.38693720397288617,0.0015980278066547809,5.208838337877154,0.0,0.27964383075720806,-0.05230146702736415,0.7594844759080983,-0.020011807598216493,0.41648712258195847,-0.021629853465460203,0.0
4440,-0.43898281202226974,-0.20693145055247084,-4.991510155121016,0.0,-0.6245649611747425,0.11646493440128564,0.4707839184564705,-0.20116115616888008,0.005472996774919734,-0.033907317851414744,0.0
4441,-0.16377237116787333,-0.18362558499370765,-4.803441785075972,0.0,-0.3416863596816393,-0.27628765080330564,0.2996345950479862,-0.24775158793509383,0.08085456123364426,-0.03737775448924178,0.0
4448,-0.30766548022060597,0.021063048173864587,-4.690443371026966,0.0,-0.6824175595422106,-0.35853052822254383,0.5529672040854137,-0.25429091322536346,0.825470219306548,-0.02497058197767715,0.0
4455,-0.3175803840255923,-0.09960875549334092,-4.319824546449695,0.0,-0.07844969816118781,-0.3492855563555476,0.7980486955912136,-0.012280610013447671,0.6690471372624907,-0.021950938694192113,0.0
4460,-0.5145892151074726,0.12090543438430713,-3.8723784738255187,0.0,0.31762835706529974,-0.033787163630737374,1.089479826161245,0.05086121503236447,0.8142139577842176,-0.02150187787026016,0.0
4462,-0.00479803117539821,-0.23821447644993538,-5.14062705209831,0.0,-0.7583196955368716,-0.013306007710634171,0.503751393276377,-0.24866538723663084,0.140488680072552,-0.040522809074644804,0.0
4463,-0.5704192100689873,0.09631230805839527,-3.912412514891188,0.0,0.017267783521856685,-0.1360745221210808,1.0264216874604248,0.06927904206813781,0.7990482911379747,-0.02161235416942567,0.0
4484,-0.16271966028346424,-0.1894340373864696,5.378557001183242,0.0,0.005486238818647378,-0.010345325245436111,0.5276361840281765,-0.14811074169117075,0.15503181583714482,-0.0358513666655016,0.0
4486,-0.4804305448885469,-0.1373368165417209,-4.435980457587592,0.0,-0.20433031572112512,-0.2080784429942585,0.5502040877914285,-0.15241033713054583,0.369033584092349,-0.037215672669684056,0.0
4487,-0.49353224249182165,-0.033774339808589605,-4.616179487235858,0.0,0.10173007904276647,0.28666603307642946,0.41826074569133664,-0.1508631110499686,0.304103876968062,-0.03729762190236336,0.0
4489,-0.046587844482427344,-0.026745023253844626,5.516050376316227,0.0,-0.35925902663883624,0.02938135680747932,0.617046683954675,-0.0973578929681699,0.34840121490859355,-0.04098556820562965,0.0
4493,-0.2552205975449009,-0.2927377760315595,-5.397483613716555,0.0,-0.5598279694223613,0.06298703710065416,0.2778001955576128,-0.15689514630582663,0.08522362832685505,-0.050497217655474505,0.0
4496,-0.4248489672834234,-0.3731723086444013,-4.131912985149113,0.0,0.01478730621855811,-0.2384413552683851,0.8026421339955259,-0.15812204391318382,0.38476471084523145,-0.038110944576994446,0.0
4503,-0.29089028988893706,-0.01691566064778818,-4.658137321059639,0.0,-0.786340516824872,0.06870028337729871,0.3378343099549791,-0.2987240101240421,0.255983787376093,-0.040593277927050975,0.0
4504,-0.6385258972760545,-0.543062957766402,-4.156016984372326,0.0,0.45508700143410985,0.22377907494434934,0.5693697561064546,0.05191253695662664,0.31044633429484425,-0.043534010595814146,0.0
4505,-0.19460911501100459,0.015407081528646723,-4.231739041393833,0.0,-0.7137719539451902,-0.09245130819996036,0.5143645654177589,-0.21416161657694197,0.5518086542402593,-0.04610736418187639,0.0
4508,0.12892183038459057,0.1376005560834398,-4.0001901061904475,0.0,0.2713809963210451,0.22726247246938056,0.45785695984575164,-0.33271735759402876,0.618280282007046,-0.0440291977811033,0.0
4509,-0.2522901330313808,-1.5106664363429474,-4.305201398479165,0.0,-0.09312502083776816,-0.23210145822212416,0.4321795154599534,-0.33101517258908947,0.19039576266978714,-0.04709368713221681,0.0
4512,-0.3098797610959577,-0.08240434829472688,-4.235526294495626,0.0,-0.7089345751000349,-0.11302435020043002,0.6071121629001874,-0.21976411661510944,0.4227494656423371,-0.047287511632049715,0.0
4513,-0.41952541531165555,-0.161071111222755,-3.985369325092989,0.0,0.34700610570377677,0.17126179801933955,0.6061440393136731,0.000910767858403677,0.3822539864771883,-0.04432816841174065,0.0
4516,-0.020890284663035986,-0.36263030678411595,-4.3341545545285705,0.0,-0.42434324199882395,-0.03393785121300139,0.36094683636098623,-0.01959650647053566,0.40455902919305453,-0.05136822412485374,0.0
4520,-0.4343396821254623,-0.8014635198556779,-4.2669084465694755,0.0,-0.6508194942986043,-0.07166696121390219,-0.0945786309984822,-0.17238623569995762,0.7052692851285469,-0.06386183251201703,0.0
